mtllib kageyama.mtl
o Kageyama
v 0.35158280 23.14679337 -1.42515826
v 0.29754758 22.99182510 -1.28772759
v 0.63889354 23.14656639 -1.12991166
v 0.56432629 22.99252319 -1.02513766
v 1.04628527 23.74368477 -0.89152211
v 0.95408767 23.35864449 -0.79201919
v 0.83849394 23.16247749 -0.75973612
v 0.72796506 22.96266556 -0.71076697
v 1.08258224 23.74284172 -0.68410629
v 0.96720695 23.20377350 -0.55959159
v 0.87554455 23.08300591 -0.43908963
v 0.87554455 23.08300591 -0.43908963
v 0.77644712 22.94040108 -0.52659345
v 0.05984074 22.25839043 0.59433103
v 0.05984074 22.25839043 0.59433103
v 0.13226253 22.26526642 0.51197642
v 0.13226253 22.26526642 0.51197642
v 0.22031480 22.29060364 0.35488468
v 0.22031480 22.29060364 0.35488468
v 0.33886784 22.35956764 0.15168750
v 0.33886784 22.35956764 0.15168750
v 0.48233035 22.46108818 -0.09663319
v 0.48233035 22.46108818 -0.09663319
v 0.59024090 22.56674576 -0.22850859
v 0.59024090 22.56674576 -0.22850859
v 0.72402322 22.77966881 -0.32907167
v 0.72402322 22.77966881 -0.32907167
v 0.91706949 24.05974579 0.27930585
v 0.84412956 24.26351547 0.51815397
v 0.80007410 24.06653595 0.51298094
v 0.67714787 24.47050285 0.65566492
v 0.65822190 24.25485992 0.68607771
v 0.61530805 24.05105400 0.68626487
v 0.43989640 24.45291138 0.75417101
v 0.43281192 24.23743439 0.79322445
v 0.41889569 24.02141190 0.80259752
v 0.24472702 24.44878960 0.81935400
v 0.24121220 24.23488426 0.86539328
v 0.21834449 24.02147865 0.86291599
v 0.80969673 22.96907806 -0.35832125
v 0.80969673 22.96907806 -0.35832125
v 0.07304090 22.28864098 0.64920604
v 0.14879602 22.29363441 0.57684106
v 0.23718393 22.31643486 0.41671008
v 0.36184183 22.38458061 0.22023779
v 0.51030803 22.48164749 -0.03785606
v 0.61624241 22.59311485 -0.16827667
v 0.75331593 22.81157494 -0.26297861
v 0.83591890 22.99384308 -0.27288082
v 0.09138125 22.34865952 0.68992072
v 0.17380083 22.35225487 0.62409228
v 0.27178961 22.37622261 0.46541888
v 0.41417357 22.43834686 0.28055370
v 0.55266446 22.52483559 0.02621652
v 0.64329356 22.62224197 -0.10752100
v 0.78180349 22.86472130 -0.19592170
v 0.86529762 23.04127693 -0.23312297
v 0.11037028 22.43962288 0.69322580
v 0.20145136 22.44625854 0.61637062
v 0.30742466 22.45650864 0.48928136
v 0.42495763 22.49464417 0.33939067
v 0.59408230 22.60974884 0.09984156
v 0.69528556 22.72954178 -0.02829780
v 0.80817020 22.94088554 -0.11794631
v 0.88734972 23.10696602 -0.18276092
v 0.72038257 23.36506271 0.47088498
v 0.66803575 23.19076347 0.52747351
v 0.85238582 23.05963516 0.00338900
v 0.92823994 23.22589302 -0.07182214
v 0.80442548 23.18714333 0.37231168
v 0.85288006 23.35119057 0.33716199
v 0.57012767 23.34605789 0.62668216
v 0.52995515 23.17493439 0.65704256
v 0.44419700 23.34507751 0.72996229
v 0.39942828 23.17985344 0.75568891
v 0.27474892 23.37703705 0.80973607
v 0.24570076 23.17680359 0.80645394
v 0.13158524 23.47717094 0.80711913
v 0.13158524 23.47717094 0.80711913
v 0.13289267 23.17068481 0.90017837
v 0.13289267 23.17068481 0.90017837
v 0.58989441 23.00564575 0.55310643
v 0.74187577 22.84589767 0.09349839
v 0.70086437 22.98346710 0.41610444
v 0.45674840 23.02318954 0.67444217
v 0.32608932 23.03313828 0.79179078
v 0.19406444 23.03549194 0.85624284
v 0.10041100 23.03300858 0.89058846
v 0.10041100 23.03300858 0.89058846
v 0.43928659 22.83135605 0.58708853
v 0.61385441 22.68257713 0.20625213
v 0.53149009 22.78885841 0.47078377
v 0.34717387 22.88082123 0.68836993
v 0.23947120 22.91321754 0.78325039
v 0.12989265 22.92458534 0.86141211
v 0.11520326 22.53730583 0.68080145
v 0.20905419 22.52377892 0.62635976
v 0.31300786 22.52162552 0.52902758
v 0.42096430 22.54661369 0.41003764
v 0.34437692 22.74090195 0.63631058
v 0.47839838 22.63509941 0.41436875
v 0.41056579 22.69625092 0.54456204
v 0.27745885 22.79155350 0.72172147
v 0.19486934 22.81981468 0.80902106
v 0.08378309 22.83978653 0.87177771
v 0.10608113 22.61241341 0.71079975
v 0.19319573 22.59074974 0.66463286
v 0.28691775 22.58092690 0.59276402
v 0.38030121 22.59789276 0.50237077
v 0.28772232 22.70449638 0.67852777
v 0.32438344 22.66163063 0.60862678
v 0.23570311 22.74682617 0.75511658
v 0.15801203 22.77800751 0.83112592
v 0.07449228 22.79712677 0.88438267
v 0.09729534 22.68044090 0.74347192
v 0.17402703 22.65542221 0.71433645
v 0.25559220 22.66605377 0.67079276
v 0.24317381 22.68799400 0.69858330
v 0.20447606 22.71472931 0.76881748
v 0.13776058 22.75101852 0.83777040
v 0.06634969 22.76612091 0.88487667
v 0.09628445 22.71323013 0.74249530
v 0.16393107 22.69669342 0.71423715
v 0.21344393 22.69134903 0.64281541
v 0.20647830 22.68873978 0.61966318
v 0.18873793 22.69058800 0.71111143
v 0.13431388 22.71486664 0.77068740
v 0.06560683 22.73027039 0.81441110
v 0.09367001 22.70877457 0.66945702
v 0.15623921 22.69960022 0.63291430
v 0.11262506 23.61408424 0.77667123
v 0.15102404 23.71424484 0.79491967
v 1.07722831 23.81478691 -0.46623883
v 1.07722831 23.81478691 -0.46623883
v 1.05923223 23.87143517 -0.19216213
v 0.92277175 23.94606781 0.25103277
v 0.79143035 23.95577049 0.46270698
v 0.60787392 23.94265556 0.66345590
v 0.42149830 23.89616585 0.78144193
v 0.21981160 23.82782745 0.81662834
v 0.08268374 23.71802330 0.82179934
v 0.04160744 23.61891747 0.80811894
v 0.11680818 23.32882690 0.87320572
v 0.11680818 23.32882690 0.87320572
v 0.03419495 23.48638916 0.86343390
v 0.03419495 23.48638916 0.86343390
v 0.02759910 23.19156265 1.09974790
v 0.04225683 23.33034134 0.98710555
v 0.09391302 23.19664192 1.01521945
v 0.04234505 23.22779846 1.10292554
v 0.07753301 23.10836220 1.00978756
v 0.21598870 22.68748856 0.65109766
v 0.22176844 22.68736649 0.67068911
v 0.06599033 22.74346733 0.85002536
v 0.09417832 22.71378899 0.70555812
v 0.15960306 22.69849396 0.67158812
v 0.19455707 22.69620895 0.74079210
v 0.13604891 22.72930527 0.80440360
v 0.90006167 23.50198364 0.24434486
v 0.94715941 23.66833878 0.15201777
v 0.93782324 23.83485413 0.19212741
v 1.17678320 23.75609779 -0.70460039
v 0.86553365 23.06700516 -0.33902100
v 0.86553365 23.06700516 -0.33902100
v 0.92012763 23.19737053 -0.32859609
v 0.99059170 23.38514709 -0.26892564
v 0.99059170 23.38514709 -0.26892564
v 0.99059170 23.38514709 -0.26892564
v 1.04967403 23.63132095 -0.35437641
v 1.04967403 23.63132095 -0.35437641
v 1.05994821 23.72255325 -0.36614117
v 1.05994821 23.72255325 -0.36614117
v 0.51256204 22.59642601 0.31060013
v 0.51232070 22.54249954 0.21832888
v 0.48806149 22.48054314 0.15522061
v 0.43942457 22.43446541 0.09194521
v 0.41225806 22.41301537 0.02766472
v 0.41225806 22.41301537 0.02766472
v 0.63898587 23.54546356 0.50127321
v 0.55703914 23.52077866 0.56384528
v 0.47484031 23.51111412 0.62180495
v 0.38534918 23.51757050 0.64975446
v 0.30832964 23.54551315 0.68181145
v 0.29657835 23.60145569 0.70314467
v 0.32798082 23.66196251 0.70637524
v 0.68211436 23.78144264 0.47690028
v 0.58647937 23.77826691 0.58388215
v 0.48537481 23.74921036 0.65330344
v 0.39025196 23.70503998 0.69164097
v 0.71248180 23.59519005 0.44404590
v 0.77003586 23.66427994 0.39498883
v 0.76385939 23.75131798 0.38131809
v 0.12301202 24.22993088 0.87598550
v 0.12778521 24.44138336 0.82371950
v 0.11216143 24.01963043 0.86746722
v 0.10141724 23.81531715 0.82801372
v 0.59852064 23.82949638 0.62965399
v 0.47106892 23.79475212 0.71602422
v 0.55703592 23.46974373 0.58743811
v 0.65416700 23.49045944 0.50034022
v 0.35338867 23.73861885 0.75310254
v 0.46454269 23.46376991 0.65893483
v 0.28514999 23.67892265 0.74812406
v 0.36250427 23.48181534 0.70064926
v 0.76727068 23.56940079 0.39415547
v 0.82387096 23.66453552 0.33812639
v 0.26882511 23.52750778 0.72929472
v 0.82186103 23.77463722 0.34414536
v 0.25120515 23.60633659 0.73409003
v 0.71751416 23.83131027 0.49270400
v 1.07408977 23.14419556 -0.60379416
v 1.12416255 23.81133842 -0.61078292
v 0.87822813 22.97824097 -0.41797253
v 1.10884500 23.20309258 -0.59228784
v 1.19669867 23.71724892 -0.69352680
v 1.08886635 23.75994682 -0.46482584
v 1.03053582 23.61128616 -0.85634917
v 0.99963331 23.49230576 -0.82431716
v 1.07785749 23.55600929 -0.72409707
v 1.04367793 23.38311577 -0.68901020
v 1.18054307 23.55703354 -0.75763446
v 1.15958273 23.32339859 -0.73264366
v 1.19357967 23.78531075 -0.72461599
v 1.08312201 23.14300728 -0.62995476
v 1.14366603 23.84077263 -0.62518221
v 0.98241997 23.14822960 -0.41966125
v 0.93078077 23.14772797 -0.32174012
v 0.90988600 23.04310989 -0.33238515
v 1.02235389 23.53464317 -0.38152549
v 1.09236348 23.78697205 -0.48804936
v 1.19216514 23.57404327 -0.78953403
v 1.17980862 23.33014488 -0.76484269
v 1.20766497 23.78577042 -0.71230346
v 1.10372674 23.14300728 -0.62995476
v 1.15920782 23.84077263 -0.61254936
v 0.96968246 23.17446518 -0.37997136
v 0.93951428 23.19836235 -0.40683398
v 1.10959208 23.78697205 -0.48241052
v 1.21101761 23.57404327 -0.78632599
v 1.20010793 23.33014488 -0.76484269
v 1.16024649 23.76341057 -0.60980493
v 0.94379628 23.17212677 -0.44652387
v 1.11689878 23.74356079 -0.50058156
v 1.19892716 23.56485367 -0.73950332
v 1.19163001 23.36015320 -0.71706039
v 1.01186097 23.35444832 -0.43398651
v 1.01186097 23.35444832 -0.43398651
v 0.90600008 22.97824097 -0.41797253
v 1.07785630 23.25662613 -0.59126288
v 1.15616083 23.69192314 -0.68239886
v 1.12442148 23.73133659 -0.61091536
v 1.08826852 23.71808815 -0.51765829
v 1.15571558 23.56550407 -0.71929365
v 1.15098476 23.39072609 -0.69948655
v 0.92558861 23.43660736 -0.53275406
v 0.96106935 23.37832451 -0.45630106
v 0.96106935 23.37832451 -0.45630106
v 0.03344321 23.05297852 0.94845837
v 0.03344321 23.06972313 0.96744996
v 0.05108577 23.05663300 0.94400615
v 0.04295057 23.06992149 0.96593076
v 0.03063154 23.08253670 0.92435902
v 0.03063154 23.09985352 0.94335061
v 0.04827410 23.08619118 0.91990680
v 0.04578364 23.10004997 0.94183141
v 0.48347488 23.77350998 0.67788190
v 0.64592475 23.52211189 0.49976051
v 0.36838061 23.72214890 0.72481346
v 0.30240971 23.67518806 0.72747892
v 0.79431438 23.66323471 0.37036359
v 0.79144180 23.76373482 0.36298692
v 0.69722068 23.80908585 0.48345459
v 0.59489882 23.80615807 0.60154492
v 0.55722594 23.49860191 0.57353061
v 0.47056693 23.49079323 0.63841778
v 0.37599507 23.50199890 0.67128050
v 0.73666203 23.58356667 0.42399970
v 0.29019594 23.53705025 0.70459777
v 0.27727497 23.60321045 0.71818089
v 1.04663801 23.74881744 -0.20279905
v 1.02941036 23.63281631 -0.20485279
v 0.98707223 23.44423676 -0.12201712
v 0.59929234 22.72386742 0.30968589
v 0.75286639 22.89956093 0.17873906
v 0.93279350 23.27613068 0.03117687
v 0.86206669 23.11317062 0.09630336
v 0.04864770 22.68754005 0.75395817
v 0.04673326 22.72090149 0.75549638
v 0.04481840 22.71356201 0.69429868
v 0.04562855 22.72231674 0.72464317
v 0.30012035 23.59855270 0.70732790
v 0.33153278 23.65905762 0.71078366
v 0.59115154 23.77505875 0.59887528
v 0.68519151 23.77866554 0.48041874
v 0.49028236 23.74593925 0.66879994
v 0.39383850 23.70212364 0.69674319
v 0.76693654 23.74854088 0.38469034
v 0.76693654 23.74854088 0.38469034
v 0.76693654 23.74854088 0.38469034
v 0.48577616 23.76377106 0.70055497
v 0.48577616 23.76377106 0.70055497
v 0.37952057 23.71379662 0.72755355
v 0.37952057 23.71379662 0.72755355
v 0.31353134 23.66683960 0.73002428
v 0.31353134 23.66683960 0.73002428
v 0.79451895 23.76095772 0.36747551
v 0.79451895 23.76095772 0.36747551
v 0.70029783 23.79994774 0.48773038
v 0.70029783 23.79994774 0.48773038
v 0.59755415 23.79713440 0.62497497
v 0.59755415 23.79713440 0.62497497
v 0.28033388 23.60043716 0.72262758
v 0.28033388 23.60043716 0.72262758
v 0.85928857 23.98895454 0.41446784
v 0.85929799 23.97357750 0.41452977
v 0.18885988 23.70643997 0.82270598
v 0.23594362 23.77840042 0.82384473
v 0.30220753 23.78648376 0.81391746
v 0.30270261 23.81957436 0.81506145
v 0.37299088 23.86251450 0.80444384
v 0.44484934 23.89759636 0.78115314
v 0.51620626 23.92404366 0.74448085
v 0.58431602 23.94605255 0.70027292
v 0.64691526 23.96841431 0.64154440
v 0.70360851 23.97835159 0.57715976
v 0.75612122 23.98698807 0.51523775
v 0.80736524 23.99138260 0.46102518
v 0.80740589 23.97472572 0.46129194
v 0.75621867 23.96902275 0.51593214
v 0.70367217 23.95953178 0.57821447
v 0.64681482 23.94294739 0.64298975
v 0.58395785 23.92022705 0.70122522
v 0.51562858 23.89692879 0.74514037
v 0.44417301 23.86835670 0.78163046
v 0.37234849 23.83088493 0.80367672
v 0.21081114 22.57896996 -1.18135476
v 0.39817011 22.57840919 -0.94952446
v 0.51651001 22.54971886 -0.66789818
v 0.54666483 22.53421974 -0.51278824
v 0.54973716 22.54309273 -0.38378319
v 0.21741459 22.08982849 -1.18337512
v 0.41234669 22.09052658 -0.95017594
v 0.53191566 22.06425858 -0.67099172
v 0.56734097 22.04964256 -0.50838327
v 0.55055714 22.02156639 -0.36499643
v 0.60358149 22.74830818 -0.68056744
v 0.46790281 22.77816582 -0.96822268
v 0.24670719 22.77746773 -1.20849752
v 0.67210060 22.75408554 -0.38100523
v 0.64377964 22.72604370 -0.51418424
v 0.67071450 22.76659012 -0.35547447
v 0.53285897 22.51815033 -0.30214033
v 0.13369125 22.25690651 0.08170167
v 0.21970138 22.30171013 0.01681548
v 0.30764341 22.36161041 -0.06556480
v 0.40532511 22.42495155 -0.16631262
v 0.21741460 21.63086700 -0.05277368
v 0.31513080 21.88446617 -0.08035801
v 0.41234669 21.94669151 -0.16274099
v 0.49784288 21.99188232 -0.26924729
v 0.55767179 22.54148293 -0.26602960
v 0.27162021 22.33166313 0.07905295
v 0.16293135 22.28182030 0.20674028
v 0.35435557 22.38282776 -0.02201591
v 0.43729472 22.43366241 -0.12987828
v 0.52709574 22.26432800 -0.36836225
v 0.50774187 22.28894997 -0.67099172
v 0.39360693 22.31881714 -0.95017594
v 0.20753384 22.31811905 -1.18337512
v 0.39360693 22.17899132 -0.16226125
v 0.20753385 22.05709076 -0.08925921
v 0.54155719 22.26818466 -0.50838327
v 0.49937332 22.23722267 -0.28951678
v 0.30080917 22.11721039 -0.07027704
v 0.07935471 21.93990898 0.01909924
v 0.50659269 22.41425896 -0.29735518
v 0.30000141 22.29835129 -0.07248304
v 0.12162508 22.20871353 -0.03537413
v 0.39756843 22.35884666 -0.16922143
v 0.20759724 22.24840355 -0.06170069
v 0.27944928 21.69759750 -1.22622538
v 0.53000116 21.72282219 -0.95017594
v 0.66555721 21.75299263 -0.67099172
v 0.68014371 21.74690628 -0.50838327
v 0.65717870 21.72037315 -0.36499643
v 0.27944928 21.35057640 0.00956490
v 0.42452511 21.49590492 -0.07984980
v 0.52906448 21.61734772 -0.16274099
v 0.61452186 21.68317986 -0.26924729
v 0.56517428 21.47795677 -1.18620682
v 0.93465269 21.56306458 -0.95017594
v 0.99282336 21.59664154 -0.67099172
v 1.04186320 21.59120941 -0.50838327
v 0.99823326 21.56022644 -0.36499643
v 0.56517428 21.20594406 0.01054438
v 0.73490030 21.36731529 -0.08035801
v 0.81343955 21.45591927 -0.16274099
v 0.89680231 21.52159309 -0.26924729
v 0.16897905 22.67787933 0.71903181
v 0.09678990 22.69866180 0.74772865
v 0.04769048 22.70627785 0.75947231
v 0.21344393 22.69202042 0.36625472
v 0.20647830 22.68684578 0.34310248
v 0.18873793 22.73323822 0.43455073
v 0.13431388 22.77412033 0.49412671
v 0.06560683 22.81400108 0.53785044
v 0.09367001 22.64906693 0.39289632
v 0.15623921 22.65807533 0.35635361
v 0.04481840 22.64779663 0.41773799
v 0.04623991 25.34711647 -0.71876967
v 0.09070293 25.27780151 -0.97579867
v 0.13168015 25.16648674 -1.21267748
v 0.16759697 25.01668358 -1.42030382
v 0.19707325 24.83414841 -1.59069824
v 0.21897593 24.63073730 -1.71731305
v 0.23286337 24.44033813 -1.79526234
v 0.24020721 24.25575447 -1.83610678
v 0.09070293 25.34711647 -0.70326066
v 0.17792012 25.27780151 -0.94537652
v 0.25829989 25.16648674 -1.16851187
v 0.32875332 25.01668358 -1.36409140
v 0.38657296 24.83414841 -1.52459979
v 0.42953679 24.63073730 -1.64386773
v 0.45668036 24.44038391 -1.71730566
v 0.47091439 24.25611877 -1.75621176
v 0.13168027 25.34711647 -0.67807543
v 0.25829989 25.27780151 -0.89597404
v 0.37499323 25.16648674 -1.09679031
v 0.47727582 25.01668358 -1.27280736
v 0.56121701 24.83414841 -1.41726089
v 0.62362510 24.63073730 -1.52445555
v 0.66323668 24.44040871 -1.59016299
v 0.68512243 24.25632286 -1.62618375
v 0.16759716 25.34711647 -0.64418179
v 0.32875344 25.27780151 -0.82948929
v 0.47727585 25.16648674 -1.00026965
v 0.60745686 25.01668358 -1.14996004
v 0.71439177 24.83414841 -1.27248836
v 0.79443139 24.63073730 -1.36180043
v 0.84540409 24.44040871 -1.41495633
v 0.87434906 24.25632858 -1.44501758
v 0.19707339 25.34711647 -0.60288233
v 0.38657314 25.27780151 -0.74847752
v 0.56121701 25.16648674 -0.88265884
v 0.71435738 25.01668358 -1.00009441
v 0.84104007 24.83414841 -1.09426546
v 0.93855274 24.63073730 -1.15868950
v 1.00754130 24.44040871 -1.19443464
v 1.04393315 24.25632858 -1.21441650
v 0.21897620 25.34711647 -0.55576414
v 0.42953703 25.27780151 -0.65605175
v 0.62359095 25.16648674 -0.74847740
v 0.79387015 25.01668358 -0.82884634
v 0.92806864 24.83153915 -0.88494956
v 1.04055572 24.63237190 -0.92222178
v 1.11372042 24.44119072 -0.94089150
v 1.14859056 24.27424240 -0.94732112
v 0.23246394 25.34711647 -0.50463778
v 0.45599407 25.27780151 -0.55576402
v 0.66200054 25.16648674 -0.60288221
v 0.84070915 25.01668358 -0.64331824
v 0.97817326 24.83153915 -0.66758776
v 1.08766866 24.63237190 -0.67995352
v 1.14621806 24.44119072 -0.68569535
v 1.18314767 24.27424240 -0.68245101
v 0.23701811 25.34711647 -0.45146826
v 0.46492749 25.27780151 -0.45146838
v 0.67496997 25.16648674 -0.45146838
v 0.85375911 25.01668358 -0.45086360
v 0.99006844 24.83153915 -0.44518185
v 1.09478283 24.63237190 -0.43644542
v 1.14049363 24.44119072 -0.43629825
v 1.16881502 24.27424240 -0.43622974
v 0.22811477 25.34711647 -0.36905563
v 0.44746292 25.27780151 -0.28981030
v 0.64961529 25.16648674 -0.21677721
v 0.82642943 25.01668358 -0.15272650
v 0.96606600 24.83153915 -0.10405788
v 1.07010734 24.63261414 -0.05104610
v 1.11170208 24.44448090 -0.03682330
v 0.19707339 25.34711647 -0.30005428
v 0.38657311 25.27780151 -0.15445921
v 0.56121701 25.16648674 -0.02027798
v 0.71427953 25.01668358 0.09733286
v 0.84532684 24.83414841 0.20152578
v 0.94221336 24.63138962 0.29620290
v 0.97736484 24.44475174 0.33997157
v 1.02528512 24.27520752 0.31413680
v 0.16759710 25.34711647 -0.25875485
v 0.32875338 25.27780151 -0.07344744
v 0.47727579 25.16648674 0.09733286
v 0.60746056 25.01668358 0.24702293
v 0.72102630 24.83418846 0.37903106
v 0.79931295 24.63681221 0.50400215
v 0.84349328 24.45535088 0.58622569
v 0.13168015 25.34711647 -0.22486129
v 0.25829989 25.27780151 -0.00696278
v 0.37499315 25.16648674 0.19385350
v 0.47727567 25.01661873 0.36997378
v 0.56351078 24.83314514 0.51898384
v 0.64752030 24.62954140 0.65308672
v 0.68503118 24.43906975 0.72712463
v 0.70017952 24.26887131 0.77215576
v 0.09070293 25.34711647 -0.19967595
v 0.17792004 25.27780151 0.04243979
v 0.25829977 25.16648674 0.26557481
v 0.32875320 25.01645279 0.46152633
v 0.38659659 24.83187485 0.62531537
v 0.43143827 24.62419891 0.74803841
v 0.46147069 24.43411064 0.81352395
v 0.47408453 24.30423164 0.82624364
v 0.04915798 25.34711647 -0.18449749
v 0.09642681 25.27780151 0.07221341
v 0.13998991 25.16648674 0.30879956
v 0.17817329 25.01636696 0.51667833
v 0.20950958 24.83117104 0.69098246
v 0.23189569 24.62159538 0.80680168
v 0.24187052 24.42527008 0.86472714
v 0.11364013 24.42444611 0.89328039
v 0.10956950 24.62140274 0.83083963
v 0.02708539 25.34768677 -0.17895159
v 0.04557135 25.27780151 0.08056590
v 0.06615940 25.16648674 0.32092535
v 0.08420487 25.01636696 0.53211093
v 0.09901442 24.83108711 0.70941728
v 0.28933913 23.76197815 0.86616343
v 0.25419962 23.92327309 0.91999888
v 0.16448455 23.73673630 0.90540552
v 0.15159208 23.89952850 0.93479878
v 0.13946879 24.01429558 0.94993085
v 0.24269238 24.10460472 0.92267573
v 0.33317354 23.94746017 0.87890840
v 0.37458462 24.08356476 0.88207513
v 1.08232629 24.09846878 0.21314114
v 0.89978099 23.67998886 0.23235647
v 0.72319263 24.11066628 0.75123310
v 0.63104498 23.77330017 0.67332655
v 0.97311491 23.86659813 0.27816358
v 1.10454142 23.77464867 -0.45296052
v 1.04143918 23.50540161 -0.20408176
v 0.96883506 23.27482605 -0.26986128
v 1.05688941 24.18626022 0.27262035
v 0.88170743 24.01691818 0.60159355
v 0.91577625 23.87011147 0.40336925
v 0.52654773 24.15624619 0.84113359
v 0.55845767 24.05957413 0.82105321
v 0.60048276 23.91611481 0.76714009
v 1.07287359 23.63947868 -0.15500890
v 1.08066964 23.79193497 -0.03192732
v 1.10388184 23.94490623 0.09392489
v 1.00413084 23.73318863 0.17093000
v 1.02447879 23.58021736 0.04722893
v 0.99573135 23.42776108 -0.10952121
v 0.20127398 23.68460274 -1.80446196
v 0.41082862 23.70121193 -1.73496103
v 0.60854691 23.72179794 -1.62010598
v 0.78533292 23.74293327 -1.44623375
v 0.94617313 23.75872803 -1.21750355
v 1.09014225 23.75872803 -0.94267869
v 1.07928395 23.73241234 -0.70710164
v 1.10335922 23.83185577 -0.59562624
v 1.12988806 23.91382980 -0.69961882
v 1.15565681 24.07004547 -0.68855202
v 1.16670859 24.07869720 -0.49804693
v 1.14488077 23.92714882 -0.54842031
v 0.21621963 23.86891747 -1.83135176
v 0.22380328 24.04434013 -1.84246302
v 0.44551912 24.05366516 -1.76653671
v 0.43316618 23.88099670 -1.75767255
v 0.65347350 24.06236076 -1.63801622
v 0.63709044 23.89355087 -1.63296270
v 1.10916924 23.90523338 -0.94248646
v 1.12818706 24.06720543 -0.94743657
v 0.99537736 23.90455246 -1.21974325
v 1.01763034 24.06720543 -1.22491121
v 0.82470107 23.90273666 -1.45222497
v 0.84565896 24.06719017 -1.45695949
v 1.02893102 23.44043541 -0.29416168
v 1.11941969 24.05849075 -0.02518096
v 1.10297370 23.83672333 -0.13627353
v 1.10122049 23.69925117 -0.25383919
v 0.03505409 23.50778580 0.84234542
v 0.17648172 23.40997505 -1.69770598
v 0.37417036 23.42845917 -1.64613914
v 0.56108928 23.46086311 -1.55299425
v 0.72903591 23.51388359 -1.41155744
v 0.88143671 23.54711723 -1.21202660
v 1.01857197 23.55137253 -0.96330333
v 1.07899797 23.59189606 -0.75108010
v 0.14877297 23.09245491 -1.50509405
v 0.33229515 23.11551285 -1.49407029
v 0.52030784 23.16907883 -1.43086624
v 0.68299115 23.23154259 -1.31139445
v 0.82923990 23.28356552 -1.14372134
v 0.96058029 23.29866982 -0.91787416
v 1.03132689 23.34159088 -0.70698065
v 0.10485941 22.91212654 -1.37555575
v 0.27241188 22.93848038 -1.37230539
v 0.43853360 22.97675896 -1.22488952
v 0.50007463 23.00088310 -1.12405705
v 0.64997852 22.98593521 -1.01402307
v 0.83875513 23.06832695 -0.79013050
v 0.93646717 23.12996292 -0.62792152
v 0.64982778 22.80352211 -0.88458008
v 0.20959714 22.78734589 -1.38138938
v 0.37508529 22.76521683 -1.20388579
v 0.48211008 22.78873634 -1.13261890
v 0.53391051 22.81157875 -1.07446694
v 1.13555157 24.28643227 -0.08285519
v 0.85816103 24.28663826 0.61750948
v 0.23224789 24.23654747 0.90541917
v 0.11599138 24.23654747 0.92984104
v 1.08258224 23.83961296 -0.68410629
v 1.07722831 23.91156006 -0.46623883
v 0.70284307 15.60912704 0.46389228
v 0.70284307 15.60912704 0.46389228
v 0.17694926 15.71688461 -1.82955337
v 0.17694926 15.71688461 -1.82955337
v 0.57136714 15.68552780 -1.90140343
v 0.57136714 15.68552780 -1.90140343
v 0.96477699 15.64167309 -1.79418802
v 0.96477699 15.64167309 -1.79418802
v 1.22182930 15.61064339 -1.65871978
v 1.22182930 15.61064339 -1.65871978
v 1.19072664 15.57814598 0.25931472
v 1.19072664 15.57814598 0.25931472
v 1.60163903 15.54568291 -1.32336307
v 1.60163903 15.54568291 -1.32336307
v 1.60163903 15.54568291 -1.32336307
v 1.60163903 15.54568291 -1.32336307
v 1.73546219 15.51237869 -0.93565232
v 1.73546219 15.51237869 -0.93565232
v 1.77042067 15.51199055 -0.57106209
v 1.77042067 15.51199055 -0.57106209
v 1.69002914 15.54060364 -0.31050891
v 1.69002914 15.54060364 -0.31050891
v 1.52439296 15.55428600 0.01819009
v 1.52439296 15.55428600 0.01819009
v 1.52439296 15.55428600 0.01819009
v 1.52439296 15.55428600 0.01819009
v 0.72019017 15.23252487 0.51357085
v 0.22617674 15.34017754 -1.93481088
v 0.63443971 15.30896759 -2.00789475
v 1.04172409 15.26529884 -1.89129877
v 1.30695105 15.23439789 -1.74805999
v 1.27403474 15.20179653 0.30072492
v 1.69086671 15.16962624 -1.35214210
v 1.69086671 15.16962624 -1.35214210
v 1.83521867 15.13633823 -0.94619679
v 1.87112105 15.13595390 -0.55330169
v 1.78811371 15.16453266 -0.28069478
v 1.61407447 15.17813492 0.05670315
v 1.61407447 15.17813492 0.05670315
v 0.18506038 11.52091026 -0.23577982
v 0.42418623 11.59510803 0.28920871
v 0.82883799 11.62508869 0.67588538
v 2.05686760 11.64339542 0.21921474
v 2.05686760 11.64339542 0.21921474
v 2.20372701 11.64339542 -0.19809598
v 2.26176357 11.64339542 -0.60792094
v 2.25720334 11.64339542 -0.94962949
v 2.14867735 11.64339542 -1.35924339
v 2.14867735 11.64339542 -1.35924339
v 1.71974170 11.64339542 0.61874563
v 1.81070662 11.64339542 -1.69105768
v 1.56364787 11.64339542 -1.83101130
v 1.12933886 11.64339542 -1.94277692
v 1.59904993 15.42098522 -1.32389569
v 1.59904993 15.42098522 -1.32389569
v 0.57176769 15.56083012 -1.91761994
v 0.17777586 15.59218788 -1.84364581
v 0.70319307 15.48443031 0.46383137
v 1.73360753 15.38768101 -0.93565083
v 1.76844609 15.38729286 -0.57102650
v 1.68818295 15.41590595 -0.31048220
v 0.96472329 15.51697540 -1.80921149
v 1.52212131 15.42958832 0.01819009
v 1.52212131 15.42958832 0.01819009
v 1.19047368 15.45344830 0.25927907
v 1.22147655 15.48594666 -1.67245913
v 0.32122445 15.00342941 -2.04554200
v 1.36578596 14.84126377 0.35278398
v 1.71724653 14.81742859 0.10865933
v 1.71724653 14.81742859 0.10865933
v 1.42301309 14.87377357 -1.77248001
v 1.16725600 14.90478516 -1.95827746
v 0.76473069 14.85647202 0.53231770
v 1.79306114 14.80883503 -1.36681962
v 1.79306114 14.80883503 -1.36681962
v 0.75996017 14.94861126 -2.10383725
v 1.94671631 14.77553177 -0.94791311
v 1.98298323 14.77514458 -0.53734565
v 1.89760637 14.80375481 -0.23536217
v 0.73292667 14.34214687 0.53759843
v 0.38064969 14.59187317 -2.12138391
v 0.84313011 14.58014870 -2.15221620
v 1.26809084 14.54201889 -1.97510743
v 1.51554787 14.51099014 -1.79124141
v 1.41818917 14.47386265 0.39743620
v 1.87881184 14.44602871 -1.38031363
v 1.87881184 14.44602871 -1.38031363
v 2.04662704 14.41272449 -0.94962949
v 2.08411980 14.41233635 -0.53340769
v 1.99295747 14.44094944 -0.21861631
v 1.80194068 14.45463181 0.14969140
v 1.80194068 14.45463181 0.14969140
v 0.74497151 11.64339542 -1.87909555
v 0.73524696 13.82401180 0.63478059
v 0.22228026 13.64437962 -2.02830768
v 0.83743703 14.11278534 -2.07952452
v 1.31147671 14.14062881 -1.92291617
v 1.55728543 14.11207390 -1.73998809
v 1.45666277 14.05564022 0.44801146
v 1.93258750 14.05228996 -1.35884404
v 1.93258750 14.05228996 -1.35884404
v 2.10447264 14.02164078 -0.94962949
v 2.14235020 14.02128410 -0.53340769
v 2.04916096 14.04761600 -0.21553707
v 1.85494483 14.06020737 0.17643529
v 1.85494483 14.06020737 0.17643529
v 1.08394682 11.64321804 0.77234286
v 0.10589622 12.70715809 0.32255033
v 0.05627549 12.52312469 -0.20404342
v 0.04743791 12.43426418 -0.68726730
v 0.04743791 12.43426418 -0.68726730
v 0.07535315 12.65020657 -1.19517350
v 0.10101628 13.08943272 -1.61068630
v 0.87566602 13.13701153 0.72047609
v 0.57983470 12.86081505 -1.81607723
v 0.95732170 13.18802357 -1.87310290
v 1.38266575 13.40293694 -1.76133752
v 1.64284289 13.41250992 -1.62549520
v 1.54623497 13.36977005 0.56513268
v 2.02516341 13.41250992 -1.32283688
v 2.02516341 13.41250992 -1.32283688
v 2.18096828 13.41250992 -0.94399738
v 2.21948385 13.41250992 -0.53340310
v 2.12886858 13.41250992 -0.20265597
v 1.93853188 13.41250992 0.21544951
v 1.93853188 13.41250992 0.21544951
v 0.63125730 12.94923782 0.66551894
v 0.27781105 12.46665955 0.31605390
v 0.12875438 12.20744133 -0.23932487
v 0.10281456 12.04510689 -0.68726730
v 0.10281456 12.04510689 -0.68726730
v 0.14697862 12.16881084 -1.17706680
v 0.24522889 12.48099995 -1.52818203
v 0.41565239 12.65131950 0.53830099
v 0.52901125 13.19259453 -1.90733576
v 0.90624410 13.56875420 -1.96145391
v 0.12240839 12.31479359 -0.24126434
v 0.10147905 12.13189793 -0.68726730
v 0.10147905 12.13189793 -0.68726730
v 0.80423075 13.40721035 0.69155020
v 0.49021900 13.14474392 0.66571814
v 1.98359799 13.69745064 -1.34217739
v 1.98359799 13.69745064 -1.34217739
v 2.15397930 13.68212509 -0.94857502
v 0.22500682 12.64788818 0.30764392
v 2.19227457 13.68194675 -0.53340769
v 0.21039116 12.69528770 -1.57129526
v 2.09977961 13.69511223 -0.20792001
v 1.34654272 13.73810673 -1.83077407
v 0.13289785 12.24835396 -1.18628550
v 1.90487969 13.70140839 0.19512993
v 1.90487969 13.70140839 0.19512993
v 1.49909544 13.66237831 0.51413113
v 1.60963881 13.72734165 -1.67246771
v 0.33535194 12.88018608 0.56753659
v 0.09968233 11.51826000 -0.68726730
v 0.09968233 11.51826000 -0.68726730
v 0.23845875 11.55330467 -1.18356681
v 0.37020516 11.61400032 -1.56165481
v 0.58115804 11.60824108 0.50158590
v 0.55429137 11.94923019 0.53556687
v 0.49055588 12.42657089 0.53372043
v 2.10718560 12.93877316 -1.32283688
v 2.10718560 12.93877316 -1.32283688
v 2.14166856 12.14311409 -1.34790730
v 2.14166856 12.14311409 -1.34790730
v 0.27971768 12.24087906 -1.52818203
v 0.35024011 11.90673542 -1.55009913
v 1.71097171 12.14306068 0.61215454
v 1.63859200 12.93814659 0.59288329
v 0.16483974 11.95451164 -1.17706680
v 0.21757889 11.75725365 -1.18356681
v 0.08295631 11.70191765 -0.68726730
v 0.08295631 11.70191765 -0.68726730
v 0.09981656 11.89638424 -0.68726730
v 0.09981656 11.89638424 -0.68726730
v 1.73962831 12.94097900 -1.62549520
v 1.80805612 12.14429283 -1.64911437
v 1.55866075 12.14439869 -1.78750777
v 1.48117948 12.94167614 -1.76133752
v 0.31997621 12.22713184 0.31671923
v 0.39122319 11.90680027 0.32197350
v 0.73274827 12.10515213 -1.83842874
v 0.64790726 12.62290096 -1.81607723
v 1.03378654 12.85817909 -1.87310290
v 1.11967909 12.14443874 -1.89927363
v 1.06366920 12.08716965 0.76768309
v 0.96719116 12.74543858 0.75139409
v 0.71926296 12.58678246 0.69326383
v 0.81095177 12.04357338 0.69490165
v 2.23907375 12.93812656 -0.94399738
v 2.25811648 12.14298153 -0.94962949
v 2.26698947 12.94014168 -0.53337300
v 2.26892614 12.14301968 -0.60792094
v 2.18839049 12.93818474 -0.19124991
v 2.20740652 12.14307404 -0.18755466
v 0.14393926 11.97611046 -0.22637767
v 0.15829718 11.72434616 -0.22488320
v 2.02774239 12.93859482 0.23701698
v 2.02774239 12.93859482 0.23701698
v 2.05785275 12.14335251 0.24150127
v 2.05785275 12.14335251 0.24150127
v 0.18743587 11.28968620 -0.23747581
v 0.42296755 11.31588840 0.29131001
v 0.82569128 11.31740284 0.68072051
v 2.04686832 11.31740284 0.21953636
v 2.04686832 11.31740284 0.21953636
v 2.19266582 11.31740284 -0.19997174
v 2.25659776 11.31740284 -0.74626499
v 2.24569345 11.31740284 -1.00840521
v 2.13812685 11.31740284 -1.42130518
v 2.13812685 11.31740284 -1.42130518
v 1.71175003 11.31740284 0.62277943
v 1.80200398 11.31740284 -1.75578141
v 1.55624485 11.31740284 -1.89685750
v 1.12431061 11.31740284 -2.00951982
v 0.74218583 11.31740284 -1.94532752
v 1.07932186 11.31740284 0.77733570
v 0.10326898 11.28865433 -0.69278061
v 0.10326898 11.28865433 -0.69278061
v 0.23988605 11.31451416 -1.24421930
v 0.36931515 11.31740284 -1.62534022
v 0.57932925 11.31739235 0.50516158
v 2.25441360 11.31740284 -0.46859604
v 0.33418381 21.55471039 -1.42682743
v 0.33418381 21.55471039 -1.42682743
v 0.33418381 21.55471039 -1.42682743
v 0.62294984 21.58314705 -1.22980475
v 0.62294984 21.58314705 -1.22980475
v 0.80679107 21.64186096 -1.05907655
v 0.93344378 21.73738670 -0.58312964
v 0.93344378 21.73738670 -0.58312964
v 0.84637356 21.59287834 -0.24345559
v 0.67087209 21.33074760 0.01036495
v 0.33418393 20.99407768 0.22743124
v 0.56202972 21.67563057 -1.15722799
v 0.60778129 21.43956757 -0.02034289
v 0.28888679 21.15041733 0.13075918
v 0.87329078 21.75201035 -0.58331084
v 0.78788233 21.63522530 -0.24419844
v 0.76149392 21.69259644 -1.04020143
v 1.04905784 21.14838219 -1.50334454
v 1.21143854 21.51613998 -1.10370445
v 1.33809125 21.60876083 -0.57492775
v 1.33809125 21.60876083 -0.57492775
v 1.25102091 21.46420670 -0.16986984
v 1.07551944 20.94139862 0.18851608
v 1.45656407 20.90018463 -1.64961386
v 1.67543507 21.43433571 -1.09554172
v 1.80222631 21.47362328 -0.53150320
v 1.80222631 21.47362328 -0.53150320
v 1.71503282 21.32744598 -0.12843210
v 1.49108827 20.46441269 0.24701720
v 1.74911094 20.61413193 -1.67663622
v 2.02027345 21.24063683 -1.12436414
v 2.12945795 21.26927567 -0.51692140
v 2.12945795 21.26927567 -0.51692140
v 2.02574348 21.11188889 -0.09382206
v 1.76004720 20.05464172 0.16178197
v 0.77019715 21.47824097 -0.09375781
v 0.70970941 21.55009842 -0.11644089
v 1.17484450 21.23709679 0.03832740
v 1.63868308 20.98177910 0.09351712
v 1.98921144 20.75043869 0.11743289
v 2.03436828 20.39745712 -1.59392333
v 2.03436828 20.39745712 -1.59392333
v 0.78033137 20.47312164 0.50776273
v 2.40503001 20.86724472 -1.20517278
v 2.40503001 20.86724472 -1.20517278
v 2.54969215 20.86638069 -0.52327645
v 2.54969215 20.86638069 -0.52327645
v 2.54969215 20.86638069 -0.52327645
v 2.46042347 20.67364120 -0.04916698
v 2.46042347 20.67364120 -0.04916698
v 1.87341034 19.78146172 0.11058432
v 1.87341034 19.78146172 0.11058432
v 2.24383259 20.36526299 0.06625992
v 2.24383259 20.36526299 0.06625992
v 1.07571769 19.87748528 0.55469280
v 0.54134560 19.31533051 0.64493304
v 1.31408012 19.40456581 0.47715312
v 0.71197629 18.72723389 0.59347337
v 1.32710636 19.05785370 0.42259699
v 0.74873745 18.40405273 0.56716889
v 0.77725691 20.83774948 -1.70426250
v 1.23944831 20.53305244 -1.77202296
v 1.55306983 20.25318146 -1.72322416
v 1.75535882 19.96291924 -1.61019397
v 1.75535882 19.96291924 -1.61019397
v 0.18622565 20.19156647 -1.93604302
v 0.62929881 20.00449562 -1.92952752
v 1.09144711 19.81180000 -1.99734163
v 1.38359249 19.63512802 -1.88631678
v 0.18622565 19.20773697 -1.95008302
v 0.61838281 19.16808701 -1.91981149
v 1.04617476 19.06304359 -1.89644861
v 1.30878055 18.88637161 -1.76951218
v 1.66878223 19.04309273 -1.43168521
v 1.66878223 19.04309273 -1.43168521
v 1.68727183 19.45623779 -0.95377427
v 1.72646093 18.87578201 -0.97000241
v 1.67335331 19.46292114 -0.45665455
v 1.76061499 18.85097694 -0.52590609
v 1.71445251 19.51283836 -0.13353199
v 1.72311294 18.93687057 -0.21286058
v 1.25578439 18.36652184 0.37675780
v 1.64231789 19.02137947 0.02945191
v 1.64231789 19.02137947 0.02945191
v 1.63558674 18.45564651 -1.34610987
v 1.63558674 18.45564651 -1.34610987
v 1.71987426 18.34253883 -0.94648689
v 1.75601685 18.29799271 -0.54041743
v 1.71707213 18.33672333 -0.23330438
v 1.59728968 18.34124565 0.00451261
v 1.59728968 18.34124565 0.00451261
v 0.72696078 17.98150826 0.51568979
v 0.18302119 18.11275291 -1.85104060
v 0.59097326 18.05790901 -1.79381919
v 0.99788284 18.01405334 -1.75225759
v 1.26375568 17.98302460 -1.61772680
v 1.23158586 17.95052719 0.35827357
v 1.61977518 17.91806412 -1.34610987
v 1.61977518 17.91806412 -1.34610987
v 1.69241047 17.88475990 -0.94648689
v 1.72855306 17.88437271 -0.54041743
v 1.68960834 17.91298485 -0.23330438
v 1.56982589 17.92666626 0.00451261
v 1.56982589 17.92666626 0.00451261
v 2.25573587 19.87527657 -1.55426192
v 2.71967244 20.07386017 -1.14067841
v 2.86940956 20.09050369 -0.66585612
v 2.71316743 19.95523453 -0.19938542
v 1.92415082 19.38677025 0.04257971
v 2.38294268 19.73947144 0.08667165
v 1.83979118 19.60330582 -1.54108047
v 1.71625555 19.27766991 -1.02603221
v 1.66393685 19.26945877 -0.40478402
v 1.71809256 19.31801605 -0.01869684
v 2.35872316 19.56788254 -1.55796075
v 2.75854421 19.68649483 -1.24123311
v 2.96993804 19.70812607 -0.75749499
v 2.79825330 19.59189987 -0.32217675
v 1.99276316 19.10795021 0.07510430
v 2.43905640 19.40654755 0.07890731
v 1.97566497 19.32610703 -1.50021505
v 1.75046146 19.02029037 -0.97220248
v 1.70011032 19.01220703 -0.42360914
v 1.74972665 19.05500984 -0.04950190
v 2.17742062 18.53337860 -1.47333813
v 2.53410840 18.58527946 -1.44609594
v 2.86859775 18.63395119 -1.09882426
v 2.90587282 18.63937569 -0.49130553
v 2.30486846 18.55192375 0.07653326
v 2.68313670 18.60696602 -0.02051884
v 1.93078256 18.49748993 -1.32511902
v 1.83350611 18.48333549 -0.96049756
v 1.83350611 18.48333549 -0.96049756
v 1.87239814 18.48899460 -0.42902440
v 1.94446850 18.49948120 -0.01016456
v 0.72696078 17.07862091 0.51568979
v 0.18302119 17.20986557 -1.85104060
v 0.59097326 17.15502167 -1.79381919
v 0.99788284 17.11116600 -1.75225759
v 1.26375568 17.08013725 -1.61772680
v 1.23158586 17.04763985 0.35827357
v 1.61977518 17.01517677 -1.34610987
v 1.61977518 17.01517677 -1.34610987
v 1.69241047 16.98187256 -0.94648689
v 1.72855306 16.98148346 -0.54041743
v 1.68960834 17.01009750 -0.23330438
v 1.56982589 17.02377892 0.00451261
v 1.56982589 17.02377892 0.00451261
v 0.33418381 21.61977959 -1.32952929
v 0.56111419 21.54581261 -1.18078232
v 0.60403121 21.39861679 -0.03831387
v 0.30489361 21.10946846 0.10849541
v 0.85309100 21.71105957 -0.58528775
v 0.77297407 21.59427452 -0.25580961
v 0.67334270 21.65164566 -1.02919793
v 0.46655643 21.90481567 -1.20561624
v 0.59141648 21.57380295 -0.05598551
v 0.29345310 21.22309113 0.16210181
v 0.74183249 21.91317368 -0.58528775
v 0.73109686 21.83152390 -0.23232955
v 0.59820974 21.93316269 -1.05846190
v 0.61865580 21.55280876 -1.37311482
v 1.04569566 21.31938171 0.03582627
v 0.86959332 20.98251724 0.27128226
v 1.11903548 21.71998024 -0.59130859
v 1.11457050 21.61674309 -0.29472554
v 0.92936993 21.63140106 -1.04415226
v 0.68332350 21.84705162 -1.05345750
v 0.85041982 21.86503220 -0.58739334
v 0.48008287 21.80113220 -1.26419425
v 0.72126156 21.50424767 -0.02387679
v 0.84148300 21.77583313 -0.25415093
v 0.48277688 21.15085793 0.19349855
v 1.00574255 21.77240753 -0.59078652
v 0.54742301 21.68096542 -1.30326772
v 0.90858120 21.39726257 -0.00000304
v 1.00489295 21.67701721 -0.26875323
v 0.72718847 21.02055359 0.21290070
v 0.80879140 21.73860550 -1.05011940
v 0.88897663 20.98763657 0.26527959
v 0.74217194 16.45086670 0.51568979
v 0.18685079 16.58211136 -1.89066148
v 0.60333908 16.52726746 -1.86046457
v 1.01876283 16.48341179 -1.81826258
v 1.29019892 16.45238304 -1.66065431
v 1.25735593 16.50436974 0.35827357
v 1.67144430 16.38742256 -1.34610987
v 1.67144430 16.38742256 -1.34610987
v 1.79179585 16.35411835 -0.94648689
v 1.82877827 16.48649025 -0.54041743
v 1.75425076 16.51510429 -0.23330438
v 1.60267341 16.52878571 0.00451261
v 1.60267341 16.52878571 0.00451261
v 0.78163326 16.13488197 0.56845325
v 0.19678569 16.26222420 -2.01261973
v 0.63541853 16.20683289 -2.02443480
v 1.07293046 16.16259956 -1.93828988
v 1.35879886 16.13374710 -1.75222349
v 1.32420957 16.10324478 0.40141565
v 1.77276385 16.06825829 -1.40714097
v 1.77276385 16.06825829 -1.40714097
v 1.91659641 16.03307915 -0.98309290
v 1.95545721 16.03280258 -0.55220413
v 1.86891401 16.06274796 -0.22632003
v 1.69173157 16.07868767 0.02603251
v 1.69173157 16.07868767 0.02603251
v 0.76933676 15.69762230 0.55891782
v 0.19368982 15.82606602 -1.98041844
v 0.62542236 15.77078915 -1.99155450
v 1.05605137 15.72657585 -1.90577674
v 1.33742249 15.69701576 -1.72365379
v 1.30337739 15.66600037 0.39468211
v 1.74540734 15.63152695 -1.38353729
v 1.74540734 15.63152695 -1.38353729
v 1.88796949 15.59686089 -0.96660227
v 1.92621887 15.59653473 -0.54294133
v 1.84035122 15.62610626 -0.22252369
v 1.66645825 15.64151669 0.02559584
v 1.66645825 15.64151669 0.02559584
v 0.71699440 15.55044079 0.54992205
v 0.18051207 15.65671349 -1.95309401
v 0.58287132 15.62477684 -1.96262431
v 0.98420215 15.58020592 -1.87668848
v 1.24642992 15.54947472 -1.69880199
v 1.21470118 15.51813507 0.38832968
v 1.62905800 15.48370361 -1.36126924
v 1.62905800 15.48370361 -1.36126924
v 1.76273787 15.44979477 -0.95104474
v 1.79838502 15.44943428 -0.53420269
v 1.71795249 15.47858620 -0.21894217
v 1.55308282 15.49318314 0.02518386
v 1.55308282 15.49318314 0.02518386
v 2.66021442 13.89679146 -0.59642410
v 2.93140721 13.93347263 -1.08618760
v 2.64861012 13.89522362 -0.84019721
v 3.07517409 13.95291710 -0.62925541
v 3.05950856 13.95079803 -0.90552622
v 2.70238566 13.90249729 -0.50924748
v 2.84589744 13.92190742 -0.38094941
v 2.84589744 13.92190742 -0.38094941
v 2.78572607 13.91376972 -1.07765341
v 2.78572607 13.91376972 -1.07765341
v 2.70661306 13.90306759 -0.99613255
v 2.50902081 18.73787308 -1.40928030
v 2.82464218 18.77705002 -1.09671307
v 2.85144758 18.78037643 -0.53231794
v 2.18172646 18.69724655 -1.42428350
v 1.96326709 18.67012787 -1.28094769
v 1.87525702 18.65920448 -0.96387613
v 1.87525702 18.65920448 -0.96387613
v 1.89619052 18.66180229 -0.45650464
v 1.98647022 18.67300797 -0.15058929
v 2.56294584 17.90492439 -1.37461996
v 2.85141158 17.96081734 -1.07682633
v 2.87274885 17.97397423 -0.53910726
v 2.26434731 17.86791611 -1.38891387
v 2.26434731 17.86791611 -1.38891387
v 2.06543422 17.85049629 -1.25235319
v 1.98424518 17.86368561 -0.95026791
v 2.00270867 17.86597824 -0.46687734
v 2.08502460 17.85159111 -0.17542094
v 2.66363478 17.22765923 -1.28233099
v 2.89242148 17.31239700 -1.02906322
v 2.91720915 17.37310791 -0.58182466
v 2.37031722 17.19625473 -1.29448771
v 2.37031722 17.19625473 -1.29448771
v 2.20223212 17.20038033 -1.17834544
v 2.07889962 17.25395203 -0.92142743
v 2.10127354 17.24932098 -0.53502238
v 2.18684840 17.21497154 -0.40277997
v 2.68537831 17.09086990 -1.27988029
v 2.93378973 17.18452644 -1.01778388
v 2.96131396 17.24245071 -0.58822376
v 2.37883520 17.05805016 -1.29161859
v 2.37883520 17.05805016 -1.29161859
v 2.21049023 17.06627083 -1.16192818
v 2.07831717 17.11990547 -0.91401023
v 2.10306740 17.11313820 -0.54491407
v 2.19538641 17.07892799 -0.41780582
v 2.70502210 16.92020416 -1.27988029
v 2.96508932 17.00996780 -1.01778388
v 2.99414682 17.06513596 -0.58604944
v 2.40230322 16.88777351 -1.29161859
v 2.40230322 16.88777351 -1.29161859
v 2.23196530 16.89369392 -1.16192818
v 2.09699845 16.94626045 -0.91385245
v 2.12258816 16.93997574 -0.53997856
v 2.21818399 16.90481567 -0.41344014
v 2.79023719 16.21252441 -1.27988029
v 3.07511950 16.24467468 -1.01778388
v 3.11037660 16.24874496 -0.57826787
v 2.46868324 16.17791176 -1.29161859
v 2.46868324 16.17791176 -1.29161859
v 2.29344487 16.15980911 -1.16192818
v 2.16374707 16.14674377 -0.91385245
v 2.18979931 16.14934731 -0.52603692
v 2.28373694 16.15882111 -0.38734874
v 2.83653307 15.46142483 -1.24008846
v 3.07684588 15.48748493 -0.99789840
v 3.10622573 15.49067116 -0.59176391
v 2.56337452 15.43180466 -1.25093508
v 2.56337452 15.43180466 -1.25093508
v 2.41498041 15.41571331 -1.13109493
v 2.30596304 15.40389252 -0.90186065
v 2.32772636 15.40625191 -0.54349995
v 2.40704250 15.41485214 -0.41534525
v 2.88785172 14.51505756 -1.13413477
v 3.05375266 14.53540993 -0.94136041
v 3.07403493 14.53789806 -0.61809283
v 2.69927526 14.49192429 -1.14276838
v 2.69927526 14.49192429 -1.14276838
v 2.59683084 14.47935867 -1.04737973
v 2.52157044 14.47012520 -0.86491811
v 2.53659534 14.47196865 -0.57967639
v 2.59135103 14.47868538 -0.47767004
v 2.97625136 13.49559307 -1.15944934
v 3.11986732 13.51096916 -0.92989546
v 3.13778186 13.51288700 -0.61279005
v 2.89595151 13.48699665 -0.32778302
v 2.89595151 13.48699665 -0.32778302
v 2.83194757 13.48014259 -1.12746382
v 2.83194757 13.48014259 -1.12746382
v 2.75968671 13.47240734 -1.03389382
v 2.70541286 13.46659565 -0.85491049
v 2.71868348 13.46801662 -0.57510608
v 2.76229191 13.47268486 -0.47504428
v 3.07675147 13.73525810 -0.60778147
v 2.74270082 13.69427967 -0.48681763
v 2.86150503 13.70885277 -0.35749763
v 2.86150503 13.70885277 -0.35749763
v 2.80506706 13.70193005 -1.05975127
v 2.80506706 13.70193005 -1.05975127
v 2.74297976 13.69431400 -0.97758096
v 3.06177640 13.73342228 -0.88625294
v 2.69333458 13.68822384 -0.82040364
v 2.93952703 13.71842575 -1.09848356
v 2.70442438 13.68958473 -0.57468867
v 2.70830011 13.29824734 -0.88919312
v 2.75799108 13.30356693 -1.10187054
v 2.88816118 13.30592632 -0.15701161
v 2.88816118 13.30592632 -0.15701161
v 2.99014235 13.32842159 -1.20299196
v 3.13667393 13.34411049 -0.97829413
v 2.67826462 13.29503059 -0.55671513
v 2.83014345 13.31129265 -1.21305513
v 2.83014345 13.31129265 -1.21305513
v 3.15458798 13.34602833 -0.60149336
v 2.67679214 13.27171993 -0.21836294
v 2.78058767 13.10043240 -0.92256510
v 3.02797055 13.02425861 -0.06615325
v 3.00520515 13.12448215 -1.28946567
v 2.67295027 13.08890915 -0.53382421
v 2.84881902 13.10773849 -1.30123210
v 2.84881902 13.10773849 -1.30123210
v 3.15960741 13.14101219 -0.58617985
v 2.64065742 13.08545208 -0.17535172
v 2.76441550 13.09870243 -1.17123222
v 3.14278698 13.13921261 -1.02674413
v 2.84198380 12.73631001 -0.94400489
v 2.89545870 12.40442562 -0.94481707
v 3.01084208 12.66263771 -0.13203557
v 3.03293848 12.40809345 -0.21297880
v 3.03196192 12.75664806 -1.34502101
v 3.05414629 12.51321602 -1.32170153
v 2.77626538 12.72927284 -0.51911795
v 2.86704350 12.37785912 -0.54549766
v 2.89468813 12.74195290 -1.35788131
v 2.89468813 12.74195290 -1.35788131
v 2.92797899 12.50253105 -1.33378816
v 2.92797899 12.50253105 -1.33378816
v 3.16749358 12.77115917 -0.57634169
v 3.18703389 12.40899181 -0.59927809
v 2.72401285 12.72367859 -0.36717281
v 2.86622071 12.38295078 -0.40269595
v 2.85992002 12.48143768 -1.20025063
v 2.82011390 12.73396873 -1.21579385
v 2.94146776 12.40126228 -0.23463003
v 2.94146776 12.40126228 -0.23463003
v 2.92052436 12.54981899 -0.15507324
v 2.92052436 12.54981899 -0.15507324
v 3.16651750 12.47628117 -1.05183077
v 3.15272880 12.76957798 -1.05787063
v 2.81035566 12.96946144 0.17480437
v 2.81035566 12.96946144 0.17480437
v 2.72819281 12.91833019 0.17480437
v 2.95463967 12.84146881 0.09568182
v 2.69308996 12.81346512 0.09568182
v 2.86200166 12.59182739 -0.04700991
v 2.86200166 12.59182739 -0.04700991
v 2.93346214 12.65686226 -0.04700991
v 2.77759933 12.64017487 -0.04700991
v 2.82466102 12.53117657 0.42660680
v 2.82466102 12.53117657 0.42660680
v 2.78029275 12.51325512 0.40529457
v 2.90860105 12.49927807 0.36045066
v 2.75953627 12.47957325 0.35439244
v 2.84366131 12.41399097 0.23370759
v 2.84366131 12.41399097 0.23370759
v 2.88269687 12.43602657 0.26259658
v 2.79151559 12.42626381 0.26259658
v 2.82838845 12.49416637 0.45865443
v 2.82838845 12.49416637 0.45865443
v 2.78402019 12.47624493 0.43734220
v 2.91232872 12.46226597 0.39249840
v 2.76326370 12.44256306 0.38644007
v 2.84738922 12.37698269 0.26575539
v 2.84738922 12.37698269 0.26575539
v 2.88642454 12.39901638 0.29464439
v 2.79524302 12.38925552 0.29464439
v 2.83397889 12.34936333 0.59657139
v 2.83397889 12.34936333 0.59657139
v 2.78984308 12.33031845 0.57340401
v 2.90813184 12.30791759 0.51666719
v 2.76970744 12.29363441 0.51753610
v 2.85541081 12.22042751 0.38423946
v 2.85541081 12.22042751 0.38423946
v 2.89411426 12.24406433 0.41577581
v 2.80287647 12.23457718 0.41623190
v 2.84398270 12.17844582 0.71177596
v 2.84398270 12.17844582 0.71177596
v 2.79928803 12.16209984 0.69307250
v 2.91582012 12.14818859 0.65037519
v 2.77765775 12.13263988 0.64915341
v 2.85956502 12.07778168 0.54620272
v 2.85956502 12.07778168 0.54620272
v 2.89906573 12.09756565 0.57136959
v 2.80796504 12.08741665 0.57072800
v 2.86938739 12.09489059 0.69203621
v 2.86938739 12.09489059 0.69203621
v 2.86247897 12.12926960 0.72695404
v 2.86247897 12.12926960 0.72695404
v 2.83738780 12.11973000 0.71586496
v 2.90687084 12.10647392 0.68237704
v 2.82679415 12.10057735 0.68670970
v 2.87887311 12.06084919 0.61340839
v 2.87887311 12.06084919 0.61340839
v 2.90066481 12.07288361 0.62910146
v 2.83958268 12.06850719 0.63260382
v 2.98368382 12.06076336 -0.50522596
v 2.91049457 12.16884422 -0.42722607
v 2.97383690 12.17846489 -0.24486481
v 2.97383690 12.17846489 -0.24486481
v 3.05488920 12.18547440 -0.22122364
v 3.14408493 12.19897747 -0.25328112
v 3.16431618 12.10547066 -0.36213145
v 3.10104394 12.07495499 -0.49547610
v 3.10104394 12.07495499 -0.49547610
v 2.95106649 12.04775143 -0.76003599
v 2.95106649 12.04775143 -0.76003599
v 2.92582679 12.13957119 -0.60474777
v 3.20314169 12.16956425 -0.64800918
v 3.13458133 12.06464291 -0.82197976
v 2.99685574 12.16173458 -1.09628534
v 2.91159296 12.19489574 -0.94304532
v 3.18823886 12.12739468 -0.92563742
v 3.14254498 12.23141766 -1.09399247
v 3.14254498 12.23141766 -1.09399247
v 2.97379994 12.32773399 -1.29485202
v 2.97379994 12.32773399 -1.29485202
v 2.91370773 12.29898834 -1.18217421
v 3.08581042 12.33651638 -1.27753592
v 3.03623319 11.69079113 -0.50522596
v 2.99246001 11.68610477 -0.45483735
v 3.00622678 11.68757915 -0.31641093
v 3.00622678 11.68757915 -0.31641093
v 3.05724883 11.69303989 -0.23299633
v 3.12334132 11.70011711 -0.23871912
v 3.17610550 11.70576668 -0.31481361
v 3.18014598 11.70619774 -0.40944931
v 3.12727690 11.70053673 -0.49547610
v 3.12727690 11.70053673 -0.49547610
v 3.06180644 11.49442768 -0.79068673
v 3.06180644 11.49442768 -0.79068673
v 3.01469207 11.48938370 -0.71091348
v 3.02343202 11.49031925 -0.61579216
v 3.05952168 11.49418259 -0.54021990
v 3.16220164 11.50517654 -0.52806544
v 3.16220164 11.50517654 -0.52806544
v 3.22336364 11.51172447 -0.59741533
v 3.22152042 11.51152706 -0.71677220
v 3.16180611 11.50513458 -0.79527557
v 3.05758548 11.74002171 -1.06219649
v 3.01009512 11.73493767 -0.99651933
v 3.00811410 11.73472691 -0.88821840
v 3.05604839 11.73985767 -0.81717181
v 3.05604839 11.73985767 -0.81717181
v 3.15237212 11.75017071 -0.82197976
v 3.19307113 11.75452805 -0.87960160
v 3.20361018 11.75565624 -0.97167325
v 3.15348721 11.75028992 -1.05561924
v 3.15348721 11.75028992 -1.05561924
v 3.03087139 11.96279716 -1.28927541
v 3.03087139 11.96279716 -1.28927541
v 2.99122167 11.95855236 -1.23320889
v 2.98418951 11.95780087 -1.15351796
v 3.02850938 11.96254444 -1.09628534
v 3.11779904 11.97210407 -1.09027338
v 3.11779904 11.97210407 -1.09027338
v 3.15006638 11.97556019 -1.14244223
v 3.13913536 11.97438812 -1.23075485
v 3.09490943 11.96965313 -1.28959894
v 3.04271173 11.65770531 -0.50522596
v 3.00015068 11.65314770 -0.45483735
v 3.01353574 11.65458012 -0.31641093
v 3.01353574 11.65458012 -0.31641093
v 3.06314540 11.65989304 -0.23299633
v 3.12740731 11.66677189 -0.23871912
v 3.17870998 11.67226601 -0.31481361
v 3.18263817 11.67268467 -0.40944931
v 3.13123345 11.66718102 -0.49547610
v 3.13123345 11.66718102 -0.49547610
v 3.06837058 11.46135139 -0.79068673
v 3.06837058 11.46135139 -0.79068673
v 3.02256107 11.45644569 -0.71091348
v 3.03105903 11.45735455 -0.61579216
v 3.06614900 11.46111298 -0.54021990
v 3.16598487 11.47180080 -0.52806544
v 3.16598487 11.47180080 -0.52806544
v 3.22545266 11.47816849 -0.59741533
v 3.22366047 11.47797585 -0.71677220
v 3.16560006 11.47175980 -0.79527557
v 3.06394100 11.70692158 -1.06219649
v 3.01776600 11.70197868 -0.99651933
v 3.01583982 11.70177269 -0.88821840
v 3.06244683 11.70676327 -0.81717181
v 3.06244683 11.70676327 -0.81717181
v 3.15610266 11.71678925 -0.82197976
v 3.19567418 11.72102642 -0.87960160
v 3.20592117 11.72212410 -0.97167325
v 3.15718651 11.71690655 -1.05561924
v 3.15718651 11.71690655 -1.05561924
v 3.03693628 11.92966747 -1.28927541
v 3.03693628 11.92966747 -1.28927541
v 2.99838448 11.92553902 -1.23320889
v 2.99154735 11.92480755 -1.15351796
v 3.03463960 11.92942142 -1.09628534
v 3.12145615 11.93871689 -1.09027338
v 3.12145615 11.93871689 -1.09027338
v 3.15282941 11.94207382 -1.14244223
v 3.14220214 11.94093704 -1.23075485
v 3.09920073 11.93633461 -1.28959894
v 3.04241848 11.62938595 -0.50522596
v 2.99864483 11.62469959 -0.45483735
v 3.01241159 11.62617207 -0.31641093
v 3.01241159 11.62617207 -0.31641093
v 3.06343389 11.63163567 -0.23299633
v 3.12952685 11.63871193 -0.23871912
v 3.18229032 11.64435959 -0.31481361
v 3.18633080 11.64479256 -0.40944931
v 3.13346171 11.63913345 -0.49547610
v 3.13346171 11.63913345 -0.49547610
v 3.06799173 11.43302250 -0.79068673
v 3.06799173 11.43302250 -0.79068673
v 3.02087736 11.42797756 -0.71091348
v 3.02961683 11.42891502 -0.61579216
v 3.06570649 11.43277740 -0.54021990
v 3.16838646 11.44377041 -0.52806544
v 3.16838646 11.44377041 -0.52806544
v 3.22954845 11.45031834 -0.59741533
v 3.22770572 11.45012093 -0.71677220
v 3.16799068 11.44372940 -0.79527557
v 3.06377029 11.67861748 -1.06219649
v 3.01627994 11.67353344 -0.99651933
v 3.01429939 11.67331982 -0.88821840
v 3.06223321 11.67845154 -0.81717181
v 3.06223321 11.67845154 -0.81717181
v 3.15855742 11.68876457 -0.82197976
v 3.19925666 11.69312286 -0.87960160
v 3.20979500 11.69425011 -0.97167325
v 3.15967202 11.68888474 -1.05561924
v 3.15967202 11.68888474 -1.05561924
v 3.03705668 11.90139294 -1.28927541
v 3.03705668 11.90139294 -1.28927541
v 2.99740648 11.89714813 -1.23320889
v 2.99037433 11.89639378 -1.15351796
v 3.03469419 11.90113926 -1.09628534
v 3.12398386 11.91069889 -1.09027338
v 3.12398386 11.91069889 -1.09027338
v 3.15625095 11.91415405 -1.14244223
v 3.14532089 11.91298389 -1.23075485
v 3.10109472 11.90824795 -1.28959894
v 3.07027507 11.27962780 -0.49758461
v 3.02899313 11.27520752 -0.45006427
v 3.04197693 11.27659702 -0.31951794
v 3.04197693 11.27659702 -0.31951794
v 3.09009409 11.28174782 -0.24085177
v 3.15242434 11.28842163 -0.24624883
v 3.20218515 11.29374886 -0.31801152
v 3.20599508 11.29415703 -0.40726000
v 3.15613556 11.28881931 -0.48838970
v 3.15613556 11.28881931 -0.48838970
v 3.09602427 11.00990295 -0.78335500
v 3.09602427 11.00990295 -0.78335500
v 3.05159187 11.00514603 -0.70812297
v 3.05983400 11.00602818 -0.61841643
v 3.09386921 11.00967312 -0.54714620
v 3.19070387 11.02004051 -0.53568369
v 3.19070387 11.02004051 -0.53568369
v 3.24838424 11.02621651 -0.60108578
v 3.24664617 11.02602959 -0.71364814
v 3.19033074 11.02000141 -0.78768265
v 3.09137487 11.32883263 -1.05504799
v 3.04658771 11.32403660 -0.99310958
v 3.04471970 11.32383633 -0.89097381
v 3.08992505 11.32867718 -0.82397175
v 3.08992505 11.32867718 -0.82397175
v 3.18076563 11.33840275 -0.82850575
v 3.21914792 11.34251118 -0.88284755
v 3.22908688 11.34357548 -0.96967787
v 3.18181729 11.33851433 -1.04884529
v 3.18181729 11.33851433 -1.04884529
v 3.05705190 11.62115383 -1.28366232
v 3.05705190 11.62115383 -1.28366232
v 3.01965952 11.61714935 -1.23078728
v 3.01302767 11.61643887 -1.15563297
v 3.05482411 11.62091446 -1.10165834
v 3.13903093 11.62993050 -1.09598851
v 3.13903093 11.62993050 -1.09598851
v 3.16946149 11.63318825 -1.14518762
v 3.15915275 11.63208389 -1.22847295
v 3.11744452 11.62761974 -1.28396726
v 3.07516336 11.23109627 -0.49758461
v 3.03388166 11.22667408 -0.45006427
v 3.04686499 11.22806549 -0.31951794
v 3.04686499 11.22806549 -0.31951794
v 3.09498286 11.23321629 -0.24085177
v 3.15731263 11.23988914 -0.24624883
v 3.20707321 11.24521637 -0.31801152
v 3.21088314 11.24562550 -0.40726000
v 3.16102386 11.24028778 -0.48838970
v 3.16102386 11.24028778 -0.48838970
v 3.10091233 10.96137047 -0.78335500
v 3.10091233 10.96137047 -0.78335500
v 3.05647993 10.95661354 -0.70812297
v 3.06472206 10.95749569 -0.61841643
v 3.09875751 10.96113968 -0.54714620
v 3.19559216 10.97150612 -0.53568369
v 3.19559216 10.97150612 -0.53568369
v 3.25327277 10.97768402 -0.60108578
v 3.25153446 10.97749710 -0.71364814
v 3.19521904 10.97146797 -0.78768265
v 3.09626341 11.28030014 -1.05504799
v 3.05147624 11.27550602 -0.99310958
v 3.04960775 11.27530479 -0.89097381
v 3.09481311 11.28014469 -0.82397175
v 3.09481311 11.28014469 -0.82397175
v 3.18565392 11.28987122 -0.82850575
v 3.22403598 11.29397964 -0.88284755
v 3.23397470 11.29504395 -0.96967787
v 3.18670535 11.28998375 -1.04884529
v 3.18670535 11.28998375 -1.04884529
v 3.06193995 11.57262135 -1.28366232
v 3.06193995 11.57262135 -1.28366232
v 3.02454758 11.56861782 -1.23078728
v 3.01791573 11.56790638 -1.15563297
v 3.05971289 11.57238197 -1.10165834
v 3.14391947 11.58139801 -1.09598851
v 3.14391947 11.58139801 -1.09598851
v 3.17434955 11.58465576 -1.14518762
v 3.16404104 11.58355236 -1.22847295
v 3.12233329 11.57908821 -1.28396726
v 3.11254644 10.82613945 -0.48708555
v 3.07468820 10.82208633 -0.44350639
v 3.08659458 10.82336044 -0.32378682
v 3.08659458 10.82336044 -0.32378682
v 3.13072205 10.82808685 -0.25164485
v 3.18788266 10.83420658 -0.25659433
v 3.23351598 10.83909130 -0.32240540
v 3.23701072 10.83946514 -0.40425208
v 3.19128585 10.83456993 -0.47865328
v 3.19128585 10.83456993 -0.47865328
v 3.13853717 10.55644131 -0.77328151
v 3.13853717 10.55644131 -0.77328151
v 3.09778976 10.55207920 -0.70428884
v 3.10534835 10.55288887 -0.62202209
v 3.13656092 10.55622959 -0.55666268
v 3.22536469 10.56573772 -0.54615068
v 3.22536469 10.56573772 -0.54615068
v 3.27826118 10.57140064 -0.60612875
v 3.27666736 10.57122993 -0.70935583
v 3.22502279 10.56570148 -0.77725029
v 3.13329887 10.87530613 -1.04522634
v 3.09222698 10.87090969 -0.98842478
v 3.09051371 10.87072659 -0.89475971
v 3.13196969 10.87516499 -0.83331430
v 3.13196969 10.87516499 -0.83331430
v 3.21527672 10.88408375 -0.83747250
v 3.25047588 10.88785172 -0.88730741
v 3.25959015 10.88882732 -0.96693647
v 3.21624136 10.88418674 -1.03953815
v 3.21624136 10.88418674 -1.03953815
v 3.08648777 11.28338146 -1.27594995
v 3.08648777 11.28338146 -1.27594995
v 3.05219626 11.27971077 -1.22746038
v 3.04611444 11.27905941 -1.15853858
v 3.08444476 11.28316402 -1.10904050
v 3.16166806 11.29143047 -1.10384083
v 3.16166806 11.29143047 -1.10384083
v 3.18957448 11.29441738 -1.14895964
v 3.18012094 11.29340649 -1.22533774
v 3.14187217 11.28931141 -1.27622962
v 3.13981247 10.79405308 -0.45367226
v 3.11284995 10.79116726 -0.42263570
v 3.12132978 10.79207516 -0.33737275
v 3.12132978 10.79207516 -0.33737275
v 3.15275621 10.79544067 -0.28599399
v 3.19346595 10.79979801 -0.28951892
v 3.22596550 10.80327797 -0.33638889
v 3.22845387 10.80354404 -0.39467919
v 3.19588947 10.80005741 -0.44766697
v 3.19588947 10.80005741 -0.44766697
v 3.16657186 10.52443790 -0.74122256
v 3.16657186 10.52443790 -0.74122256
v 3.13755226 10.52133179 -0.69208670
v 3.14293528 10.52190781 -0.63349718
v 3.16516495 10.52428722 -0.58694887
v 3.22840977 10.53105831 -0.57946253
v 3.22840977 10.53105831 -0.57946253
v 3.26608205 10.53509045 -0.62217826
v 3.26494622 10.53497028 -0.69569528
v 3.22816610 10.53103161 -0.74404907
v 3.15946126 10.84310246 -1.01396894
v 3.13021040 10.83997059 -0.97351557
v 3.12898993 10.83984184 -0.90680814
v 3.15851426 10.84300137 -0.86304748
v 3.15851426 10.84300137 -0.86304748
v 3.21784449 10.84935284 -0.86600900
v 3.24291301 10.85203648 -0.90150076
v 3.24940443 10.85273170 -0.95821178
v 3.21853137 10.84942722 -1.00991797
v 3.21853137 10.84942722 -1.00991797
v 3.11003685 11.25089741 -1.25140548
v 3.11003685 11.25089741 -1.25140548
v 3.08561516 11.24828243 -1.21687150
v 3.08128333 11.24781895 -1.16778636
v 3.10858202 11.25074196 -1.13253427
v 3.16357923 11.25662994 -1.12883115
v 3.16357923 11.25662994 -1.12883115
v 3.18345404 11.25875664 -1.16096425
v 3.17672205 11.25803661 -1.21535993
v 3.14948082 11.25512028 -1.25160456
v 3.17590117 10.77919674 -0.37099108
v 3.17590117 10.77919674 -0.37099108
v 3.12076116 11.60344696 -1.28396726
v 3.16131473 11.60778809 -1.22847295
v 3.17133665 11.60886097 -1.14518762
v 3.14174938 11.60569382 -1.09598851
v 3.14174938 11.60569382 -1.09598851
v 3.18457580 11.31428242 -1.04884529
v 3.18457580 11.31428242 -1.04884529
v 3.23053598 11.31920433 -0.96967787
v 3.22087216 11.31816864 -0.88284755
v 3.20456409 10.50978470 -0.66189259
v 3.20456409 10.50978470 -0.66189259
v 3.18355298 11.31417274 -0.82850575
v 3.09522867 11.30471706 -0.82397175
v 3.09522867 11.30471706 -0.82397175
v 3.05127525 11.30000973 -0.89097381
v 3.05309153 11.30020523 -0.99310958
v 3.09663820 11.30486584 -1.05504799
v 3.07565379 11.25567532 -0.49758461
v 3.15913653 11.26461315 -0.48838970
v 3.15913653 11.26461315 -0.48838970
v 3.19281936 10.82795429 -0.93662238
v 3.19281936 10.82795429 -0.93662238
v 3.20761514 11.26980400 -0.40726000
v 3.20391059 11.26940727 -0.31801152
v 3.15552878 11.26422691 -0.24624883
v 3.09492421 11.25773907 -0.24085177
v 3.04813933 11.25273037 -0.31951794
v 3.04813933 11.25273037 -0.31951794
v 3.03551602 11.25137901 -0.45006427
v 3.24793386 11.00163841 -0.71364814
v 3.13693023 11.23505592 -1.19066954
v 3.13693023 11.23505592 -1.19066954
v 3.24962425 11.00182056 -0.60108578
v 3.19354177 10.99581623 -0.53568369
v 3.19354177 10.99581623 -0.53568369
v 3.09938931 10.98573589 -0.54714620
v 3.06629658 10.98219204 -0.61841643
v 3.05828238 10.98133469 -0.70812297
v 3.19317913 10.99577808 -0.78768265
v 3.10148430 10.98596001 -0.78335500
v 3.10148430 10.98596001 -0.78335500
v 3.06204128 11.59716034 -1.28366232
v 3.06204128 11.59716034 -1.28366232
v 3.02568364 11.59326744 -1.23078728
v 3.01923585 11.59257793 -1.15563297
v 3.05987525 11.59692860 -1.10165834
v 2.98368645 13.93729401 -0.39609677
v 2.65053558 18.75218964 -0.10276043
v 2.69387531 17.92899704 -0.13320166
v 2.73762751 17.25547028 -0.23131721
v 2.76714706 17.12189293 -0.25192425
v 2.79089403 16.94975471 -0.24597357
v 2.88372755 16.21968460 -0.21967354
v 2.91956115 15.46718025 -0.26040506
v 2.95097065 14.51955223 -0.34985378
v 3.03835511 13.49932384 -0.34716478
v 2.99013805 13.72171593 -0.37259695
v 3.04326916 13.31961536 -0.23992740
v 3.09145808 13.07946873 -0.17312227
v 3.09045243 12.71411896 -0.18943505
v 3.11337376 12.41156197 -0.24965729
v 2.30392504 18.71241379 0.00746918
v 2.37557077 17.88260651 -0.02483308
v 2.37557077 17.88260651 -0.02483308
v 2.48789883 17.20884323 -0.19370487
v 2.48789883 17.20884323 -0.19370487
v 2.50428057 17.07147980 -0.21858834
v 2.50428057 17.07147980 -0.21858834
v 2.52690315 16.90111160 -0.21070758
v 2.52690315 16.90111160 -0.21070758
v 2.60154557 16.19211388 -0.18324085
v 2.60154557 16.19211388 -0.18324085
v 2.67622733 15.44404221 -0.22673947
v 2.67622733 15.44404221 -0.22673947
v 2.77718329 14.50148201 -0.32754704
v 2.77718329 14.50148201 -0.32754704
v 1.39235234 12.09279823 -1.28858519
v 1.55251110 11.63945484 -1.80311918
v 1.79427934 11.64006805 -1.66606450
v 1.52850449 12.09299755 -1.21302533
v 0.98922598 12.03904724 0.06366861
v 0.84269625 11.62577629 0.64897633
v 0.60220075 11.60983658 0.47958452
v 0.85038441 11.98739624 -0.02235550
v 0.45004988 11.59712887 0.27366245
v 0.76234496 11.96413994 -0.13763690
v 1.77162647 12.09340668 -0.83489639
v 2.22730112 11.64341068 -0.94524723
v 2.23172069 11.64353943 -0.61016423
v 1.77757215 12.09360600 -0.64799541
v 0.59345543 11.84950733 -0.69033742
v 0.59345543 11.84950733 -0.69033742
v 0.13042346 11.51983356 -0.68582410
v 0.13042346 11.51983356 -0.68582410
v 0.26714462 11.55375385 -1.17448330
v 0.66726458 11.87986279 -0.96248198
v 0.39691642 11.61305714 -1.54701114
v 0.74003875 11.96249771 -1.16354060
v 1.70830393 12.09311581 -1.05122042
v 1.70830393 12.09311581 -1.05122042
v 2.12160182 11.64213181 -1.34473372
v 2.12160182 11.64213181 -1.34473372
v 1.12353456 12.06241703 0.10205090
v 1.08598757 11.64308071 0.74109954
v 0.75573671 11.63943577 -1.85069513
v 0.94428205 12.07123375 -1.31660843
v 2.17448640 11.64375782 -0.20532970
v 1.74372721 12.09369755 -0.41677338
v 1.12810659 11.63902187 -1.91241789
v 1.15328872 12.09274578 -1.34945059
v 0.21379599 11.52306557 -0.24513532
v 0.63432056 11.86234188 -0.43870258
v 2.03049278 11.64391232 0.20382929
v 2.03049278 11.64391232 0.20382929
v 1.66203070 12.09379292 -0.18237376
v 1.66203070 12.09379292 -0.18237376
v 1.70317924 11.64335442 0.59193039
v 1.47444439 12.09332752 0.01773971
v 1.69508135 11.31753540 0.59595424
v 1.08128273 11.31694698 0.74598932
v 2.16354108 11.31774139 -0.20758167
v 2.02036381 11.31814861 0.20447285
v 2.02036381 11.31814861 0.20447285
v 0.26861966 11.31303406 -1.23562837
v 0.39606181 11.31427765 -1.61123991
v 0.44901860 11.31575966 0.27609879
v 0.21626325 11.28995037 -0.24652413
v 0.83992159 11.31686783 0.65404093
v 1.12297964 11.31133461 -1.97951174
v 1.54502320 11.31208801 -1.86926246
v 2.22487164 11.31713772 -0.47381184
v 0.13399851 11.28850079 -0.69169450
v 0.13399851 11.28850079 -0.69169450
v 2.11079407 11.31563568 -1.40736604
v 2.11079407 11.31563568 -1.40736604
v 0.75297457 11.31156445 -1.91729403
v 2.21578860 11.31745529 -1.00415254
v 2.22661233 11.31793785 -0.74549705
v 1.78545225 11.31293392 -1.73106813
v 0.60063267 11.31698513 0.48349315
v 1.18297744 11.81098557 -1.81540537
v 1.18297744 11.81098557 -1.81540537
v 0.80836231 11.81098557 -1.72621727
v 0.48801270 11.81098557 -1.47520399
v 0.26551229 11.81098557 -1.10306358
v 0.18342257 11.81098557 -0.66929799
v 0.26509130 11.81098557 -0.21199548
v 0.49423218 11.81098557 0.23950651
v 0.81640553 11.81098557 0.57364869
v 1.19158578 11.81098557 0.70043600
v 1.56537414 11.81098557 0.61488891
v 1.88114977 11.81098557 0.32894450
v 2.09815502 11.81098557 -0.12844001
v 2.17982340 11.81098557 -0.64847523
v 2.09815454 11.81098557 -1.11087990
v 1.87721097 11.81098557 -1.48268032
v 1.55745900 11.81098557 -1.72985888
v 1.15865874 10.62252617 -1.67738557
v 1.15865874 10.62252617 -1.67738557
v 0.78681487 10.62252617 -1.59228706
v 0.46934453 10.62252617 -1.36088347
v 0.25113380 10.62252617 -0.99966079
v 0.16956711 10.62252617 -0.59389383
v 0.25070369 10.62252617 -0.16858304
v 0.47578171 10.62252617 0.24987900
v 0.79414052 10.62252617 0.55927396
v 1.16631198 10.62252617 0.67676347
v 1.53804326 10.62252617 0.59770924
v 1.85364306 10.62252617 0.33343053
v 2.07084894 10.62252617 -0.08927578
v 2.15198517 10.62252617 -0.57470983
v 2.07084823 10.62252617 -1.02332067
v 1.85021520 10.62252617 -1.36647177
v 1.53117061 10.62252617 -1.59826064
v 1.14515197 9.52686310 -1.53782606
v 1.14515197 9.52686310 -1.53782606
v 0.81619215 9.52686310 -1.47327185
v 0.53877395 9.52686310 -1.28595281
v 0.35482556 9.52686310 -0.99708641
v 0.29133359 9.52686310 -0.63593906
v 0.36247015 9.52686310 -0.21506476
v 0.55014324 9.52686310 0.17936142
v 0.82594824 9.52686310 0.46322846
v 1.15436244 9.52686310 0.56930786
v 1.48461938 9.52686310 0.49609476
v 1.76563430 9.52686310 0.25443774
v 1.95875931 9.52686310 -0.13367718
v 2.03066015 9.52686310 -0.57780713
v 1.95875931 9.52686310 -0.97179353
v 1.76192009 9.52686310 -1.26518369
v 1.47677493 9.52686310 -1.46461320
v 2.19937944 11.43457603 -0.61094040
v 2.11622143 11.43457603 -1.07579875
v 0.24702418 11.43457603 -0.18184537
v 0.48071775 11.43457603 0.25898382
v 1.89099252 11.43457603 -1.44376588
v 0.80961418 11.43457603 0.58703792
v 1.56523395 11.43457603 -1.68982577
v 1.19183803 11.43457603 0.71202338
v 1.18392599 11.43457603 -1.77357650
v 1.18392599 11.43457603 -1.77357650
v 0.80231881 11.43457603 -1.68228769
v 1.57251143 11.43457603 0.62825590
v 0.47523639 11.43457603 -1.43313837
v 1.89464617 11.43457603 0.34755060
v 0.24731436 11.43457603 -1.05460215
v 2.11622214 11.43457603 -0.10089350
v 0.16386676 11.43457603 -0.62645966
v 1.17259431 9.04871368 -1.40911102
v 1.17259431 9.04871368 -1.40911102
v 0.87780267 9.04871368 -1.35205579
v 0.62597370 9.04871368 -1.18802214
v 0.45805666 9.04871368 -0.93873960
v 0.39570975 9.04871368 -0.60903388
v 0.45773041 9.04871368 -0.22972441
v 0.63107210 9.04871368 0.11333764
v 0.88217336 9.04871368 0.35298258
v 1.17709970 9.04871368 0.44059283
v 1.47018075 9.04871368 0.37717754
v 1.71325266 9.04871368 0.17186028
v 1.87499905 9.04871368 -0.15949446
v 1.93170702 9.04871368 -0.53851861
v 1.86798108 9.04871368 -0.89433664
v 1.69756925 9.04871368 -1.17181396
v 1.46154296 9.04871368 -1.34569597
v 1.23535740 6.82691288 -1.29447889
v 1.23535740 6.82691288 -1.29447889
v 0.97734857 6.82691288 -1.24367976
v 0.75948846 6.82691288 -1.09789705
v 0.61476070 6.82691288 -0.87749320
v 0.56588697 6.82691288 -0.58659464
v 0.61920887 6.82691288 -0.25361127
v 0.76425469 6.82691288 0.04692817
v 0.98045099 6.82691288 0.25693583
v 1.23538065 6.82691288 0.33377165
v 1.49031949 6.82691288 0.27815467
v 1.70354664 6.82691288 0.09820318
v 1.83751166 6.82691288 -0.19206330
v 1.88533199 6.82691288 -0.52461839
v 1.83630872 6.82691288 -0.83829945
v 1.69622469 6.82691288 -1.08347511
v 1.48783267 6.82691288 -1.23797274
v 1.23546481 6.40083885 -1.41793346
v 1.23546481 6.40083885 -1.41793346
v 0.99048638 6.40083885 -1.36589122
v 0.78280389 6.40083885 -1.21543813
v 0.60465592 6.40083885 -0.98689586
v 0.55268216 6.40083885 -0.67229909
v 0.64403486 6.40083885 -0.31374082
v 0.78280389 6.40083885 0.00301620
v 0.99048638 6.40083885 0.22428587
v 1.23546481 6.40083885 0.30517837
v 1.48044300 6.40083885 0.24662557
v 1.68812561 6.40083885 0.05705142
v 1.82689500 6.40083885 -0.25045460
v 1.91824675 6.40083885 -0.61621714
v 1.86627340 6.40083885 -0.94809932
v 1.68812561 6.40083885 -1.19974089
v 1.48044300 6.40083885 -1.35938096
v 1.23546481 5.72127724 -1.38035512
v 1.23546481 5.72127724 -1.38035512
v 0.99048638 5.72127724 -1.32640696
v 0.78280389 5.72127724 -1.18634725
v 0.60465592 5.72127724 -0.95176786
v 0.55268216 5.72127724 -0.62845784
v 0.64403486 5.72127724 -0.28432822
v 0.78280389 5.72127724 0.01762262
v 0.99048638 5.72127724 0.22824410
v 1.23546481 5.72127724 0.30517837
v 1.48044300 5.72127724 0.24949089
v 1.68812561 5.72127724 0.06905407
v 1.82689500 5.72127724 -0.22400390
v 1.91824758 5.72127724 -0.58749419
v 1.86627340 5.72127724 -0.92804414
v 1.68812561 5.72127724 -1.16794968
v 1.48044300 5.72127724 -1.32465720
v 1.23546481 4.84721184 -1.15679026
v 1.23546481 4.84721184 -1.15679026
v 1.03311348 4.84721184 -1.10481858
v 0.86156839 4.84721184 -0.95898205
v 0.74694574 4.84721184 -0.74410123
v 0.70669544 4.84721184 -0.47408897
v 0.74694574 4.84721184 -0.18793461
v 0.86156839 4.84721184 0.06443596
v 1.03311348 4.84721184 0.24072871
v 1.23546481 4.84721184 0.30517837
v 1.43781590 4.84721184 0.25852749
v 1.60936093 4.84721184 0.10748759
v 1.72398412 4.84721184 -0.13751242
v 1.76423419 4.84721184 -0.43996805
v 1.72398388 4.84721184 -0.73923260
v 1.60936093 4.84721184 -0.97184354
v 1.43781590 4.84721184 -1.11013937
v 1.23546481 2.90442085 -0.93949741
v 1.23546481 2.90442085 -0.93949741
v 1.08766365 2.90442085 -0.89122385
v 0.96236396 2.90442085 -0.76744956
v 0.87864149 2.90442085 -0.60270578
v 0.84924197 2.90442085 -0.40628460
v 0.87864149 2.90442085 -0.19680160
v 0.96236396 2.90442085 0.00343284
v 1.08766365 2.90442085 0.16233101
v 1.23546481 2.90442085 0.22219482
v 1.38326585 2.90442085 0.17886332
v 1.50856543 2.90442085 0.04052347
v 1.59228826 2.90442085 -0.15912506
v 1.62168753 2.90442085 -0.38291970
v 1.59228814 2.90442085 -0.60018092
v 1.50856543 2.90442085 -0.77885514
v 1.38326585 2.90442085 -0.89616585
v 1.23546481 2.51707840 -0.93949741
v 1.23546481 2.51707840 -0.93949741
v 1.08766365 2.51707840 -0.89122385
v 0.96236396 2.51707840 -0.76744956
v 0.87864149 2.51707840 -0.60270578
v 0.84924197 2.51707840 -0.40628460
v 0.87864149 2.51707840 -0.19680160
v 0.96236396 2.51707840 0.00343284
v 1.08766365 2.51707840 0.16233101
v 1.23546481 2.51707840 0.22219482
v 1.38326585 2.51707840 0.17886332
v 1.50856543 2.51707840 0.04052347
v 1.59228826 2.51707840 -0.15912506
v 1.62168753 2.51707840 -0.38291970
v 1.59228814 2.51707840 -0.60018092
v 1.50856543 2.51707840 -0.77885514
v 1.38326585 2.51707840 -0.89616585
v 0.85393119 9.04871368 -1.41975737
v 1.17617214 9.04871368 -1.48081589
v 1.17617214 9.04871368 -1.48081589
v 0.57870978 9.04871368 -1.24421334
v 0.39604026 9.04871368 -0.97743827
v 0.32783270 9.04871368 -0.62459666
v 0.39465320 9.04871368 -0.21867092
v 0.58376712 9.04871368 0.14846408
v 0.85833085 9.04871368 0.40492502
v 1.18123257 9.04871368 0.49868301
v 1.50228131 9.04871368 0.43081775
v 1.76977408 9.04871368 0.21109331
v 1.94564152 9.04871368 -0.14351285
v 2.00728226 9.04871368 -0.54913348
v 1.93741572 9.04871368 -0.92991942
v 1.75140834 9.04871368 -1.22686768
v 1.49166834 9.04871368 -1.41295123
v 1.24202263 6.82686615 -1.36207080
v 1.24202263 6.82686615 -1.36207080
v 0.95922291 6.82686615 -1.30716705
v 0.72061342 6.82686615 -1.15050507
v 0.56273884 6.82686615 -0.91396266
v 0.50905567 6.82686615 -0.60188991
v 0.56629825 6.82686615 -0.24450549
v 0.72469091 6.82686615 0.07858846
v 0.96176207 6.82686615 0.30481616
v 1.24204838 6.82686615 0.38784042
v 1.52264822 6.82686615 0.32817194
v 1.75704575 6.82686615 0.13450360
v 1.90369785 6.82686615 -0.17791048
v 1.95525002 6.82686615 -0.53562510
v 1.90097058 6.82686615 -0.87284905
v 1.74753141 6.82686615 -1.13618636
v 1.51871514 6.82686615 -1.30181527
v 1.53564334 7.01015472 0.35985592
v 1.24237061 7.01015472 0.42200872
v 1.79527545 7.29233837 0.18119878
v 1.92485404 7.29233837 -0.14863768
v 1.93580413 7.29233837 -0.52623969
v 1.87549055 7.29233837 -0.88199264
v 1.74400377 7.29233837 -1.15977001
v 1.52732790 7.29233837 -1.28333116
v 1.23121560 7.29233837 -1.34688544
v 1.23121560 7.29233837 -1.34688544
v 0.93076825 7.29233837 -1.28913069
v 0.71647215 7.29233837 -1.17510748
v 0.58892292 7.29233837 -0.92558497
v 0.52911830 7.29233837 -0.59628010
v 0.52648044 7.29233837 -0.21891135
v 0.66954643 7.29233837 0.12080860
v 0.94938332 7.01015472 0.33553556
v 1.49724567 8.89717960 0.43081775
v 1.18648112 8.89717960 0.49868301
v 1.77348733 8.61500263 0.21109331
v 1.93032384 8.61500263 -0.13484269
v 1.98030424 8.61500263 -0.53054577
v 1.91298389 8.61500263 -0.90202159
v 1.74153042 8.61500263 -1.19170928
v 1.48474646 8.61500263 -1.32221079
v 1.18655980 8.61500263 -1.38841653
v 1.18655980 8.61500263 -1.38841653
v 0.88035810 8.61500263 -1.32885051
v 0.65201718 8.61500263 -1.20863080
v 0.51205868 8.61500263 -0.94837838
v 0.44430792 8.61500263 -0.60416400
v 0.44972646 8.61500263 -0.20816302
v 0.61192501 8.61504173 0.14846408
v 0.87463927 8.89717960 0.40492502
v 1.47499585 8.70506859 0.64765042
v 1.50385439 7.20227146 0.59074432
v 1.19375956 8.70506859 0.70540470
v 1.23992085 7.20227146 0.64401883
v 1.72913766 8.48034477 0.46066186
v 1.74405658 7.42699623 0.43908152
v 0.67448348 8.48037720 0.40736344
v 0.72542638 7.42699623 0.38714531
v 0.91069472 8.70506859 0.62561530
v 0.97605544 7.20227146 0.56981653
v 1.82692873 7.95367241 0.17377990
v 1.91433835 7.95367241 -0.14174017
v 1.91966844 7.95367241 -0.52839279
v 1.85585356 7.95367241 -0.89200729
v 1.72313356 7.95367241 -1.17573977
v 1.50558233 7.95367241 -1.30277085
v 1.20888770 7.95367241 -1.36765099
v 1.20888770 7.95367241 -1.36765099
v 0.90762657 7.95367241 -1.30899072
v 0.70435035 7.95367241 -1.19186926
v 0.58434802 7.95367241 -0.93698174
v 0.52057880 7.95367241 -0.60022205
v 0.49988276 7.95367241 -0.21353720
v 0.59775585 7.95368862 0.11227021
v 1.52035463 7.95367146 0.63103503
v 1.21679807 7.95367146 0.69285721
v 1.77557111 7.95367241 0.42750558
v 0.66140378 7.95368576 0.37488821
v 0.91226113 7.95367146 0.60711282
v 1.24158406 7.11097622 0.57667285
v 0.95800555 7.11097622 0.49561283
v 0.68815416 7.36300564 0.29546407
v 1.52530348 7.11097622 0.51845282
v 1.49224293 8.79636097 0.58211380
v 1.19048214 8.79636097 0.64538604
v 0.63306534 8.54437160 0.31886920
v 0.88706309 8.79636097 0.55797344
v 1.76345575 8.54433537 0.37725988
v 1.78117096 7.36300564 0.35215703
v 1.81395817 7.95367241 0.34234229
v 0.61911607 7.95368671 0.28480044
v 1.23546481 2.51707840 -0.93949741
v 1.23546481 2.51707840 -0.93949741
v 1.08766365 2.51707840 -0.89122385
v 0.96236396 2.51707840 -0.76744956
v 0.87864149 2.51707840 -0.60270578
v 0.84924197 2.51707840 -0.40628460
v 0.87864149 2.51707840 -0.19680160
v 0.96236396 2.51707840 0.00343284
v 1.08766365 2.51707840 0.16233101
v 1.23546481 2.51707840 0.22219482
v 1.38326585 2.51707840 0.17886332
v 1.50856543 2.51707840 0.04052347
v 1.59228826 2.51707840 -0.15912506
v 1.62168753 2.51707840 -0.38291970
v 1.59228814 2.51707840 -0.60018092
v 1.50856543 2.51707840 -0.77885514
v 1.38326585 2.51707840 -0.89616585
v 1.23546481 2.51707840 -0.96339506
v 1.23546481 2.51707840 -0.96339506
v 1.08139706 2.51707840 -0.91307449
v 0.95078474 2.51707840 -0.78405231
v 0.86351240 2.51707840 -0.61232358
v 0.83286643 2.51707840 -0.40757433
v 0.86351240 2.51707840 -0.18920940
v 0.95078474 2.51707840 0.01951480
v 1.08139706 2.51707840 0.18515024
v 1.23546481 2.51707840 0.24755207
v 1.38953257 2.51707840 0.20238349
v 1.52014458 2.51707840 0.05817801
v 1.60741723 2.51707840 -0.14993536
v 1.63806307 2.51707840 -0.38321877
v 1.60741723 2.51707840 -0.60969168
v 1.52014458 2.51707840 -0.79594153
v 1.38953257 2.51707840 -0.91822618
v 1.23546481 1.40323067 -1.01353192
v 1.23546481 1.40323067 -1.01353192
v 1.07784271 1.40323067 -0.95891732
v 0.94421732 1.40323067 -0.81888503
v 0.85493171 1.40323067 -0.63250172
v 0.82357872 1.40323067 -0.41028014
v 0.85493171 1.40323067 -0.17328095
v 0.94421732 1.40323067 0.05325478
v 1.07784271 1.40323067 0.23302475
v 1.23546481 1.40323067 0.30075178
v 1.39308679 1.40323067 0.25172862
v 1.52671218 1.40323067 0.09521744
v 1.61599791 1.40323067 -0.13065547
v 1.64735079 1.40323067 -0.38384616
v 1.61599791 1.40323067 -0.62964529
v 1.52671218 1.40323067 -0.83178884
v 1.39308679 1.40323067 -0.96450859
v 0.83286643 2.29727364 -0.40757433
v 0.86351240 2.29727364 -0.61232358
v 1.63806307 2.29727364 -0.38321877
v 1.60741723 2.29727364 -0.14993536
v 0.86351240 2.29727364 -0.18920940
v 1.60741723 2.29727364 -0.60969168
v 0.95078474 2.29727364 0.01951480
v 1.52014458 2.29727364 -0.79594153
v 1.08139706 2.29727364 0.18515024
v 1.38953257 2.29727364 -0.91822618
v 1.23546481 2.29727364 0.24755207
v 1.08139706 2.29727364 -0.91307449
v 1.23546481 2.29727364 -0.96339506
v 1.23546481 2.29727364 -0.96339506
v 1.38953257 2.29727364 0.20238349
v 0.95078474 2.29727364 -0.78405231
v 1.52014458 2.29727364 0.05817801
v 0.85493171 2.27626038 -0.61777854
v 1.61599791 2.27626038 -0.14472327
v 1.23546481 2.27626038 -0.97694892
v 1.23546481 2.27626038 -0.97694892
v 0.82357872 2.27626038 -0.40830582
v 1.64735079 2.27626038 -0.38338837
v 0.85493171 2.27626038 -0.18490332
v 1.61599791 2.27626038 -0.61508590
v 0.94421732 2.27626038 0.02863601
v 1.52671218 2.27626038 -0.80563247
v 1.07784271 2.27626038 0.19809261
v 1.39308679 2.27626038 -0.93073815
v 1.23546481 2.27626038 0.26193407
v 1.07784271 2.27626038 -0.92546767
v 1.39308679 2.27626038 0.21572343
v 0.94421732 2.27626038 -0.79346889
v 1.52671218 2.27626038 0.06819123
v 1.47773027 2.07980347 -1.13057566
v 1.47773027 2.07980347 -1.13057566
v 1.68357253 1.92175674 -0.95793110
v 1.68357253 1.92175674 -0.95793110
v 1.82111239 1.75465775 -0.69497877
v 1.82111239 1.75465775 -0.69497877
v 1.86711097 1.73266792 -0.37523860
v 1.86711097 1.73266792 -0.37523860
v 1.83921170 1.80205154 -0.04511163
v 1.83921170 1.80205154 -0.04511163
v 1.70807099 2.01961136 0.24498501
v 1.70807099 2.01961136 0.24498501
v 1.49058414 2.20665359 0.43502131
v 1.49058414 2.20665359 0.43502131
v 1.23476517 2.27052307 0.50351411
v 1.23476517 2.27052307 0.50351411
v 1.23476517 2.27052307 0.50351411
v 0.97955418 2.20290947 0.41265094
v 0.97955418 2.20290947 0.41265094
v 0.76835883 1.99765205 0.19245832
v 0.76835883 1.99765205 0.19245832
v 0.63553357 1.78938293 -0.10105038
v 0.63553357 1.78938293 -0.10105038
v 0.60343534 1.73279953 -0.40962440
v 0.60343534 1.73279953 -0.40962440
v 0.64873284 1.76095009 -0.69869453
v 0.64873284 1.76095009 -0.69869453
v 0.78627229 1.91610146 -0.94114548
v 0.78627229 1.91610146 -0.94114548
v 0.99211472 2.07880783 -1.12330222
v 0.99211472 2.07880783 -1.12330222
v 1.23492265 2.14367294 -1.19434595
v 1.23492265 2.14367294 -1.19434595
v 1.23492265 2.14367294 -1.19434595
v 1.47497034 1.72500992 -1.17971659
v 1.67764831 1.56696129 -0.98582274
v 1.80134881 1.39455605 -0.69125348
v 1.84133685 1.36302948 -0.33066797
v 1.83400583 1.42108345 0.04738075
v 1.74230301 1.64040756 0.30589324
v 1.51186967 1.84899330 0.49641597
v 1.23651552 1.57043076 0.75289768
v 1.23651552 1.57043076 0.75289768
v 0.96883810 1.84583092 0.47367263
v 0.75487828 1.61919022 0.25288674
v 0.65952343 1.40942383 -0.01159912
v 0.64248478 1.36278152 -0.37111104
v 0.67304730 1.39985466 -0.69540125
v 0.79446948 1.56130600 -0.96686321
v 0.99676251 1.72401237 -1.17161655
v 1.23586667 1.78887939 -1.24983430
v 1.23586667 1.78887939 -1.24983430
v 1.46735823 0.44896889 -1.17748880
v 1.64437449 0.44896889 -0.93588573
v 1.74058104 0.44896889 -0.44129026
v 1.79419231 0.39468765 -0.13579172
v 1.79365337 0.54682732 0.20519456
v 1.75593531 1.05871773 0.49419466
v 1.53359520 1.45592308 0.58449548
v 0.94270521 1.44803047 0.56206685
v 0.79386359 1.00750732 0.44660017
v 0.79247844 0.50675964 0.15013248
v 0.72560728 0.39468765 -0.16702032
v 0.75890827 0.44896889 -0.41342801
v 0.84407419 0.44896889 -0.89082152
v 1.00848401 0.44896889 -1.16921306
v 1.23614657 0.44896889 -1.24867249
v 1.23614657 0.44896889 -1.24867249
v 1.84757054 0.31143379 0.36257163
v 1.83054554 0.51632881 0.64616507
v 1.74214077 0.84973335 0.96856308
v 1.50307584 1.14021492 1.16993213
v 1.22241795 1.23702621 1.22242856
v 1.22241795 1.23702621 1.22242856
v 0.94933563 1.13411331 1.14700222
v 0.81596047 0.81180191 0.91398120
v 0.81278890 0.48548508 0.59453660
v 0.78784680 0.31143379 0.33296770
v 1.88977551 0.31143379 0.81535971
v 1.87831950 0.49990463 1.15634608
v 1.73453951 0.73044205 1.49721527
v 1.48151660 0.88302803 1.70819902
v 1.21514344 0.96132660 1.77961421
v 1.21514344 0.96132660 1.77961421
v 0.93220437 0.87796021 1.68577003
v 0.76843655 0.69792557 1.42758131
v 0.75820380 0.46534348 1.10128379
v 0.75516754 0.31143379 0.78413123
v 1.93155265 0.31143379 1.47056818
v 1.91274667 0.43970871 1.92964292
v 1.71479785 0.64193535 2.20173383
v 1.47833180 0.76655006 2.40640044
v 1.16925108 0.83441544 2.43127513
v 1.16925108 0.83441544 2.43127513
v 0.86110246 0.76215744 2.33743095
v 0.66896850 0.61948395 2.07924223
v 0.61630750 0.44090271 1.75294495
v 1.90840244 0.39777565 2.06760335
v 1.75504589 0.56033707 2.53393197
v 1.48553562 0.57537842 2.75769782
v 1.18385899 0.61595535 2.80464673
v 1.18385899 0.61595535 2.80464673
v 0.87859857 0.57496834 2.70768952
v 0.67617750 0.54774284 2.31573963
v 0.58942115 0.38793564 1.84866452
v 1.89826584 0.31143379 2.10960150
v 1.75566435 0.31143379 2.61460471
v 1.50237942 0.30441093 2.87059665
v 1.21424496 0.31006050 2.93278623
v 1.21424496 0.31006050 2.93278623
v 0.91735673 0.30491638 2.82629085
v 0.62845892 0.31143379 2.39590502
v 0.57876366 0.31143379 1.89043140
v 0.64789474 0.31143379 1.43383861
v 0.77011967 0.70144463 0.11817545
v 0.74129176 0.93154907 0.03849027
v 0.70251942 1.16982651 -0.01417124
v 0.76241976 1.46574020 0.28441375
v 0.77202499 1.31147194 0.34359810
v 0.78123146 1.15827560 0.39437264
v 1.78936648 0.52893639 -0.18345761
v 1.78956187 0.72466469 -0.26254344
v 1.81165028 1.03514862 -0.32647896
v 1.78061438 1.06929207 -0.65537220
v 1.75680113 0.74674606 -0.61614841
v 1.74124062 0.53433800 -0.52041996
v 0.72254401 0.52896881 -0.21696508
v 0.71435469 0.72468567 -0.29830456
v 0.68283761 1.03560066 -0.36461836
v 1.79600739 0.73966217 0.17541638
v 1.80356801 0.96098137 0.10085678
v 1.81752276 1.18980789 0.04644829
v 0.75464642 0.53473091 -0.49969018
v 0.73558259 0.74876595 -0.60833061
v 0.70260012 1.07262039 -0.65654904
v 1.75621009 1.20235252 0.44461530
v 1.75271297 1.34804153 0.39628005
v 1.74885356 1.49461555 0.33888394
v 0.83758521 0.55777740 -0.90962559
v 0.82705879 0.83030891 -0.93165761
v 0.80644858 1.19580841 -0.95098788
v 1.52943945 1.55456161 0.56276304
v 1.52410793 1.65328789 0.53714347
v 1.51808763 1.75164223 0.51910394
v 1.00604355 0.58005142 -1.17149901
v 1.00087297 0.91166306 -1.22487307
v 0.99684751 1.31783867 -1.22491217
v 1.46911919 0.58018875 -1.17971635
v 1.47258317 0.91216087 -1.23307037
v 1.47497618 1.31858635 -1.23307037
v 1.23586667 1.36648750 -1.30425406
v 1.23586667 1.36648750 -1.30425406
v 1.23586774 0.94409370 -1.30425406
v 1.23586774 0.94409370 -1.30425406
v 1.23602676 0.58903122 -1.24983454
v 1.23602676 0.58903122 -1.24983454
v 0.94749659 1.54785538 0.54015952
v 0.95395982 1.64778137 0.51433116
v 0.96129107 1.74732399 0.49628758
v 1.64843059 0.55871773 -0.94810778
v 1.65539217 0.83313560 -0.96545440
v 1.67102838 1.20005035 -0.97776037
v 1.41513276 2.04962730 -0.93307978
v 1.56773865 1.93245506 -0.80508584
v 1.66970706 1.80857277 -0.61014009
v 1.70380914 1.79227066 -0.37309337
v 1.68312538 1.84370995 -0.12834613
v 1.58590126 2.00500298 0.08805785
v 1.42466235 2.14367104 0.23083636
v 1.23500502 2.19102097 0.27964899
v 1.04579854 2.14089394 0.21367869
v 0.88922393 1.98872185 0.04840600
v 0.79075086 1.83431625 -0.16981761
v 0.76695418 1.79236794 -0.39858606
v 0.80053651 1.81323814 -0.61289483
v 0.90250456 1.92826271 -0.79264146
v 1.05511057 2.04888916 -0.92768747
v 1.23512173 2.09697723 -0.98035735
v 1.23569274 1.51714134 -0.36694390
v 1.23601878 0.44896889 -1.26339960
v 1.23601878 0.44896889 -1.26339960
v 1.46894348 0.44896889 -1.19168854
v 1.64727116 0.44896889 -0.94829535
v 1.74419057 0.44896889 -0.45003557
v 1.79819894 0.39468765 -0.14227360
v 0.72169697 0.39468765 -0.17373359
v 0.75524473 0.44896889 -0.42196691
v 0.84104156 0.44896889 -0.90289724
v 1.00666952 0.44896889 -1.18335152
v 1.85197270 0.31143379 0.35978204
v 0.78439760 0.31143379 0.32995877
v 0.75147623 0.31143379 0.78446490
v 1.89449036 0.31143379 0.81592476
v 1.93657708 0.31143379 1.47598767
v 1.90304363 0.31143379 2.11975527
v 1.75938559 0.31143379 2.62849998
v 1.50422406 0.30690002 2.88638854
v 1.21395493 0.31104851 2.94903898
v 1.21395493 0.31104851 2.94903898
v 0.91486704 0.30728531 2.84175467
v 0.62382889 0.31143379 2.40818000
v 0.57376540 0.31143379 1.89896154
v 0.64340866 0.31143379 1.43898582
v 1.23601878 0.16837120 -1.26339960
v 1.46894348 0.16837120 -1.19168854
v 1.64727116 0.16837120 -0.94829535
v 1.74419057 0.16837120 -0.45003557
v 1.79819894 0.16837120 -0.14227360
v 0.72169697 0.16837120 -0.17373359
v 0.75524473 0.16837120 -0.42196691
v 0.84104156 0.16837120 -0.90289724
v 1.00666952 0.16837120 -1.18335152
v 1.85197270 0.16837120 0.35978204
v 0.78439760 0.16837120 0.32995877
v 0.75147623 0.16837120 0.78446490
v 1.89449036 0.16837120 0.81592476
v 1.93657708 0.16837120 1.47598767
v 1.90304363 0.16837120 2.11975527
v 1.75938559 0.16837120 2.62849998
v 1.50422406 0.16837120 2.88638854
v 1.21395493 0.16837120 2.94903898
v 0.91486704 0.16837120 2.84175467
v 0.62382889 0.16837120 2.40818000
v 0.57376540 0.16837120 1.89896154
v 0.64340866 0.16837120 1.43898582
v -0.35158280 23.14679337 -1.42515826
v -0.29754758 22.99182510 -1.28772759
v -0.63889354 23.14656639 -1.12991166
v -0.56432629 22.99252319 -1.02513766
v -1.04628527 23.74368477 -0.89152211
v -0.95408767 23.35864449 -0.79201919
v -0.83849394 23.16247749 -0.75973612
v -0.72796506 22.96266556 -0.71076697
v 0.00000000 22.25604248 0.62708974
v 0.00000000 22.25604248 0.62708974
v 0.00000000 22.25604248 0.62708974
v 0.00000000 22.25604248 0.62708974
v -1.08258224 23.74284172 -0.68410629
v -0.96720695 23.20377350 -0.55959159
v -0.87554455 23.08300591 -0.43908963
v -0.87554455 23.08300591 -0.43908963
v -0.77644712 22.94040108 -0.52659345
v -0.05984074 22.25839043 0.59433103
v -0.05984074 22.25839043 0.59433103
v -0.13226253 22.26526642 0.51197642
v -0.13226253 22.26526642 0.51197642
v -0.22031480 22.29060364 0.35488468
v -0.22031480 22.29060364 0.35488468
v -0.33886784 22.35956764 0.15168750
v -0.33886784 22.35956764 0.15168750
v -0.48233035 22.46108818 -0.09663319
v -0.48233035 22.46108818 -0.09663319
v -0.59024090 22.56674576 -0.22850859
v -0.59024090 22.56674576 -0.22850859
v -0.72402322 22.77966881 -0.32907167
v -0.72402322 22.77966881 -0.32907167
v -0.91706949 24.05974579 0.27930585
v -0.84412956 24.26351547 0.51815397
v -0.80007410 24.06653595 0.51298094
v -0.67714787 24.47050285 0.65566492
v -0.65822190 24.25485992 0.68607771
v -0.61530805 24.05105400 0.68626487
v -0.43989640 24.45291138 0.75417101
v -0.43281192 24.23743439 0.79322445
v -0.41889569 24.02141190 0.80259752
v -0.24472702 24.44878960 0.81935400
v -0.24121220 24.23488426 0.86539328
v -0.21834449 24.02147865 0.86291599
v 0.00000000 24.43301010 0.81317681
v 0.00000000 24.43301010 0.81317681
v 0.00000000 24.22286606 0.86915261
v 0.00000000 24.22286606 0.86915261
v 0.00000000 24.01515579 0.87100303
v 0.00000000 24.01515579 0.87100303
v 0.00000000 23.14621162 -1.54111171
v 0.00000000 23.14621162 -1.54111171
v 0.00000000 22.99182510 -1.39507556
v 0.00000000 22.99182510 -1.39507556
v -0.80969673 22.96907806 -0.35832125
v -0.80969673 22.96907806 -0.35832125
v 0.00000000 22.28452301 0.67562002
v 0.00000000 22.28452301 0.67562002
v -0.07304090 22.28864098 0.64920604
v -0.14879602 22.29363441 0.57684106
v -0.23718393 22.31643486 0.41671008
v -0.36184183 22.38458061 0.22023779
v -0.51030803 22.48164749 -0.03785606
v -0.61624241 22.59311485 -0.16827667
v -0.75331593 22.81157494 -0.26297861
v -0.83591890 22.99384308 -0.27288082
v 0.00000000 22.34907150 0.71498853
v 0.00000000 22.34907150 0.71498853
v -0.09138125 22.34865952 0.68992072
v -0.17380083 22.35225487 0.62409228
v -0.27178961 22.37622261 0.46541888
v -0.41417357 22.43834686 0.28055370
v -0.55266446 22.52483559 0.02621652
v -0.64329356 22.62224197 -0.10752100
v -0.78180349 22.86472130 -0.19592170
v -0.86529762 23.04127693 -0.23312297
v 0.00000000 22.43950081 0.72902423
v 0.00000000 22.43950081 0.72902423
v -0.11037028 22.43962288 0.69322580
v -0.20145136 22.44625854 0.61637062
v -0.30742466 22.45650864 0.48928136
v -0.42495763 22.49464417 0.33939067
v -0.59408230 22.60974884 0.09984156
v -0.69528556 22.72954178 -0.02829780
v -0.80817020 22.94088554 -0.11794631
v -0.88734972 23.10696602 -0.18276092
v -0.72038257 23.36506271 0.47088498
v -0.66803575 23.19076347 0.52747351
v -0.85238582 23.05963516 0.00338900
v -0.92823994 23.22589302 -0.07182214
v -0.80442548 23.18714333 0.37231168
v -0.85288006 23.35119057 0.33716199
v -0.57012767 23.34605789 0.62668216
v -0.52995515 23.17493439 0.65704256
v -0.44419700 23.34507751 0.72996229
v -0.39942828 23.17985344 0.75568891
v -0.27474892 23.37703705 0.80973607
v -0.24570076 23.17680359 0.80645394
v -0.13158524 23.47717094 0.80711913
v -0.13158524 23.47717094 0.80711913
v -0.13289267 23.17068481 0.90017837
v -0.13289267 23.17068481 0.90017837
v -0.58989441 23.00564575 0.55310643
v -0.74187577 22.84589767 0.09349839
v -0.70086437 22.98346710 0.41610444
v -0.45674840 23.02318954 0.67444217
v -0.32608932 23.03313828 0.79179078
v -0.19406444 23.03549194 0.85624284
v -0.10041100 23.03300858 0.89058846
v -0.10041100 23.03300858 0.89058846
v -0.43928659 22.83135605 0.58708853
v -0.61385441 22.68257713 0.20625213
v -0.53149009 22.78885841 0.47078377
v -0.34717387 22.88082123 0.68836993
v -0.23947120 22.91321754 0.78325039
v -0.12989265 22.92458534 0.86141211
v 0.00000000 22.92281342 0.89825231
v 0.00000000 22.92281342 0.89825231
v 0.00000000 22.53198624 0.71392232
v 0.00000000 22.53198624 0.71392232
v -0.11520326 22.53730583 0.68080145
v -0.20905419 22.52377892 0.62635976
v -0.31300786 22.52162552 0.52902758
v -0.42096430 22.54661369 0.41003764
v -0.34437692 22.74090195 0.63631058
v -0.47839838 22.63509941 0.41436875
v -0.41056579 22.69625092 0.54456204
v -0.27745885 22.79155350 0.72172147
v -0.19486934 22.81981468 0.80902106
v -0.08378309 22.83978653 0.87177771
v 0.00000000 22.84215355 0.89838213
v 0.00000000 22.84215355 0.89838213
v 0.00000000 22.61948967 0.72250992
v 0.00000000 22.61948967 0.72250992
v -0.10608113 22.61241150 0.71079975
v -0.19319573 22.59074974 0.66463286
v -0.28691775 22.58092690 0.59276402
v -0.38030121 22.59789276 0.50237077
v -0.28772232 22.70449638 0.67852777
v -0.32438344 22.66163063 0.60862678
v -0.23570311 22.74682617 0.75511658
v -0.15801203 22.77800751 0.83112592
v -0.07449228 22.79712677 0.88438267
v 0.00000000 22.79730988 0.90758103
v 0.00000000 22.79730988 0.90758103
v 0.00000000 22.69336510 0.76444441
v 0.00000000 22.69336510 0.76444441
v -0.09729534 22.68043900 0.74347192
v -0.17402703 22.65542030 0.71433645
v -0.25559220 22.66605377 0.67079276
v -0.24317381 22.68799400 0.69858330
v -0.20447606 22.71473122 0.76881748
v -0.13776058 22.75101852 0.83777040
v -0.06634969 22.76612091 0.88487667
v 0.00000000 22.76511192 0.90093166
v 0.00000000 22.76511192 0.90093166
v 0.00000000 22.72155952 0.76351327
v 0.00000000 22.72155952 0.76351327
v -0.09628445 22.71344948 0.74249530
v -0.16393107 22.69682312 0.71423715
v -0.21344393 22.69135284 0.64281541
v -0.20647830 22.68873978 0.61966318
v -0.18873793 22.69050026 0.71111143
v -0.13431388 22.71487808 0.77068740
v -0.06560683 22.73027039 0.81441110
v 0.00000000 22.73288727 0.84302324
v 0.00000000 22.73288727 0.84302324
v 0.00000000 22.71934128 0.71180570
v 0.00000000 22.71934128 0.71180570
v -0.09367001 22.70877457 0.66945702
v -0.15623921 22.69960022 0.63291430
v -0.11262506 23.61408424 0.77667123
v -0.15102404 23.71424484 0.79491967
v -1.07722831 23.81478691 -0.46623883
v -1.07722831 23.81478691 -0.46623883
v -1.05923223 23.87143517 -0.19216213
v -0.92277175 23.94606781 0.25103277
v -0.79143035 23.95577049 0.46270698
v -0.60787392 23.94265556 0.66345590
v -0.42149830 23.89616585 0.78144193
v -0.21981160 23.82782745 0.81662834
v 0.00000000 23.81392860 0.84077436
v 0.00000000 23.81392860 0.84077436
v 0.00000000 23.61891747 0.82146627
v 0.00000000 23.61891747 0.82146627
v 0.00000000 23.71855736 0.83049262
v 0.00000000 23.71855736 0.83049262
v -0.08268374 23.71802330 0.82179934
v -0.04160744 23.61891747 0.80811894
v -0.11680818 23.32882690 0.87320572
v -0.11680818 23.32882690 0.87320572
v 0.00000000 23.48638916 0.87766606
v 0.00000000 23.48638916 0.87766606
v 0.00000000 23.48638916 0.87766606
v -0.03419495 23.48638916 0.86343390
v -0.03419495 23.48638916 0.86343390
v -0.02759910 23.19156265 1.09974790
v 0.00000000 23.33083725 1.00103021
v -0.04225683 23.33034134 0.98710555
v 0.00000000 23.23748779 1.12423563
v -0.09391302 23.19664192 1.01521945
v -0.04234505 23.22779846 1.10292554
v 0.00000000 23.21781731 1.12372708
v 0.00000000 23.19003677 1.10828638
v -0.07753301 23.10836220 1.00978756
v 0.00000000 23.01314545 0.91479415
v 0.00000000 23.01314545 0.91479415
v 0.00000000 23.01314545 0.91479415
v 0.00000000 23.10728836 1.01804733
v -0.21598870 22.68749237 0.65109766
v -0.22176844 22.68735313 0.67068911
v -0.06599033 22.74346733 0.85002536
v 0.00000000 22.74512100 0.87226969
v 0.00000000 22.74512100 0.87226969
v -0.09417832 22.71378899 0.70555812
v -0.15960306 22.69849396 0.67158812
v -0.19455707 22.69621086 0.74079210
v -0.13604891 22.72930527 0.80440360
v 0.00000000 22.72708511 0.73791832
v 0.00000000 22.72708511 0.73791832
v -0.90006167 23.50198364 0.24434486
v -0.94715941 23.66833878 0.15201777
v -0.93782324 23.83485413 0.19212741
v -1.17678320 23.75609779 -0.70460039
v -0.86553365 23.06700516 -0.33902100
v -0.86553365 23.06700516 -0.33902100
v -0.92012763 23.19737053 -0.32859609
v -0.99059170 23.38514709 -0.26892564
v -0.99059170 23.38514709 -0.26892564
v -0.99059170 23.38514709 -0.26892564
v -1.04967403 23.63132095 -0.35437641
v -1.04967403 23.63132095 -0.35437641
v -1.05994821 23.72255325 -0.36614117
v -1.05994821 23.72255325 -0.36614117
v -0.51256204 22.59642601 0.31060013
v -0.51232070 22.54249954 0.21832888
v -0.48806149 22.48054314 0.15522061
v -0.43942457 22.43446541 0.09194521
v -0.41225806 22.41301537 0.02766472
v -0.41225806 22.41301537 0.02766472
v -0.63898587 23.54546356 0.50127321
v -0.55703914 23.52077866 0.56384528
v -0.47484031 23.51111412 0.62180495
v -0.38534918 23.51757050 0.64975446
v -0.30832964 23.54551315 0.68181145
v -0.29657835 23.60145569 0.70314467
v -0.32798082 23.66196251 0.70637524
v -0.68211436 23.78144264 0.47690028
v -0.58647937 23.77826691 0.58388215
v -0.48537481 23.74921036 0.65330344
v -0.39025196 23.70503998 0.69164097
v -0.71248180 23.59519005 0.44404590
v -0.77003586 23.66427994 0.39498883
v -0.76385939 23.75131798 0.38131809
v -0.12301202 24.22993088 0.87598550
v -0.12778521 24.44138336 0.82371950
v -0.11216143 24.01963043 0.86746722
v -0.10141724 23.81531715 0.82801372
v -0.59852064 23.82949638 0.62965399
v -0.47106892 23.79475212 0.71602422
v -0.55703592 23.46974373 0.58743811
v -0.65416700 23.49045944 0.50034022
v -0.35338867 23.73861885 0.75310254
v -0.46454269 23.46376991 0.65893483
v -0.28514999 23.67892265 0.74812406
v -0.36250427 23.48181534 0.70064926
v -0.76727068 23.56940079 0.39415547
v -0.82387096 23.66453552 0.33812639
v -0.26882511 23.52750778 0.72929472
v -0.82186103 23.77463722 0.34414536
v -0.25120515 23.60633659 0.73409003
v -0.71751416 23.83131027 0.49270400
v -1.07408977 23.14419556 -0.60379416
v -1.12416255 23.81133842 -0.61078292
v -0.87822813 22.97824097 -0.41797253
v -1.10884500 23.20309258 -0.59228784
v -1.19669867 23.71724892 -0.69352680
v -1.08886635 23.75994682 -0.46482584
v -1.03053582 23.61128616 -0.85634917
v -0.99963331 23.49230576 -0.82431716
v -1.07785749 23.55600929 -0.72409707
v -1.04367793 23.38311577 -0.68901020
v -1.18054307 23.55703354 -0.75763446
v -1.15958273 23.32339859 -0.73264366
v -1.19357967 23.78531075 -0.72461599
v -1.08312201 23.14300728 -0.62995476
v -1.14366603 23.84077263 -0.62518221
v -0.98241997 23.14822960 -0.41966125
v -0.93078077 23.14772797 -0.32174012
v -0.90988600 23.04310989 -0.33238515
v -1.02235389 23.53464317 -0.38152549
v -1.09236348 23.78697205 -0.48804936
v -1.19216514 23.57404327 -0.78953403
v -1.17980862 23.33014488 -0.76484269
v -1.20766497 23.78577042 -0.71230346
v -1.10372674 23.14300728 -0.62995476
v -1.15920782 23.84077263 -0.61254936
v -0.96968246 23.17446518 -0.37997136
v -0.93951428 23.19836235 -0.40683398
v -1.10959208 23.78697205 -0.48241052
v -1.21101761 23.57404327 -0.78632599
v -1.20010793 23.33014488 -0.76484269
v -1.16024649 23.76341057 -0.60980493
v -0.94379628 23.17212677 -0.44652387
v -1.11689878 23.74356079 -0.50058156
v -1.19892716 23.56485367 -0.73950332
v -1.19163001 23.36015320 -0.71706039
v -1.01186097 23.35444832 -0.43398651
v -1.01186097 23.35444832 -0.43398651
v -0.90600008 22.97824097 -0.41797253
v -1.07785630 23.25662613 -0.59126288
v -1.15616083 23.69192314 -0.68239886
v -1.12442148 23.73133659 -0.61091536
v -1.08826852 23.71808815 -0.51765829
v -1.15571558 23.56550407 -0.71929365
v -1.15098476 23.39072609 -0.69948655
v -0.92558861 23.43660736 -0.53275406
v -0.96106935 23.37832451 -0.45630106
v -0.96106935 23.37832451 -0.45630106
v -0.03344321 23.05297852 0.94845837
v -0.03344321 23.06972313 0.96744996
v -0.05108577 23.05663300 0.94400615
v -0.04295057 23.06992149 0.96593076
v -0.03063154 23.08253670 0.92435902
v -0.03063154 23.09985352 0.94335061
v -0.04827410 23.08619118 0.91990680
v -0.04578364 23.10004997 0.94183141
v -0.48347488 23.77350998 0.67788190
v -0.64592475 23.52211189 0.49976051
v -0.36838061 23.72214890 0.72481346
v -0.30240971 23.67518806 0.72747892
v -0.79431438 23.66323471 0.37036359
v -0.79144180 23.76373482 0.36298692
v -0.69722068 23.80908585 0.48345459
v -0.59489882 23.80615807 0.60154492
v -0.55722594 23.49860191 0.57353061
v -0.47056693 23.49079323 0.63841778
v -0.37599507 23.50199890 0.67128050
v -0.73666203 23.58356667 0.42399970
v -0.29019594 23.53705025 0.70459777
v -0.27727497 23.60321045 0.71818089
v -1.04663801 23.74881744 -0.20279905
v -1.02941036 23.63281631 -0.20485279
v -0.98707223 23.44423676 -0.12201712
v -0.59929234 22.72386742 0.30968589
v -0.75286639 22.89956093 0.17873906
v -0.93279350 23.27613068 0.03117687
v -0.86206669 23.11317062 0.09630336
v -0.04864770 22.68754005 0.75395817
v -0.04673326 22.72090149 0.75549638
v -0.04481840 22.71356201 0.69429868
v -0.04562855 22.72231674 0.72464317
v -0.30012035 23.59855270 0.70732790
v -0.33153278 23.65905762 0.71078366
v -0.59115154 23.77505875 0.59887528
v -0.68519151 23.77866554 0.48041874
v -0.49028236 23.74593925 0.66879994
v -0.39383850 23.70212364 0.69674319
v -0.76693654 23.74854088 0.38469034
v -0.76693654 23.74854088 0.38469034
v -0.76693654 23.74854088 0.38469034
v -0.48577616 23.76377106 0.70055497
v -0.48577616 23.76377106 0.70055497
v -0.37952057 23.71379662 0.72755355
v -0.37952057 23.71379662 0.72755355
v -0.31353134 23.66683960 0.73002428
v -0.31353134 23.66683960 0.73002428
v -0.79451895 23.76095772 0.36747551
v -0.79451895 23.76095772 0.36747551
v -0.70029783 23.79994774 0.48773038
v -0.70029783 23.79994774 0.48773038
v -0.59755415 23.79713440 0.62497497
v -0.59755415 23.79713440 0.62497497
v -0.28033388 23.60043716 0.72262758
v -0.28033388 23.60043716 0.72262758
v -0.85928857 23.98895454 0.41446784
v -0.85929799 23.97357750 0.41452977
v -0.18885988 23.70643997 0.82270598
v -0.23594362 23.77840042 0.82384473
v -0.30220753 23.78648376 0.81391746
v -0.30270261 23.81957436 0.81506145
v -0.37299088 23.86251450 0.80444384
v -0.44484934 23.89759636 0.78115314
v -0.51620626 23.92404366 0.74448085
v -0.58431602 23.94605255 0.70027292
v -0.64691526 23.96841431 0.64154440
v -0.70360851 23.97835159 0.57715976
v -0.75612122 23.98698807 0.51523775
v -0.80736524 23.99138260 0.46102518
v -0.80740589 23.97472572 0.46129194
v -0.75621867 23.96902275 0.51593214
v -0.70367217 23.95953178 0.57821447
v -0.64681482 23.94294739 0.64298975
v -0.58395785 23.92022705 0.70122522
v -0.51562858 23.89692879 0.74514037
v -0.44417301 23.86835670 0.78163046
v -0.37234849 23.83088493 0.80367672
v -0.21081114 22.57896996 -1.18135476
v -0.39817011 22.57840919 -0.94952446
v -0.51651001 22.54971886 -0.66789818
v -0.54666483 22.53421974 -0.51278824
v 0.00000000 22.58415222 -1.24829698
v 0.00000000 22.58415222 -1.24829698
v -0.54973716 22.54309273 -0.38378319
v -0.21741459 22.08982849 -1.18337512
v -0.41234669 22.09052658 -0.95017594
v -0.53191566 22.06425858 -0.67099172
v -0.56734097 22.04964256 -0.50838327
v 0.00000000 22.08982849 -1.25130749
v 0.00000000 22.08982849 -1.25130749
v -0.55055714 22.02156639 -0.36499643
v 0.00000000 22.77746773 -1.30672312
v 0.00000000 22.77746773 -1.30672312
v -0.60358149 22.74830818 -0.68056744
v -0.46790281 22.77816582 -0.96822268
v -0.24670719 22.77746773 -1.20849752
v -0.67210060 22.75408554 -0.38100523
v -0.64377964 22.72604370 -0.51418424
v -0.67071450 22.76659012 -0.35547447
v -0.53285897 22.51815033 -0.30214033
v -0.13369125 22.25690651 0.08170167
v -0.21970138 22.30171013 0.01681548
v -0.30764341 22.36161041 -0.06556480
v -0.40532511 22.42495155 -0.16631262
v 0.00000000 22.21673965 0.16264454
v 0.00000000 22.21673965 0.16264454
v -0.21741460 21.63086700 -0.05277368
v -0.31513080 21.88446617 -0.08035801
v -0.41234669 21.94669151 -0.16274099
v -0.49784288 21.99188232 -0.26924729
v 0.00000000 21.23534775 0.03847116
v 0.00000000 21.23534775 0.03847116
v -0.55767179 22.54148293 -0.26602960
v -0.27162021 22.33166313 0.07905295
v -0.16293135 22.28182030 0.20674028
v -0.35435557 22.38282776 -0.02201591
v -0.43729472 22.43366241 -0.12987828
v 0.00000000 22.25110435 0.34950179
v 0.00000000 22.25110435 0.34950179
v -0.52709574 22.26432800 -0.36836225
v -0.50774187 22.28894997 -0.67099172
v -0.39360693 22.31881714 -0.95017594
v -0.20753384 22.31811905 -1.18337512
v -0.39360693 22.17899132 -0.16226125
v -0.20753385 22.05709076 -0.08925921
v 0.00000000 21.92294884 0.04147889
v 0.00000000 21.92294884 0.04147889
v -0.54155719 22.26818466 -0.50838327
v 0.00000000 22.31811905 -1.24853611
v 0.00000000 22.31811905 -1.24853611
v -0.49937332 22.23722267 -0.28951678
v -0.30080917 22.11721039 -0.07027704
v -0.07935471 21.93990898 0.01909924
v -0.50659269 22.41425896 -0.29735518
v -0.30000141 22.29835129 -0.07248304
v -0.12162508 22.20871353 -0.03537413
v -0.39756843 22.35884666 -0.16922143
v -0.20759724 22.24840355 -0.06170069
v 0.00000000 22.16333008 0.02157946
v 0.00000000 22.16333008 0.02157946
v -0.27944928 21.69759750 -1.22622538
v -0.53000116 21.72282219 -0.95017594
v -0.66555721 21.75299263 -0.67099172
v -0.68014371 21.74690628 -0.50838327
v 0.00000000 21.72549057 -1.33406568
v 0.00000000 21.72549057 -1.33406568
v -0.65717870 21.72037315 -0.36499643
v -0.27944928 21.35057640 0.00956490
v -0.42452511 21.49590492 -0.07984980
v -0.52906448 21.61734772 -0.16274099
v -0.61452186 21.68317986 -0.26924729
v 0.00000000 21.03164291 0.13665579
v 0.00000000 21.03164291 0.13665579
v -0.56517428 21.47795677 -1.18620682
v -0.93465269 21.56306458 -0.95017594
v -0.99282336 21.59664154 -0.67099172
v -1.04186320 21.59120941 -0.50838327
v 0.00000000 21.53024864 -1.34910488
v 0.00000000 21.53024864 -1.34910488
v -0.99823326 21.56022644 -0.36499643
v -0.56517428 21.20594406 0.01054438
v -0.73490030 21.36731529 -0.08035801
v -0.81343955 21.45591927 -0.16274099
v -0.89680231 21.52159309 -0.26924729
v 0.00000000 20.62753677 0.35714340
v 0.00000000 20.62753677 0.35714340
v -0.16897905 22.67792702 0.71903181
v -0.09678990 22.69865990 0.74772865
v 0.00000000 22.70910072 0.76872385
v 0.00000000 22.70910072 0.76872385
v -0.04769048 22.70627785 0.75947231
v -0.21344393 22.69202042 0.36625472
v -0.20647830 22.68684578 0.34310248
v -0.18873793 22.73323822 0.43455073
v -0.13431388 22.77412033 0.49412671
v -0.06560683 22.81400108 0.53785044
v 0.00000000 22.82621384 0.56646258
v 0.00000000 22.82621384 0.56646258
v 0.00000000 22.64629173 0.43524501
v 0.00000000 22.64629173 0.43524501
v -0.09367001 22.64906693 0.39289632
v -0.15623921 22.65807533 0.35635361
v -0.04481840 22.64779663 0.41773799
v 0.00000000 22.71038628 0.37556991
v 0.00000000 22.71038628 0.37556991
v 0.00000000 25.34547043 -0.72400635
v 0.00000000 25.34547043 -0.72400635
v 0.00000000 25.27601051 -0.98607075
v 0.00000000 25.27601051 -0.98607075
v 0.00000000 25.16487503 -1.22759080
v 0.00000000 25.16487503 -1.22759080
v 0.00000000 25.01531219 -1.43928456
v 0.00000000 25.01531219 -1.43928456
v 0.00000000 24.83307076 -1.61301708
v 0.00000000 24.83307076 -1.61301708
v 0.00000000 24.63161087 -1.74211192
v 0.00000000 24.63161087 -1.74211192
v 0.00000000 24.44048309 -1.82157469
v 0.00000000 24.44048309 -1.82157469
v 0.00000000 24.25549316 -1.86286330
v 0.00000000 24.25549316 -1.86286330
v -0.04623991 25.34711647 -0.71876967
v -0.09070293 25.27780151 -0.97579867
v -0.13168015 25.16648674 -1.21267748
v -0.16759697 25.01668358 -1.42030382
v -0.19707325 24.83414841 -1.59069824
v -0.21897593 24.63073730 -1.71731305
v -0.23286337 24.44033813 -1.79526234
v -0.24020721 24.25575447 -1.83610678
v -0.09070293 25.34711647 -0.70326066
v -0.17792012 25.27780151 -0.94537652
v -0.25829989 25.16648674 -1.16851187
v -0.32875332 25.01668358 -1.36409140
v -0.38657296 24.83414841 -1.52459979
v -0.42953679 24.63073730 -1.64386773
v -0.45668036 24.44038391 -1.71730566
v -0.47091439 24.25611877 -1.75621176
v -0.13168027 25.34711647 -0.67807543
v -0.25829989 25.27780151 -0.89597404
v -0.37499323 25.16648674 -1.09679031
v -0.47727582 25.01668358 -1.27280736
v -0.56121701 24.83414841 -1.41726089
v -0.62362510 24.63073730 -1.52445555
v -0.66323668 24.44040871 -1.59016299
v -0.68512243 24.25632286 -1.62618375
v -0.16759716 25.34711647 -0.64418179
v -0.32875344 25.27780151 -0.82948929
v -0.47727585 25.16648674 -1.00026965
v -0.60745686 25.01668358 -1.14996004
v -0.71439177 24.83414841 -1.27248836
v -0.79443139 24.63073730 -1.36180043
v -0.84540409 24.44040871 -1.41495633
v -0.87434906 24.25632858 -1.44501758
v -0.19707339 25.34711647 -0.60288233
v -0.38657314 25.27780151 -0.74847752
v -0.56121701 25.16648674 -0.88265884
v -0.71435738 25.01668358 -1.00009441
v -0.84104007 24.83414841 -1.09426546
v -0.93855274 24.63073730 -1.15868950
v -1.00754130 24.44040871 -1.19443464
v -1.04393315 24.25632858 -1.21441650
v -0.21897620 25.34711647 -0.55576414
v -0.42953703 25.27780151 -0.65605175
v -0.62359095 25.16648674 -0.74847740
v -0.79387015 25.01668358 -0.82884634
v -0.92806864 24.83153915 -0.88494956
v -1.04055572 24.63237190 -0.92222178
v -1.11372042 24.44119072 -0.94089150
v -1.14859056 24.27424240 -0.94732112
v -0.23246394 25.34711647 -0.50463778
v -0.45599407 25.27780151 -0.55576402
v -0.66200054 25.16648674 -0.60288221
v -0.84070915 25.01668358 -0.64331824
v -0.97817326 24.83153915 -0.66758776
v -1.08766866 24.63237190 -0.67995352
v -1.14621806 24.44119072 -0.68569535
v -1.18314767 24.27424240 -0.68245101
v -0.23701811 25.34711647 -0.45146826
v -0.46492749 25.27780151 -0.45146838
v -0.67496997 25.16648674 -0.45146838
v -0.85375911 25.01668358 -0.45086360
v -0.99006844 24.83153915 -0.44518185
v -1.09478283 24.63237190 -0.43644542
v -1.14049363 24.44119072 -0.43629825
v -1.16881502 24.27424240 -0.43622974
v -0.22811477 25.34711647 -0.36905563
v -0.44746292 25.27780151 -0.28981030
v -0.64961529 25.16648674 -0.21677721
v -0.82642943 25.01668358 -0.15272650
v -0.96606600 24.83153915 -0.10405788
v -1.07010734 24.63261414 -0.05104610
v -1.11170208 24.44448090 -0.03682330
v -0.19707339 25.34711647 -0.30005428
v -0.38657311 25.27780151 -0.15445921
v -0.56121701 25.16648674 -0.02027798
v -0.71427953 25.01668358 0.09733286
v -0.84532684 24.83414841 0.20152578
v -0.94221336 24.63138962 0.29620290
v -0.97736484 24.44475174 0.33997157
v -1.02528512 24.27520752 0.31413680
v -0.16759710 25.34711647 -0.25875485
v -0.32875338 25.27780151 -0.07344744
v -0.47727579 25.16648674 0.09733286
v -0.60746056 25.01668358 0.24702293
v -0.72102630 24.83418846 0.37903106
v -0.79931295 24.63681221 0.50400215
v -0.84349328 24.45535088 0.58622569
v -0.13168015 25.34711647 -0.22486129
v -0.25829989 25.27780151 -0.00696278
v -0.37499315 25.16648674 0.19385350
v -0.47727567 25.01661873 0.36997378
v -0.56351078 24.83314514 0.51898384
v -0.64752030 24.62954140 0.65308672
v -0.68503118 24.43906975 0.72712463
v -0.70017952 24.26887131 0.77215576
v -0.09070293 25.34711647 -0.19967595
v -0.17792004 25.27780151 0.04243979
v -0.25829977 25.16648674 0.26557481
v -0.32875320 25.01645279 0.46152633
v -0.38659659 24.83187485 0.62531537
v -0.43143827 24.62419891 0.74803841
v -0.46147069 24.43411064 0.81352395
v -0.49591109 24.37941742 0.82624364
v -0.04915798 25.34711647 -0.18449749
v -0.09642681 25.27780151 0.07221341
v -0.13998991 25.16648674 0.30879956
v -0.17817329 25.01636696 0.51667833
v -0.20950958 24.83117104 0.69098246
v -0.23189569 24.62159538 0.80680168
v -0.24187052 24.42527008 0.86472714
v 0.00000000 25.34547043 -0.17848976
v 0.00000000 25.34547043 -0.17848976
v 0.00000000 25.27601051 0.08399817
v 0.00000000 25.27601051 0.08399817
v 0.00000000 25.16487503 0.32590842
v 0.00000000 25.16487503 0.32590842
v 0.00000000 25.01489258 0.53862190
v 0.00000000 25.01489258 0.53862190
v 0.00000000 24.82983780 0.71699089
v 0.00000000 24.82983780 0.71699089
v 0.00000000 24.62225914 0.83564723
v 0.00000000 24.62225914 0.83564723
v 0.00000000 24.42480659 0.89858848
v 0.00000000 24.42480659 0.89858848
v 0.00000000 24.23654747 0.94635904
v 0.00000000 24.23654747 0.94635904
v 0.00000000 25.36675262 -0.45146826
v 0.00000000 25.36675262 -0.45146826
v -0.11364013 24.42444611 0.89328039
v -0.10956950 24.62140274 0.83083963
v -0.02708539 25.34768677 -0.17895159
v -0.04557135 25.27780151 0.08056590
v -0.06615940 25.16648674 0.32092535
v -0.08420487 25.01636696 0.53211093
v -0.09901442 24.83108711 0.70941728
v -0.28933913 23.85308075 0.86616343
v -0.25419962 24.01437569 0.91999888
v 0.00000000 23.59511948 0.88210237
v 0.00000000 23.59511948 0.88210237
v -0.16448455 23.77747917 0.90540552
v -0.15159208 23.89952850 0.93479878
v -0.13946879 24.01429558 0.94993085
v 0.00000000 23.87343025 0.96076095
v 0.00000000 23.87343025 0.96076095
v 0.00000000 23.68592453 0.90678442
v 0.00000000 23.68592453 0.90678442
v -0.24269238 24.10460472 0.92267573
v -0.32166016 23.94746017 0.87890840
v -0.36307123 24.08356476 0.88207513
v -1.08232629 24.09846878 0.21314114
v -0.87812907 23.68214226 0.32951885
v -0.74501920 24.04588890 0.75123310
v -0.65287155 23.77330017 0.67332655
v -0.97311491 23.86659813 0.27816358
v -1.10454142 23.77464867 -0.45296052
v -1.04143918 23.50540161 -0.20408176
v -0.96883506 23.27482605 -0.26986128
v -1.05688941 24.18626022 0.27262035
v -0.88170743 24.01691818 0.60159355
v -0.91577625 23.87011147 0.40336925
v -0.53779775 24.20334816 0.84113359
v -0.58028424 24.05957413 0.82105321
v -0.62230933 23.91611481 0.76714009
v -1.07287359 23.63947868 -0.15500890
v -1.08066964 23.79193497 -0.03192732
v -1.10388184 23.94490623 0.09392489
v -1.00413084 23.73318863 0.17093000
v -1.02447879 23.58021736 0.04722893
v -0.99573135 23.42776108 -0.10952121
v 0.00000000 23.67198944 -1.82641411
v 0.00000000 23.67198944 -1.82641411
v -0.20127398 23.68460274 -1.80446196
v -0.41082862 23.70121193 -1.73496103
v -0.60854691 23.72179794 -1.62010598
v -0.78533292 23.74293327 -1.44623375
v -0.94617313 23.75872803 -1.21750355
v -1.09014225 23.75872803 -0.94267869
v -1.07928395 23.73241234 -0.70710164
v -1.10335922 23.83185577 -0.59562624
v -1.12988806 23.91382980 -0.69961882
v -1.15565681 24.07004547 -0.68855202
v -1.16670859 24.07869720 -0.49804693
v -1.14488077 23.92714882 -0.54842031
v -0.21621963 23.86891747 -1.83135176
v -0.22380328 24.04434013 -1.84246302
v -0.44551912 24.05366516 -1.76653671
v -0.43316618 23.88099670 -1.75767255
v -0.65347350 24.06236076 -1.63801622
v -0.63709044 23.89355087 -1.63296270
v 0.00000000 23.85853004 -1.85476065
v 0.00000000 23.85853004 -1.85476065
v 0.00000000 24.03548241 -1.86683798
v 0.00000000 24.03548241 -1.86683798
v -1.10916924 23.90523338 -0.94248646
v -1.12818706 24.06720543 -0.94743657
v -0.99537736 23.90455246 -1.21974325
v -1.01763034 24.06720543 -1.22491121
v -0.82470107 23.90273666 -1.45222497
v -0.84565896 24.06719017 -1.45695949
v -1.02893102 23.44043541 -0.29416168
v -1.11941969 24.05849075 -0.02518096
v -1.10297370 23.83672333 -0.13627353
v -1.10122049 23.69925117 -0.25383919
v -0.03505409 23.54852867 0.84234542
v 0.00000000 23.39769745 -1.71714973
v 0.00000000 23.39769745 -1.71714973
v -0.17648172 23.40997505 -1.69770598
v -0.37417036 23.42845917 -1.64613914
v -0.56108928 23.46086311 -1.55299425
v -0.72903591 23.51388359 -1.41155744
v -0.88143671 23.54711723 -1.21202660
v -1.01857197 23.55137253 -0.96330333
v -1.07899797 23.59189606 -0.75108010
v 0.00000000 23.08231735 -1.50822711
v 0.00000000 23.08231735 -1.50822711
v -0.14877297 23.09245491 -1.50509405
v -0.33229515 23.11551285 -1.49407029
v -0.52030784 23.16907883 -1.43086624
v -0.68299115 23.23154259 -1.31139445
v -0.82923990 23.28356552 -1.14372134
v -0.96058029 23.29866982 -0.91787416
v -1.03132689 23.34159088 -0.70698065
v 0.00000000 22.93168831 -1.43254662
v 0.00000000 22.93168831 -1.43254662
v -0.10485941 22.91212654 -1.37555575
v -0.27241188 22.93848038 -1.37230539
v -0.43853360 22.97675896 -1.22488952
v -0.50007463 23.00088310 -1.12405705
v -0.64997852 22.98593521 -1.01402307
v -0.83875513 23.06832695 -0.79013050
v -0.93646717 23.12996292 -0.62792152
v -0.64982778 22.80352211 -0.88458008
v 0.00000000 22.73141289 -1.39989209
v 0.00000000 22.73141289 -1.39989209
v -0.20959714 22.78734589 -1.38138938
v -0.37508529 22.76521683 -1.20388579
v -0.48211008 22.78873634 -1.13261890
v -0.53391051 22.81157875 -1.07446694
v -1.13555157 24.28643227 -0.08285519
v -0.85816103 24.28663826 0.61750948
v -0.23224789 24.23654747 0.90541917
v -0.11599138 24.23654747 0.92984104
v -1.08258224 23.83961296 -0.68410629
v -1.07722831 23.91156006 -0.46623883
v -0.70284307 15.60912704 0.46389228
v -0.70284307 15.60912704 0.46389228
v 0.00000000 15.72298336 -1.81220627
v 0.00000000 15.72298336 -1.81220627
v -0.17694926 15.71688461 -1.82955337
v -0.17694926 15.71688461 -1.82955337
v -0.57136714 15.68552780 -1.90140343
v -0.57136714 15.68552780 -1.90140343
v -0.96477699 15.64167309 -1.79418802
v -0.96477699 15.64167309 -1.79418802
v -1.22182930 15.61064339 -1.65871978
v -1.22182930 15.61064339 -1.65871978
v -1.19072664 15.57814598 0.25931472
v -1.19072664 15.57814598 0.25931472
v -1.60163903 15.54568291 -1.32336307
v -1.60163903 15.54568291 -1.32336307
v -1.60163903 15.54568291 -1.32336307
v -1.60163903 15.54568291 -1.32336307
v -1.73546219 15.51237869 -0.93565232
v -1.73546219 15.51237869 -0.93565232
v -1.77042067 15.51199055 -0.57106209
v -1.77042067 15.51199055 -0.57106209
v -1.69002914 15.54060364 -0.31050891
v -1.69002914 15.54060364 -0.31050891
v -1.52439296 15.55428600 0.01819009
v -1.52439296 15.55428600 0.01819009
v -1.52439296 15.55428600 0.01819009
v -1.52439296 15.55428600 0.01819009
v 0.00000000 15.58955669 0.49687511
v 0.00000000 15.58955669 0.49687511
v -0.72019017 15.23252487 0.51357085
v 0.00000000 15.34602165 -1.90327215
v -0.22617674 15.34017754 -1.93481088
v -0.63443971 15.30896759 -2.00789475
v -1.04172409 15.26529884 -1.89129877
v -1.30695105 15.23439789 -1.74805999
v -1.27403474 15.20179653 0.30072492
v -1.69086671 15.16962624 -1.35214210
v -1.69086671 15.16962624 -1.35214210
v -1.83521867 15.13633823 -0.94619679
v -1.87112105 15.13595390 -0.55330169
v -1.78811371 15.16453266 -0.28069478
v -1.61407447 15.17813492 0.05670315
v -1.61407447 15.17813492 0.05670315
v 0.00000000 15.21248531 0.54215819
v -0.18506038 11.52091026 -0.23577982
v -0.42418623 11.59510803 0.28920871
v -0.82883799 11.62508869 0.67588538
v -2.05686760 11.64339542 0.21921474
v -2.05686760 11.64339542 0.21921474
v -2.20372701 11.64339542 -0.19809598
v -2.26176357 11.64339542 -0.60792094
v -2.25720334 11.64339542 -0.94962949
v -2.14867735 11.64339542 -1.35924339
v -2.14867735 11.64339542 -1.35924339
v -1.71974170 11.64339542 0.61874563
v -1.81070662 11.64339542 -1.69105768
v -1.56364787 11.64339542 -1.83101130
v -1.12933886 11.64339542 -1.94277692
v -1.59904993 15.42098522 -1.32389569
v -1.59904993 15.42098522 -1.32389569
v -0.57176769 15.56083012 -1.91761994
v -0.17777586 15.59218788 -1.84364581
v 0.00000000 15.46485901 0.49687511
v -0.70319307 15.48443031 0.46383137
v -1.73360753 15.38768101 -0.93565083
v -1.76844609 15.38729286 -0.57102650
v -1.68818295 15.41590595 -0.31048220
v -0.96472329 15.51697540 -1.80921149
v -1.52212131 15.42958832 0.01819009
v -1.52212131 15.42958832 0.01819009
v 0.00000000 15.59828568 -1.82416701
v -1.19047368 15.45344830 0.25927907
v -1.22147655 15.48594666 -1.67245913
v -0.32122445 15.00342941 -2.04554200
v 0.00000000 15.00937843 -1.98916078
v -1.36578596 14.84126377 0.35278398
v -1.71724653 14.81742859 0.10865933
v -1.71724653 14.81742859 0.10865933
v -1.42301309 14.87377357 -1.77248001
v -1.16725600 14.90478516 -1.95827746
v -0.76473069 14.85647202 0.53231770
v -1.79306114 14.80883503 -1.36681962
v -1.79306114 14.80883503 -1.36681962
v -0.75996017 14.94861126 -2.10383725
v 0.00000000 14.81087780 0.55891114
v -1.94671631 14.77553177 -0.94791311
v -1.98298323 14.77514458 -0.53734565
v -1.89760637 14.80375481 -0.23536217
v -0.73292667 14.34214687 0.53759843
v 0.00000000 14.55000401 -2.05400610
v -0.38064969 14.59187317 -2.12138391
v -0.84313011 14.58014870 -2.15221620
v -1.26809084 14.54201889 -1.97510743
v -1.51554787 14.51099014 -1.79124141
v -1.41818917 14.47386265 0.39743620
v -1.87881184 14.44602871 -1.38031363
v -1.87881184 14.44602871 -1.38031363
v -2.04662704 14.41272449 -0.94962949
v -2.08411980 14.41233635 -0.53340769
v -1.99295747 14.44094944 -0.21861631
v -1.80194068 14.45463181 0.14969140
v -1.80194068 14.45463181 0.14969140
v 0.00000000 14.21012592 0.73517770
v -0.74497151 11.64339542 -1.87909555
v -0.73524696 13.82401180 0.63478059
v 0.00000000 13.77694511 -1.98771310
v -0.22228026 13.64437962 -2.02830768
v -0.83743703 14.11278534 -2.07952452
v -1.31147671 14.14062881 -1.92291617
v -1.55728543 14.11207390 -1.73998809
v -1.45666277 14.05564022 0.44801146
v -1.93258750 14.05228996 -1.35884404
v -1.93258750 14.05228996 -1.35884404
v -2.10447264 14.02164078 -0.94962949
v -2.14235020 14.02128410 -0.53340769
v -2.04916096 14.04761600 -0.21553707
v -1.85494483 14.06020737 0.17643529
v -1.85494483 14.06020737 0.17643529
v 0.00000000 13.42607212 0.71020538
v -1.08394682 11.64321804 0.77234286
v 0.00000000 12.79203701 0.32009295
v -0.10589622 12.70715809 0.32255033
v 0.00000000 12.52563095 -0.20620212
v -0.05627549 12.52312469 -0.20404342
v 0.00000000 12.49008369 -0.68726712
v 0.00000000 12.49008369 -0.68726712
v -0.04743791 12.43426418 -0.68726730
v -0.04743791 12.43426418 -0.68726730
v 0.00000000 12.71582699 -1.19192505
v -0.07535315 12.65020657 -1.19517350
v 0.00000000 13.12397385 -1.59840178
v -0.10101628 13.08943272 -1.61068630
v -0.87566602 13.13701153 0.72047609
v -0.57983470 12.86081505 -1.81607723
v -0.95732170 13.18802357 -1.87310290
v -1.38266575 13.40293694 -1.76133752
v -1.64284289 13.41250992 -1.62549520
v -1.54623497 13.36977005 0.56513268
v -2.02516341 13.41250992 -1.32283688
v -2.02516341 13.41250992 -1.32283688
v -2.18096828 13.41250992 -0.94399738
v -2.21948385 13.41250992 -0.53340310
v -2.12886858 13.41250992 -0.20265597
v -1.93853188 13.41250992 0.21544951
v -1.93853188 13.41250992 0.21544951
v -0.63125730 12.94923782 0.66551894
v -0.27781105 12.46665955 0.31605390
v -0.12875438 12.20744133 -0.23932487
v -0.10281456 12.04510689 -0.68726730
v -0.10281456 12.04510689 -0.68726730
v -0.14697862 12.16881084 -1.17706680
v -0.24522889 12.48099995 -1.52818203
v 0.00000000 13.08979893 0.59310627
v -0.41565239 12.65131950 0.53830099
v -0.52901125 13.19259453 -1.90733576
v -0.90624410 13.56875420 -1.96145391
v -0.12240839 12.31479359 -0.24126434
v -0.10147905 12.13189793 -0.68726730
v -0.10147905 12.13189793 -0.68726730
v -0.80423075 13.40721035 0.69155020
v -0.49021900 13.14474392 0.66571814
v -1.98359799 13.69745064 -1.34217739
v -1.98359799 13.69745064 -1.34217739
v -2.15397930 13.68212509 -0.94857502
v -0.22500682 12.64788818 0.30764392
v -2.19227457 13.68194675 -0.53340769
v -0.21039116 12.69528770 -1.57129526
v -2.09977961 13.69511223 -0.20792001
v -1.34654272 13.73810673 -1.83077407
v -0.13289785 12.24835396 -1.18628550
v -1.90487969 13.70140839 0.19512993
v -1.90487969 13.70140839 0.19512993
v -1.49909544 13.66237831 0.51413113
v -1.60963881 13.72734165 -1.67246771
v -0.33535194 12.88018608 0.56753659
v -0.09968233 11.51826000 -0.68726730
v -0.09968233 11.51826000 -0.68726730
v -0.23845875 11.55330467 -1.18356681
v -0.37020516 11.61400032 -1.56165481
v -0.58115804 11.60824108 0.50158590
v -0.55429137 11.94923019 0.53556687
v -0.49055588 12.42657089 0.53372043
v -2.10718560 12.93877316 -1.32283688
v -2.10718560 12.93877316 -1.32283688
v -2.14166856 12.14311409 -1.34790730
v -2.14166856 12.14311409 -1.34790730
v -0.27971768 12.24087906 -1.52818203
v -0.35024011 11.90673542 -1.55009913
v -1.71097171 12.14306068 0.61215454
v -1.63859200 12.93814659 0.59288329
v -0.16483974 11.95451164 -1.17706680
v -0.21757889 11.75725365 -1.18356681
v -0.08295631 11.70191765 -0.68726730
v -0.08295631 11.70191765 -0.68726730
v -0.09981656 11.89638424 -0.68726730
v -0.09981656 11.89638424 -0.68726730
v -1.73962831 12.94097900 -1.62549520
v -1.80805612 12.14429283 -1.64911437
v -1.55866075 12.14439869 -1.78750777
v -1.48117948 12.94167614 -1.76133752
v -0.31997621 12.22713184 0.31671923
v -0.39122319 11.90680027 0.32197350
v -0.73274827 12.10515213 -1.83842874
v -0.64790726 12.62290096 -1.81607723
v -1.03378654 12.85817909 -1.87310290
v -1.11967909 12.14443874 -1.89927363
v -1.06366920 12.08716965 0.76768309
v -0.96719116 12.74543858 0.75139409
v -0.71926296 12.58678246 0.69326383
v -0.81095177 12.04357338 0.69490165
v -2.23907375 12.93812656 -0.94399738
v -2.25811648 12.14298153 -0.94962949
v -2.26698947 12.94014168 -0.53337300
v -2.26892614 12.14301968 -0.60792094
v -2.18839049 12.93818474 -0.19124991
v -2.20740652 12.14307404 -0.18755466
v -0.14393926 11.97611046 -0.22637767
v -0.15829718 11.72434616 -0.22488320
v -2.02774239 12.93859482 0.23701698
v -2.02774239 12.93859482 0.23701698
v -2.05785275 12.14335251 0.24150127
v -2.05785275 12.14335251 0.24150127
v -0.18743587 11.28968620 -0.23747581
v -0.42296755 11.31588840 0.29131001
v -0.82569128 11.31740284 0.68072051
v -2.04686832 11.31740284 0.21953636
v -2.04686832 11.31740284 0.21953636
v -2.19266582 11.31740284 -0.19997174
v -2.25659776 11.31740284 -0.74626499
v -2.24569345 11.31740284 -1.00840521
v -2.13812685 11.31740284 -1.42130518
v -2.13812685 11.31740284 -1.42130518
v -1.71175003 11.31740284 0.62277943
v -1.80200398 11.31740284 -1.75578141
v -1.55624485 11.31740284 -1.89685750
v -1.12431061 11.31740284 -2.00951982
v -0.74218583 11.31740284 -1.94532752
v -1.07932186 11.31740284 0.77733570
v -0.10326898 11.28865433 -0.69278061
v -0.10326898 11.28865433 -0.69278061
v -0.23988605 11.31451416 -1.24421930
v -0.36931515 11.31740284 -1.62534022
v -0.57932925 11.31739235 0.50516158
v -2.25441360 11.31740284 -0.46859604
v -0.33418381 21.55471039 -1.42682743
v -0.33418381 21.55471039 -1.42682743
v -0.33418381 21.55471039 -1.42682743
v -0.62294984 21.58314705 -1.22980475
v -0.62294984 21.58314705 -1.22980475
v -0.80679107 21.64186096 -1.05907655
v -0.93344378 21.73738670 -0.58312964
v -0.93344378 21.73738670 -0.58312964
v -0.84637356 21.59287834 -0.24345559
v -0.67087209 21.33074760 0.01036495
v -0.33418393 20.99407768 0.22743124
v 0.00000000 20.67686462 0.37602538
v 0.00000000 20.91986656 0.33931571
v -0.56202972 21.67563057 -1.15722799
v -0.60778129 21.43956757 -0.02034289
v -0.28888679 21.15041733 0.13075918
v -0.87329078 21.75201035 -0.58331084
v -0.78788233 21.63522530 -0.24419844
v -0.76149392 21.69259644 -1.04020143
v 0.00000000 21.51685905 -1.49588799
v 0.00000000 21.51685905 -1.49588799
v -1.04905784 21.14838219 -1.50334454
v -1.21143854 21.51613998 -1.10370445
v -1.33809125 21.60876083 -0.57492775
v -1.33809125 21.60876083 -0.57492775
v -1.25102091 21.46420670 -0.16986984
v -1.07551944 20.94139862 0.18851608
v -1.45656407 20.90018463 -1.64961386
v -1.67543507 21.43433571 -1.09554172
v -1.80222631 21.47362328 -0.53150320
v -1.80222631 21.47362328 -0.53150320
v -1.71503282 21.32744598 -0.12843210
v -1.49108827 20.46441269 0.24701720
v -1.74911094 20.61413193 -1.67663622
v -2.02027345 21.24063683 -1.12436414
v -2.12945795 21.26927567 -0.51692140
v -2.12945795 21.26927567 -0.51692140
v -2.02574348 21.11188889 -0.09382206
v -1.76004720 20.05464172 0.16178197
v -0.77019715 21.47824097 -0.09375781
v -0.70970941 21.55009842 -0.11644089
v -1.17484450 21.23709679 0.03832740
v -1.63868308 20.98177910 0.09351712
v -1.98921144 20.75043869 0.11743289
v -2.03436828 20.39745712 -1.59392333
v -2.03436828 20.39745712 -1.59392333
v -0.78033137 20.47312164 0.50776273
v 0.00000000 20.08100510 0.58662313
v -2.40503001 20.86724472 -1.20517278
v -2.40503001 20.86724472 -1.20517278
v -2.54969215 20.86638069 -0.52327645
v -2.54969215 20.86638069 -0.52327645
v -2.54969215 20.86638069 -0.52327645
v -2.46042347 20.67364120 -0.04916698
v -2.46042347 20.67364120 -0.04916698
v -1.87341034 19.78146172 0.11058432
v -1.87341034 19.78146172 0.11058432
v -2.24383259 20.36526299 0.06625992
v -2.24383259 20.36526299 0.06625992
v -1.07571769 19.87748528 0.55469280
v 0.00000000 19.18955994 0.60863453
v -0.54134560 19.31533051 0.64493304
v -1.31408012 19.40456581 0.47715312
v 0.00000000 18.41023636 0.54416209
v -0.71197629 18.72723389 0.59347337
v -1.32710636 19.05785370 0.42259699
v 0.00000000 18.11954689 0.52846652
v -0.74873745 18.40405273 0.56716889
v 0.00000000 20.21032333 -1.91381717
v -0.77725691 20.83774948 -1.70426250
v -1.23944831 20.53305244 -1.77202296
v -1.55306983 20.25318146 -1.72322416
v -1.75535882 19.96291924 -1.61019397
v -1.75535882 19.96291924 -1.61019397
v -0.18622565 20.19156647 -1.93604302
v -0.62929881 20.00449562 -1.92952752
v -1.09144711 19.81180000 -1.99734163
v -1.38359249 19.63512802 -1.88631678
v 0.00000000 19.22649384 -1.91938138
v -0.18622565 19.20773697 -1.95008302
v -0.61838281 19.16808701 -1.91981149
v -1.04617476 19.06304359 -1.89644861
v -1.30878055 18.88637161 -1.76951218
v -1.66878223 19.04309273 -1.43168521
v -1.66878223 19.04309273 -1.43168521
v -1.68727183 19.45623779 -0.95377427
v -1.72646093 18.87578201 -0.97000241
v -1.67335331 19.46292114 -0.45665455
v -1.76061499 18.85097694 -0.52590609
v -1.71445251 19.51283836 -0.13353199
v -1.72311294 18.93687057 -0.21286058
v -1.25578439 18.36652184 0.37675780
v -1.64231789 19.02137947 0.02945191
v -1.64231789 19.02137947 0.02945191
v -1.63558674 18.45564651 -1.34610987
v -1.63558674 18.45564651 -1.34610987
v -1.71987426 18.34253883 -0.94648689
v -1.75601685 18.29799271 -0.54041743
v -1.71707213 18.33672333 -0.23330438
v -1.59728968 18.34124565 0.00451261
v -1.59728968 18.34124565 0.00451261
v -0.72696078 17.98150826 0.51568979
v 0.00000000 18.11885071 -1.84135556
v -0.18302119 18.11275291 -1.85104060
v -0.59097326 18.05790901 -1.79381919
v -0.99788284 18.01405334 -1.75225759
v -1.26375568 17.98302460 -1.61772680
v -1.23158586 17.95052719 0.35827357
v -1.61977518 17.91806412 -1.34610987
v -1.61977518 17.91806412 -1.34610987
v -1.69241047 17.88475990 -0.94648689
v -1.72855306 17.88437271 -0.54041743
v -1.68960834 17.91298485 -0.23330438
v -1.56982589 17.92666626 0.00451261
v -1.56982589 17.92666626 0.00451261
v 0.00000000 17.96193695 0.51307243
v -2.25573587 19.87527657 -1.55426192
v -2.71967244 20.07386017 -1.14067841
v -2.86940956 20.09050369 -0.66585612
v -2.71316743 19.95523453 -0.19938542
v -1.92415082 19.38677025 0.04257971
v -2.38294268 19.73947144 0.08667165
v -1.83979118 19.60330582 -1.54108047
v -1.71625555 19.27766991 -1.02603221
v -1.66393685 19.26945877 -0.40478402
v -1.71809256 19.31801605 -0.01869684
v -2.35872316 19.56788254 -1.55796075
v -2.75854421 19.68649483 -1.24123311
v -2.96993804 19.70812607 -0.75749499
v -2.79825330 19.59189987 -0.32217675
v -1.99276316 19.10795021 0.07510430
v -2.43905640 19.40654755 0.07890731
v -1.97566497 19.32610703 -1.50021505
v -1.75046146 19.02029037 -0.97220248
v -1.70011032 19.01220703 -0.42360914
v -1.74972665 19.05500984 -0.04950190
v -2.17742062 18.53337860 -1.47333813
v -2.53410840 18.58527946 -1.44609594
v -2.86859775 18.63395119 -1.09882426
v -2.90587282 18.63937569 -0.49130553
v -2.30486846 18.55192375 0.07653326
v -2.68313670 18.60696602 -0.02051884
v -1.93078256 18.49748993 -1.32511902
v -1.83350611 18.48333549 -0.96049756
v -1.83350611 18.48333549 -0.96049756
v -1.87239814 18.48899460 -0.42902440
v -1.94446850 18.49948120 -0.01016456
v -0.72696078 17.07862091 0.51568979
v 0.00000000 17.21596336 -1.84135556
v -0.18302119 17.20986557 -1.85104060
v -0.59097326 17.15502167 -1.79381919
v -0.99788284 17.11116600 -1.75225759
v -1.26375568 17.08013725 -1.61772680
v -1.23158586 17.04763985 0.35827357
v -1.61977518 17.01517677 -1.34610987
v -1.61977518 17.01517677 -1.34610987
v -1.69241047 16.98187256 -0.94648689
v -1.72855306 16.98148346 -0.54041743
v -1.68960834 17.01009750 -0.23330438
v -1.56982589 17.02377892 0.00451261
v -1.56982589 17.02377892 0.00451261
v 0.00000000 17.05904961 0.51307243
v -0.33418381 21.61977959 -1.32952929
v 0.00000000 21.58192825 -1.39858985
v -0.56111419 21.54581261 -1.18078232
v -0.60413492 21.39861679 -0.03831387
v -0.30489361 21.10946846 0.10849541
v -0.85309100 21.71105957 -0.58528775
v -0.77297407 21.59427452 -0.25580961
v -0.67334270 21.65164566 -1.02919793
v 0.00000000 21.42806435 -1.41528678
v -0.46655643 21.90481567 -1.20561624
v -0.59610915 21.57380295 -0.05598551
v -0.29345310 21.22309113 0.16210181
v -0.74183249 21.91317368 -0.58528775
v -0.73168933 21.83152390 -0.23232955
v -0.59820974 21.93316269 -1.05846190
v 0.00000000 21.83901405 -1.41528678
v -0.61865580 21.55280876 -1.37311482
v -1.07363367 21.36558151 0.03582627
v -0.87739772 21.02871704 0.27128226
v -1.11903548 21.71998024 -0.59130859
v -1.12390113 21.61674309 -0.29472554
v -0.92936993 21.63140106 -1.04415226
v 0.00000000 21.46117973 -1.58014154
v -0.68332350 21.84705162 -1.05345750
v -0.85041982 21.86503220 -0.58739334
v -0.48008287 21.80113220 -1.26419425
v -0.73435491 21.50424767 -0.02387679
v -0.84461951 21.77583313 -0.25415093
v 0.00000000 21.72363663 -1.47294044
v -0.48377529 21.19705772 0.19349855
v -1.00574255 21.77240753 -0.59078652
v -0.54742301 21.68096542 -1.30326772
v -0.93260372 21.44346237 -0.00000304
v -1.01326835 21.67701721 -0.26875323
v -0.73372114 21.06675339 0.21290070
v -0.80879140 21.73860550 -1.05011940
v 0.00000000 21.60164070 -1.51139712
v -0.89762288 21.03383636 0.26527959
v -0.74217194 16.36034775 0.51568979
v 0.00000000 16.58820915 -1.87318254
v -0.18685079 16.58211136 -1.89066148
v -0.60333908 16.52726746 -1.86046457
v -1.01876283 16.48341179 -1.81826258
v -1.29019892 16.45238304 -1.66065431
v -1.25735593 16.41988564 0.35827357
v -1.67144430 16.38742256 -1.34610987
v -1.67144430 16.38742256 -1.34610987
v -1.79179585 16.35411835 -0.94648689
v -1.82877827 16.35372925 -0.54041743
v -1.75425076 16.38234329 -0.23330438
v -1.60267341 16.39602470 0.00451261
v -1.60267341 16.39602470 0.00451261
v 0.00000000 16.43129539 0.51307243
v -0.78163326 16.04436302 0.56845325
v 0.00000000 16.26976967 -1.98313546
v -0.19678569 16.26222420 -2.01261973
v -0.63541853 16.20683289 -2.02443480
v -1.07293046 16.16259956 -1.93828988
v -1.35879886 16.13374710 -1.75222349
v -1.32420957 16.10324478 0.40141565
v -1.77276385 16.06825829 -1.40714097
v -1.77276385 16.06825829 -1.40714097
v -1.91659641 16.03307915 -0.98309290
v -1.95545721 16.03280258 -0.55220413
v -1.86891401 16.06274796 -0.22632003
v -1.69173157 16.07868767 0.02603251
v -1.69173157 16.07868767 0.02603251
v 0.00000000 16.11589050 0.56567591
v -0.76933676 15.69762230 0.55891782
v 0.00000000 15.83321667 -1.95060134
v -0.19368982 15.82606602 -1.98041844
v -0.62542236 15.77078915 -1.99155450
v -1.05605137 15.72657585 -1.90577674
v -1.33742249 15.69701576 -1.72365379
v -1.30337739 15.66600037 0.39468211
v -1.74540734 15.63152695 -1.38353729
v -1.74540734 15.63152695 -1.38353729
v -1.88796949 15.59686089 -0.96660227
v -1.92621887 15.59653473 -0.54294133
v -1.84035122 15.62610626 -0.22252369
v -1.66645825 15.64151669 0.02559584
v -1.66645825 15.64151669 0.02559584
v 0.00000000 15.67857170 0.55618721
v -0.71699440 15.55044079 0.54992205
v 0.00000000 15.66330719 -1.92190719
v -0.18051207 15.65671349 -1.95309401
v -0.58287132 15.62477684 -1.96262431
v -0.98420215 15.58020592 -1.87668848
v -1.24642992 15.54947472 -1.69880199
v -1.21470118 15.51813507 0.38832968
v -1.62905800 15.48370361 -1.36126924
v -1.62905800 15.48370361 -1.36126924
v -1.76273787 15.44979477 -0.95104474
v -1.79838502 15.44943428 -0.53420269
v -1.71795249 15.47858620 -0.21894217
v -1.55308282 15.49318314 0.02518386
v -1.55308282 15.49318314 0.02518386
v 0.00000000 15.53179932 0.54723531
v -2.66021442 13.89679146 -0.59642410
v -2.93140721 13.93347263 -1.08618760
v -2.64861012 13.89522362 -0.84019721
v -3.07517409 13.95291710 -0.62925541
v -3.05950856 13.95079803 -0.90552622
v -2.70238566 13.90249729 -0.50924748
v -2.84589744 13.92190742 -0.38094941
v -2.84589744 13.92190742 -0.38094941
v -2.78572607 13.91376972 -1.07765341
v -2.78572607 13.91376972 -1.07765341
v -2.70661306 13.90306759 -0.99613255
v -2.50902081 18.73787308 -1.40928030
v -2.82464218 18.77705002 -1.09671307
v -2.85144758 18.78037643 -0.53231794
v -2.18172646 18.69724655 -1.42428350
v -1.96326709 18.67012787 -1.28094769
v -1.87525702 18.65920448 -0.96387613
v -1.87525702 18.65920448 -0.96387613
v -1.89619052 18.66180229 -0.45650464
v -1.98647022 18.67300797 -0.15058929
v -2.56294584 17.90492439 -1.37461996
v -2.85141158 17.96081734 -1.07682633
v -2.87274885 17.97397423 -0.53910726
v -2.26434731 17.86791611 -1.38891387
v -2.26434731 17.86791611 -1.38891387
v -2.06543422 17.85049629 -1.25235319
v -1.98424518 17.86368561 -0.95026791
v -2.00270867 17.86597824 -0.46687734
v -2.08502460 17.85159111 -0.17542094
v -2.66363478 17.22765923 -1.28233099
v -2.89242148 17.31239700 -1.02906322
v -2.91720915 17.37310791 -0.58182466
v -2.37031722 17.19625473 -1.29448771
v -2.37031722 17.19625473 -1.29448771
v -2.20223212 17.20038033 -1.17834544
v -2.07889962 17.25395203 -0.92142743
v -2.10127354 17.24932098 -0.53502238
v -2.18684840 17.21497154 -0.40277997
v -2.68537831 17.09086990 -1.27988029
v -2.93378973 17.18452644 -1.01778388
v -2.96131396 17.24245071 -0.58822376
v -2.37883520 17.05805016 -1.29161859
v -2.37883520 17.05805016 -1.29161859
v -2.21049023 17.06627083 -1.16192818
v -2.07831717 17.11990547 -0.91401023
v -2.10306740 17.11313820 -0.54491407
v -2.19538641 17.07892799 -0.41780582
v -2.70502210 16.92020416 -1.27988029
v -2.96508932 17.00996780 -1.01778388
v -2.99414682 17.06513596 -0.58604944
v -2.40230322 16.88777351 -1.29161859
v -2.40230322 16.88777351 -1.29161859
v -2.23196530 16.89369392 -1.16192818
v -2.09699845 16.94626045 -0.91385245
v -2.12258816 16.93997574 -0.53997856
v -2.21818399 16.90481567 -0.41344014
v -2.79023719 16.21252441 -1.27988029
v -3.07511950 16.24467468 -1.01778388
v -3.11037660 16.24874496 -0.57826787
v -2.46868324 16.17791176 -1.29161859
v -2.46868324 16.17791176 -1.29161859
v -2.29344487 16.15980911 -1.16192818
v -2.16374707 16.14674377 -0.91385245
v -2.18979931 16.14934731 -0.52603692
v -2.28373694 16.15882111 -0.38734874
v -2.83653307 15.46142483 -1.24008846
v -3.07684588 15.48748493 -0.99789840
v -3.10622573 15.49067116 -0.59176391
v -2.56337452 15.43180466 -1.25093508
v -2.56337452 15.43180466 -1.25093508
v -2.41498041 15.41571331 -1.13109493
v -2.30596304 15.40389252 -0.90186065
v -2.32772636 15.40625191 -0.54349995
v -2.40704250 15.41485214 -0.41534525
v -2.88785172 14.51505756 -1.13413477
v -3.05375266 14.53540993 -0.94136041
v -3.07403493 14.53789806 -0.61809283
v -2.69927526 14.49192429 -1.14276838
v -2.69927526 14.49192429 -1.14276838
v -2.59683084 14.47935867 -1.04737973
v -2.52157044 14.47012520 -0.86491811
v -2.53659534 14.47196865 -0.57967639
v -2.59135103 14.47868538 -0.47767004
v -2.97625136 13.49559307 -1.15944934
v -3.11986732 13.51096916 -0.92989546
v -3.13778186 13.51288700 -0.61279005
v -2.89595151 13.48699665 -0.32778302
v -2.89595151 13.48699665 -0.32778302
v -2.83194757 13.48014259 -1.12746382
v -2.83194757 13.48014259 -1.12746382
v -2.75968671 13.47240734 -1.03389382
v -2.70541286 13.46659565 -0.85491049
v -2.71868348 13.46801662 -0.57510608
v -2.76229191 13.47268486 -0.47504428
v -3.07675147 13.73525810 -0.60778147
v -2.74270082 13.69427967 -0.48681763
v -2.86150503 13.70885277 -0.35749763
v -2.86150503 13.70885277 -0.35749763
v -2.80506706 13.70193005 -1.05975127
v -2.80506706 13.70193005 -1.05975127
v -2.74297976 13.69431400 -0.97758096
v -3.06177640 13.73342228 -0.88625294
v -2.69333458 13.68822384 -0.82040364
v -2.93952703 13.71842575 -1.09848356
v -2.70442438 13.68958473 -0.57468867
v -2.70830011 13.29824734 -0.88919312
v -2.75799108 13.30356693 -1.10187054
v -2.88816118 13.30592632 -0.15701161
v -2.88816118 13.30592632 -0.15701161
v -2.99014235 13.32842159 -1.20299196
v -3.13667393 13.34411049 -0.97829413
v -2.67826462 13.29503059 -0.55671513
v -2.83014345 13.31129265 -1.21305513
v -2.83014345 13.31129265 -1.21305513
v -3.15458798 13.34602833 -0.60149336
v -2.67679214 13.27171993 -0.21836294
v -2.78058767 13.10043240 -0.92256510
v -3.02797055 13.02425861 -0.06615325
v -3.00520515 13.12448215 -1.28946567
v -2.67295027 13.08890915 -0.53382421
v -2.84881902 13.10773849 -1.30123210
v -2.84881902 13.10773849 -1.30123210
v -3.15960741 13.14101219 -0.58617985
v -2.64065742 13.08545208 -0.17535172
v -2.76441550 13.09870243 -1.17123222
v -3.14278698 13.13921261 -1.02674413
v -2.84198380 12.73631001 -0.94400489
v -2.89545870 12.40442562 -0.94481707
v -3.01084208 12.66263771 -0.13203557
v -3.03293848 12.40809345 -0.21297880
v -3.03196192 12.75664806 -1.34502101
v -3.05414629 12.51321602 -1.32170153
v -2.77626538 12.72927284 -0.51911795
v -2.86704350 12.37785912 -0.54549766
v -2.89468813 12.74195290 -1.35788131
v -2.89468813 12.74195290 -1.35788131
v -2.92797899 12.50253105 -1.33378816
v -2.92797899 12.50253105 -1.33378816
v -3.16749358 12.77115917 -0.57634169
v -3.18703389 12.40899181 -0.59927809
v -2.72401285 12.72367859 -0.36717281
v -2.86622071 12.38295078 -0.40269595
v -2.85992002 12.48143768 -1.20025063
v -2.82011390 12.73396873 -1.21579385
v -2.94146776 12.40126228 -0.23463003
v -2.94146776 12.40126228 -0.23463003
v -2.92052436 12.54981899 -0.15507324
v -2.92052436 12.54981899 -0.15507324
v -3.16651750 12.47628117 -1.05183077
v -3.15272880 12.76957798 -1.05787063
v -2.81035566 12.96946144 0.17480437
v -2.81035566 12.96946144 0.17480437
v -2.72819281 12.91833019 0.17480437
v -2.95463967 12.84146881 0.09568182
v -2.69308996 12.81346512 0.09568182
v -2.86200166 12.59182739 -0.04700991
v -2.86200166 12.59182739 -0.04700991
v -2.93346214 12.65686226 -0.04700991
v -2.77759933 12.64017487 -0.04700991
v -2.82466102 12.53117657 0.42660680
v -2.82466102 12.53117657 0.42660680
v -2.78029275 12.51325512 0.40529457
v -2.90860105 12.49927807 0.36045066
v -2.75953627 12.47957325 0.35439244
v -2.84366131 12.41399097 0.23370759
v -2.84366131 12.41399097 0.23370759
v -2.88269687 12.43602657 0.26259658
v -2.79151559 12.42626381 0.26259658
v -2.82838845 12.49416637 0.45865443
v -2.82838845 12.49416637 0.45865443
v -2.78402019 12.47624493 0.43734220
v -2.91232872 12.46226597 0.39249840
v -2.76326370 12.44256306 0.38644007
v -2.84738922 12.37698269 0.26575539
v -2.84738922 12.37698269 0.26575539
v -2.88642454 12.39901638 0.29464439
v -2.79524302 12.38925552 0.29464439
v -2.83397889 12.34936333 0.59657139
v -2.83397889 12.34936333 0.59657139
v -2.78984308 12.33031845 0.57340401
v -2.90813184 12.30791759 0.51666719
v -2.76970744 12.29363441 0.51753610
v -2.85541081 12.22042751 0.38423946
v -2.85541081 12.22042751 0.38423946
v -2.89411426 12.24406433 0.41577581
v -2.80287647 12.23457718 0.41623190
v -2.84398270 12.17844582 0.71177596
v -2.84398270 12.17844582 0.71177596
v -2.79928803 12.16209984 0.69307250
v -2.91582012 12.14818859 0.65037519
v -2.77765775 12.13263988 0.64915341
v -2.85956502 12.07778168 0.54620272
v -2.85956502 12.07778168 0.54620272
v -2.89906573 12.09756565 0.57136959
v -2.80796504 12.08741665 0.57072800
v -2.86938739 12.09489059 0.69203621
v -2.86938739 12.09489059 0.69203621
v -2.86247897 12.12926960 0.72695404
v -2.86247897 12.12926960 0.72695404
v -2.83738780 12.11973000 0.71586496
v -2.90687084 12.10647392 0.68237704
v -2.82679415 12.10057735 0.68670970
v -2.87887311 12.06084919 0.61340839
v -2.87887311 12.06084919 0.61340839
v -2.90066481 12.07288361 0.62910146
v -2.83958268 12.06850719 0.63260382
v -2.98368382 12.06076336 -0.50522596
v -2.91049457 12.16884422 -0.42722607
v -2.97383690 12.17846489 -0.24486481
v -2.97383690 12.17846489 -0.24486481
v -3.05488920 12.18547440 -0.22122364
v -3.14408493 12.19897747 -0.25328112
v -3.16431618 12.10547066 -0.36213145
v -3.10104394 12.07495499 -0.49547610
v -3.10104394 12.07495499 -0.49547610
v -2.95106649 12.04775143 -0.76003599
v -2.95106649 12.04775143 -0.76003599
v -2.92582679 12.13957119 -0.60474777
v -3.20314169 12.16956425 -0.64800918
v -3.13458133 12.06464291 -0.82197976
v -2.99685574 12.16173458 -1.09628534
v -2.91159296 12.19489574 -0.94304532
v -3.18823886 12.12739468 -0.92563742
v -3.14254498 12.23141766 -1.09399247
v -3.14254498 12.23141766 -1.09399247
v -2.97379994 12.32773399 -1.29485202
v -2.97379994 12.32773399 -1.29485202
v -2.91370773 12.29898834 -1.18217421
v -3.08581042 12.33651638 -1.27753592
v -3.03623319 11.69079113 -0.50522596
v -2.99246001 11.68610477 -0.45483735
v -3.00622678 11.68757915 -0.31641093
v -3.00622678 11.68757915 -0.31641093
v -3.05724883 11.69303989 -0.23299633
v -3.12334132 11.70011711 -0.23871912
v -3.17610550 11.70576668 -0.31481361
v -3.18014598 11.70619774 -0.40944931
v -3.12727690 11.70053673 -0.49547610
v -3.12727690 11.70053673 -0.49547610
v -3.06180644 11.49442768 -0.79068673
v -3.06180644 11.49442768 -0.79068673
v -3.01469207 11.48938370 -0.71091348
v -3.02343202 11.49031925 -0.61579216
v -3.05952168 11.49418259 -0.54021990
v -3.16220164 11.50517654 -0.52806544
v -3.16220164 11.50517654 -0.52806544
v -3.22336364 11.51172447 -0.59741533
v -3.22152042 11.51152706 -0.71677220
v -3.16180611 11.50513458 -0.79527557
v -3.05758548 11.74002171 -1.06219649
v -3.01009512 11.73493767 -0.99651933
v -3.00811410 11.73472691 -0.88821840
v -3.05604839 11.73985767 -0.81717181
v -3.05604839 11.73985767 -0.81717181
v -3.15237212 11.75017071 -0.82197976
v -3.19307113 11.75452805 -0.87960160
v -3.20361018 11.75565624 -0.97167325
v -3.15348721 11.75028992 -1.05561924
v -3.15348721 11.75028992 -1.05561924
v -3.03087139 11.96279716 -1.28927541
v -3.03087139 11.96279716 -1.28927541
v -2.99122167 11.95855236 -1.23320889
v -2.98418951 11.95780087 -1.15351796
v -3.02850938 11.96254444 -1.09628534
v -3.11779904 11.97210407 -1.09027338
v -3.11779904 11.97210407 -1.09027338
v -3.15006638 11.97556019 -1.14244223
v -3.13913536 11.97438812 -1.23075485
v -3.09490943 11.96965313 -1.28959894
v -3.04271173 11.65770531 -0.50522596
v -3.00015068 11.65314770 -0.45483735
v -3.01353574 11.65458012 -0.31641093
v -3.01353574 11.65458012 -0.31641093
v -3.06314540 11.65989304 -0.23299633
v -3.12740731 11.66677189 -0.23871912
v -3.17870998 11.67226601 -0.31481361
v -3.18263817 11.67268467 -0.40944931
v -3.13123345 11.66718102 -0.49547610
v -3.13123345 11.66718102 -0.49547610
v -3.06837058 11.46135139 -0.79068673
v -3.06837058 11.46135139 -0.79068673
v -3.02256107 11.45644569 -0.71091348
v -3.03105903 11.45735455 -0.61579216
v -3.06614900 11.46111298 -0.54021990
v -3.16598487 11.47180080 -0.52806544
v -3.16598487 11.47180080 -0.52806544
v -3.22545266 11.47816849 -0.59741533
v -3.22366047 11.47797585 -0.71677220
v -3.16560006 11.47175980 -0.79527557
v -3.06394100 11.70692158 -1.06219649
v -3.01776600 11.70197868 -0.99651933
v -3.01583982 11.70177269 -0.88821840
v -3.06244683 11.70676327 -0.81717181
v -3.06244683 11.70676327 -0.81717181
v -3.15610266 11.71678925 -0.82197976
v -3.19567418 11.72102642 -0.87960160
v -3.20592117 11.72212410 -0.97167325
v -3.15718651 11.71690655 -1.05561924
v -3.15718651 11.71690655 -1.05561924
v -3.03693628 11.92966747 -1.28927541
v -3.03693628 11.92966747 -1.28927541
v -2.99838448 11.92553902 -1.23320889
v -2.99154735 11.92480755 -1.15351796
v -3.03463960 11.92942142 -1.09628534
v -3.12145615 11.93871689 -1.09027338
v -3.12145615 11.93871689 -1.09027338
v -3.15282941 11.94207382 -1.14244223
v -3.14220214 11.94093704 -1.23075485
v -3.09920073 11.93633461 -1.28959894
v -3.04241848 11.62938595 -0.50522596
v -2.99864483 11.62469959 -0.45483735
v -3.01241159 11.62617207 -0.31641093
v -3.01241159 11.62617207 -0.31641093
v -3.06343389 11.63163567 -0.23299633
v -3.12952685 11.63871193 -0.23871912
v -3.18229032 11.64435959 -0.31481361
v -3.18633080 11.64479256 -0.40944931
v -3.13346171 11.63913345 -0.49547610
v -3.13346171 11.63913345 -0.49547610
v -3.06799173 11.43302250 -0.79068673
v -3.06799173 11.43302250 -0.79068673
v -3.02087736 11.42797756 -0.71091348
v -3.02961683 11.42891502 -0.61579216
v -3.06570649 11.43277740 -0.54021990
v -3.16838646 11.44377041 -0.52806544
v -3.16838646 11.44377041 -0.52806544
v -3.22954845 11.45031834 -0.59741533
v -3.22770572 11.45012093 -0.71677220
v -3.16799068 11.44372940 -0.79527557
v -3.06377029 11.67861748 -1.06219649
v -3.01627994 11.67353344 -0.99651933
v -3.01429939 11.67331982 -0.88821840
v -3.06223321 11.67845154 -0.81717181
v -3.06223321 11.67845154 -0.81717181
v -3.15855742 11.68876457 -0.82197976
v -3.19925666 11.69312286 -0.87960160
v -3.20979500 11.69425011 -0.97167325
v -3.15967202 11.68888474 -1.05561924
v -3.15967202 11.68888474 -1.05561924
v -3.03705668 11.90139294 -1.28927541
v -3.03705668 11.90139294 -1.28927541
v -2.99740648 11.89714813 -1.23320889
v -2.99037433 11.89639378 -1.15351796
v -3.03469419 11.90113926 -1.09628534
v -3.12398386 11.91069889 -1.09027338
v -3.12398386 11.91069889 -1.09027338
v -3.15625095 11.91415405 -1.14244223
v -3.14532089 11.91298389 -1.23075485
v -3.10109472 11.90824795 -1.28959894
v -3.07027507 11.27962780 -0.49758461
v -3.02899313 11.27520752 -0.45006427
v -3.04197693 11.27659702 -0.31951794
v -3.04197693 11.27659702 -0.31951794
v -3.09009409 11.28174782 -0.24085177
v -3.15242434 11.28842163 -0.24624883
v -3.20218515 11.29374886 -0.31801152
v -3.20599508 11.29415703 -0.40726000
v -3.15613556 11.28881931 -0.48838970
v -3.15613556 11.28881931 -0.48838970
v -3.09602427 11.00990295 -0.78335500
v -3.09602427 11.00990295 -0.78335500
v -3.05159187 11.00514603 -0.70812297
v -3.05983400 11.00602818 -0.61841643
v -3.09386921 11.00967312 -0.54714620
v -3.19070387 11.02004051 -0.53568369
v -3.19070387 11.02004051 -0.53568369
v -3.24838424 11.02621651 -0.60108578
v -3.24664617 11.02602959 -0.71364814
v -3.19033074 11.02000141 -0.78768265
v -3.09137487 11.32883263 -1.05504799
v -3.04658771 11.32403660 -0.99310958
v -3.04471970 11.32383633 -0.89097381
v -3.08992505 11.32867718 -0.82397175
v -3.08992505 11.32867718 -0.82397175
v -3.18076563 11.33840275 -0.82850575
v -3.21914792 11.34251118 -0.88284755
v -3.22908688 11.34357548 -0.96967787
v -3.18181729 11.33851433 -1.04884529
v -3.18181729 11.33851433 -1.04884529
v -3.05705190 11.62115383 -1.28366232
v -3.05705190 11.62115383 -1.28366232
v -3.01965952 11.61714935 -1.23078728
v -3.01302767 11.61643887 -1.15563297
v -3.05482411 11.62091446 -1.10165834
v -3.13903093 11.62993050 -1.09598851
v -3.13903093 11.62993050 -1.09598851
v -3.16946149 11.63318825 -1.14518762
v -3.15915275 11.63208389 -1.22847295
v -3.11744452 11.62761974 -1.28396726
v -3.07516336 11.23109627 -0.49758461
v -3.03388166 11.22667408 -0.45006427
v -3.04686499 11.22806549 -0.31951794
v -3.04686499 11.22806549 -0.31951794
v -3.09498286 11.23321629 -0.24085177
v -3.15731263 11.23988914 -0.24624883
v -3.20707321 11.24521637 -0.31801152
v -3.21088314 11.24562550 -0.40726000
v -3.16102386 11.24028778 -0.48838970
v -3.16102386 11.24028778 -0.48838970
v -3.10091233 10.96137047 -0.78335500
v -3.10091233 10.96137047 -0.78335500
v -3.05647993 10.95661354 -0.70812297
v -3.06472206 10.95749569 -0.61841643
v -3.09875751 10.96113968 -0.54714620
v -3.19559216 10.97150612 -0.53568369
v -3.19559216 10.97150612 -0.53568369
v -3.25327277 10.97768402 -0.60108578
v -3.25153446 10.97749710 -0.71364814
v -3.19521904 10.97146797 -0.78768265
v -3.09626341 11.28030014 -1.05504799
v -3.05147624 11.27550602 -0.99310958
v -3.04960775 11.27530479 -0.89097381
v -3.09481311 11.28014469 -0.82397175
v -3.09481311 11.28014469 -0.82397175
v -3.18565392 11.28987122 -0.82850575
v -3.22403598 11.29397964 -0.88284755
v -3.23397470 11.29504395 -0.96967787
v -3.18670535 11.28998375 -1.04884529
v -3.18670535 11.28998375 -1.04884529
v -3.06193995 11.57262135 -1.28366232
v -3.06193995 11.57262135 -1.28366232
v -3.02454758 11.56861782 -1.23078728
v -3.01791573 11.56790638 -1.15563297
v -3.05971289 11.57238197 -1.10165834
v -3.14391947 11.58139801 -1.09598851
v -3.14391947 11.58139801 -1.09598851
v -3.17434955 11.58465576 -1.14518762
v -3.16404104 11.58355236 -1.22847295
v -3.12233329 11.57908821 -1.28396726
v -3.11254644 10.82613945 -0.48708555
v -3.07468820 10.82208633 -0.44350639
v -3.08659458 10.82336044 -0.32378682
v -3.08659458 10.82336044 -0.32378682
v -3.13072205 10.82808685 -0.25164485
v -3.18788266 10.83420658 -0.25659433
v -3.23351598 10.83909130 -0.32240540
v -3.23701072 10.83946514 -0.40425208
v -3.19128585 10.83456993 -0.47865328
v -3.19128585 10.83456993 -0.47865328
v -3.13853717 10.55644131 -0.77328151
v -3.13853717 10.55644131 -0.77328151
v -3.09778976 10.55207920 -0.70428884
v -3.10534835 10.55288887 -0.62202209
v -3.13656092 10.55622959 -0.55666268
v -3.22536469 10.56573772 -0.54615068
v -3.22536469 10.56573772 -0.54615068
v -3.27826118 10.57140064 -0.60612875
v -3.27666736 10.57122993 -0.70935583
v -3.22502279 10.56570148 -0.77725029
v -3.13329887 10.87530613 -1.04522634
v -3.09222698 10.87090969 -0.98842478
v -3.09051371 10.87072659 -0.89475971
v -3.13196969 10.87516499 -0.83331430
v -3.13196969 10.87516499 -0.83331430
v -3.21527672 10.88408375 -0.83747250
v -3.25047588 10.88785172 -0.88730741
v -3.25959015 10.88882732 -0.96693647
v -3.21624136 10.88418674 -1.03953815
v -3.21624136 10.88418674 -1.03953815
v -3.08648777 11.28338146 -1.27594995
v -3.08648777 11.28338146 -1.27594995
v -3.05219626 11.27971077 -1.22746038
v -3.04611444 11.27905941 -1.15853858
v -3.08444476 11.28316402 -1.10904050
v -3.16166806 11.29143047 -1.10384083
v -3.16166806 11.29143047 -1.10384083
v -3.18957448 11.29441738 -1.14895964
v -3.18012094 11.29340649 -1.22533774
v -3.14187217 11.28931141 -1.27622962
v -3.13981247 10.79405308 -0.45367226
v -3.11284995 10.79116726 -0.42263570
v -3.12132978 10.79207516 -0.33737275
v -3.12132978 10.79207516 -0.33737275
v -3.15275621 10.79544067 -0.28599399
v -3.19346595 10.79979801 -0.28951892
v -3.22596550 10.80327797 -0.33638889
v -3.22845387 10.80354404 -0.39467919
v -3.19588947 10.80005741 -0.44766697
v -3.19588947 10.80005741 -0.44766697
v -3.16657186 10.52443790 -0.74122256
v -3.16657186 10.52443790 -0.74122256
v -3.13755226 10.52133179 -0.69208670
v -3.14293528 10.52190781 -0.63349718
v -3.16516495 10.52428722 -0.58694887
v -3.22840977 10.53105831 -0.57946253
v -3.22840977 10.53105831 -0.57946253
v -3.26608205 10.53509045 -0.62217826
v -3.26494622 10.53497028 -0.69569528
v -3.22816610 10.53103161 -0.74404907
v -3.15946126 10.84310246 -1.01396894
v -3.13021040 10.83997059 -0.97351557
v -3.12898993 10.83984184 -0.90680814
v -3.15851426 10.84300137 -0.86304748
v -3.15851426 10.84300137 -0.86304748
v -3.21784449 10.84935284 -0.86600900
v -3.24291301 10.85203648 -0.90150076
v -3.24940443 10.85273170 -0.95821178
v -3.21853137 10.84942722 -1.00991797
v -3.21853137 10.84942722 -1.00991797
v -3.11003685 11.25089741 -1.25140548
v -3.11003685 11.25089741 -1.25140548
v -3.08561516 11.24828243 -1.21687150
v -3.08128333 11.24781895 -1.16778636
v -3.10858202 11.25074196 -1.13253427
v -3.16357923 11.25662994 -1.12883115
v -3.16357923 11.25662994 -1.12883115
v -3.18345404 11.25875664 -1.16096425
v -3.17672205 11.25803661 -1.21535993
v -3.14948082 11.25512028 -1.25160456
v -3.17590117 10.77919674 -0.37099108
v -3.17590117 10.77919674 -0.37099108
v -3.12076116 11.60344696 -1.28396726
v -3.16131473 11.60778809 -1.22847295
v -3.17133665 11.60886097 -1.14518762
v -3.14174938 11.60569382 -1.09598851
v -3.14174938 11.60569382 -1.09598851
v -3.18457580 11.31428242 -1.04884529
v -3.18457580 11.31428242 -1.04884529
v -3.23053598 11.31920433 -0.96967787
v -3.22087216 11.31816864 -0.88284755
v -3.20456409 10.50978470 -0.66189259
v -3.20456409 10.50978470 -0.66189259
v -3.18355298 11.31417274 -0.82850575
v -3.09522867 11.30471706 -0.82397175
v -3.09522867 11.30471706 -0.82397175
v -3.05127525 11.30000973 -0.89097381
v -3.05309153 11.30020523 -0.99310958
v -3.09663820 11.30486584 -1.05504799
v -3.07565379 11.25567532 -0.49758461
v -3.15913653 11.26461315 -0.48838970
v -3.15913653 11.26461315 -0.48838970
v -3.19281936 10.82795429 -0.93662238
v -3.19281936 10.82795429 -0.93662238
v -3.20761514 11.26980400 -0.40726000
v -3.20391059 11.26940727 -0.31801152
v -3.15552878 11.26422691 -0.24624883
v -3.09492421 11.25773907 -0.24085177
v -3.04813933 11.25273037 -0.31951794
v -3.04813933 11.25273037 -0.31951794
v -3.03551602 11.25137901 -0.45006427
v -3.24793386 11.00163841 -0.71364814
v -3.13693023 11.23505592 -1.19066954
v -3.13693023 11.23505592 -1.19066954
v -3.24962425 11.00182056 -0.60108578
v -3.19354177 10.99581623 -0.53568369
v -3.19354177 10.99581623 -0.53568369
v -3.09938931 10.98573589 -0.54714620
v -3.06629658 10.98219204 -0.61841643
v -3.05828238 10.98133469 -0.70812297
v -3.19317913 10.99577808 -0.78768265
v -3.10148430 10.98596001 -0.78335500
v -3.10148430 10.98596001 -0.78335500
v -3.06204128 11.59716034 -1.28366232
v -3.06204128 11.59716034 -1.28366232
v -3.02568364 11.59326744 -1.23078728
v -3.01923585 11.59257793 -1.15563297
v -3.05987525 11.59692860 -1.10165834
v -2.98368645 13.93729401 -0.39609677
v -2.65053558 18.75218964 -0.10276043
v -2.69387531 17.92899704 -0.13320166
v -2.73762751 17.25547028 -0.23131721
v -2.76714706 17.12189293 -0.25192425
v -2.79089403 16.94975471 -0.24597357
v -2.88372755 16.21968460 -0.21967354
v -2.91956115 15.46718025 -0.26040506
v -2.95097065 14.51955223 -0.34985378
v -3.03835511 13.49932384 -0.34716478
v -2.99013805 13.72171593 -0.37259695
v -3.04326916 13.31961536 -0.23992740
v -3.09145808 13.07946873 -0.17312227
v -3.09045243 12.71411896 -0.18943505
v -3.11337376 12.41156197 -0.24965729
v -2.30392504 18.71241379 0.00746918
v -2.37557077 17.88260651 -0.02483308
v -2.37557077 17.88260651 -0.02483308
v -2.48789883 17.20884323 -0.19370487
v -2.48789883 17.20884323 -0.19370487
v -2.50428057 17.07147980 -0.21858834
v -2.50428057 17.07147980 -0.21858834
v -2.52690315 16.90111160 -0.21070758
v -2.52690315 16.90111160 -0.21070758
v -2.60154557 16.19211388 -0.18324085
v -2.60154557 16.19211388 -0.18324085
v -2.67622733 15.44404221 -0.22673947
v -2.67622733 15.44404221 -0.22673947
v -2.77718329 14.50148201 -0.32754704
v -2.77718329 14.50148201 -0.32754704
v -1.39235234 12.09279823 -1.28858519
v -1.55251110 11.63945484 -1.80311918
v -1.79427934 11.64006805 -1.66606450
v -1.52850449 12.09299755 -1.21302533
v -0.98922598 12.03904724 0.06366861
v -0.84269625 11.62577629 0.64897633
v -0.60220075 11.60983658 0.47958452
v -0.85038441 11.98739624 -0.02235550
v -0.45004988 11.59712887 0.27366245
v -0.76234496 11.96413994 -0.13763690
v -1.77162647 12.09340668 -0.83489639
v -2.22730112 11.64341068 -0.94524723
v -2.23172069 11.64353943 -0.61016423
v -1.77757215 12.09360600 -0.64799541
v -0.59345543 11.84950733 -0.69033742
v -0.59345543 11.84950733 -0.69033742
v -0.13042346 11.51983356 -0.68582410
v -0.13042346 11.51983356 -0.68582410
v -0.26714462 11.55375385 -1.17448330
v -0.66726458 11.87986279 -0.96248198
v -0.39691642 11.61305714 -1.54701114
v -0.74003875 11.96249771 -1.16354060
v -1.70830393 12.09311581 -1.05122042
v -1.70830393 12.09311581 -1.05122042
v -2.12160182 11.64213181 -1.34473372
v -2.12160182 11.64213181 -1.34473372
v -1.12353456 12.06241703 0.10205090
v -1.08598757 11.64308071 0.74109954
v -0.75573671 11.63943577 -1.85069513
v -0.94428205 12.07123375 -1.31660843
v -2.17448640 11.64375782 -0.20532970
v -1.74372721 12.09369755 -0.41677338
v -1.12810659 11.63902187 -1.91241789
v -1.15328872 12.09274578 -1.34945059
v -0.21379599 11.52306557 -0.24513532
v -0.63432056 11.86234188 -0.43870258
v -2.03049278 11.64391232 0.20382929
v -2.03049278 11.64391232 0.20382929
v -1.66203070 12.09379292 -0.18237376
v -1.66203070 12.09379292 -0.18237376
v -1.70317924 11.64335442 0.59193039
v -1.47444439 12.09332752 0.01773971
v -1.69508135 11.31753540 0.59595424
v -1.08128273 11.31694698 0.74598932
v -2.16354108 11.31774139 -0.20758167
v -2.02036381 11.31814861 0.20447285
v -2.02036381 11.31814861 0.20447285
v -0.26861966 11.31303406 -1.23562837
v -0.39606181 11.31427765 -1.61123991
v -0.44901860 11.31575966 0.27609879
v -0.21626325 11.28995037 -0.24652413
v -0.83992159 11.31686783 0.65404093
v -1.12297964 11.31133461 -1.97951174
v -1.54502320 11.31208801 -1.86926246
v -2.22487164 11.31713772 -0.47381184
v -0.13399851 11.28850079 -0.69169450
v -0.13399851 11.28850079 -0.69169450
v -2.11079407 11.31563568 -1.40736604
v -2.11079407 11.31563568 -1.40736604
v -0.75297457 11.31156445 -1.91729403
v -2.21578860 11.31745529 -1.00415254
v -2.22661233 11.31793785 -0.74549705
v -1.78545225 11.31293392 -1.73106813
v -0.60063267 11.31698513 0.48349315
v -1.18297744 11.81098557 -1.81540537
v -1.18297744 11.81098557 -1.81540537
v -0.80836231 11.81098557 -1.72621727
v -0.48801270 11.81098557 -1.47520399
v -0.26551229 11.81098557 -1.10306358
v -0.18342257 11.81098557 -0.66929799
v -0.26509130 11.81098557 -0.21199548
v -0.49423218 11.81098557 0.23950651
v -0.81640553 11.81098557 0.57364869
v -1.19158578 11.81098557 0.70043600
v -1.56537414 11.81098557 0.61488891
v -1.88114977 11.81098557 0.32894450
v -2.09815502 11.81098557 -0.12844001
v -2.17982340 11.81098557 -0.64847523
v -2.09815454 11.81098557 -1.11087990
v -1.87721097 11.81098557 -1.48268032
v -1.55745900 11.81098557 -1.72985888
v -1.15865874 10.62252617 -1.67738557
v -1.15865874 10.62252617 -1.67738557
v -0.78681487 10.62252617 -1.59228706
v -0.46934453 10.62252617 -1.36088347
v -0.25113380 10.62252617 -0.99966079
v -0.16956711 10.62252617 -0.59389383
v -0.25070369 10.62252617 -0.16858304
v -0.47578171 10.62252617 0.24987900
v -0.79414052 10.62252617 0.55927396
v -1.16631198 10.62252617 0.67676347
v -1.53804326 10.62252617 0.59770924
v -1.85364306 10.62252617 0.33343053
v -2.07084894 10.62252617 -0.08927578
v -2.15198517 10.62252617 -0.57470983
v -2.07084823 10.62252617 -1.02332067
v -1.85021520 10.62252617 -1.36647177
v -1.53117061 10.62252617 -1.59826064
v -1.14515197 9.52686310 -1.53782606
v -1.14515197 9.52686310 -1.53782606
v -0.81619215 9.52686310 -1.47327185
v -0.53877395 9.52686310 -1.28595281
v -0.35482556 9.52686310 -0.99708641
v -0.29133359 9.52686310 -0.63593906
v -0.36247015 9.52686310 -0.21506476
v -0.55014324 9.52686310 0.17936142
v -0.82594824 9.52686310 0.46322846
v -1.15436244 9.52686310 0.56930786
v -1.48461938 9.52686310 0.49609476
v -1.76563430 9.52686310 0.25443774
v -1.95875931 9.52686310 -0.13367718
v -2.03066015 9.52686310 -0.57780713
v -1.95875931 9.52686310 -0.97179353
v -1.76192009 9.52686310 -1.26518369
v -1.47677493 9.52686310 -1.46461320
v -2.19937944 11.43457603 -0.61094040
v -2.11622143 11.43457603 -1.07579875
v -0.24702418 11.43457603 -0.18184537
v -0.48071775 11.43457603 0.25898382
v -1.89099252 11.43457603 -1.44376588
v -0.80961418 11.43457603 0.58703792
v -1.56523395 11.43457603 -1.68982577
v -1.19183803 11.43457603 0.71202338
v -1.18392599 11.43457603 -1.77357650
v -1.18392599 11.43457603 -1.77357650
v -0.80231881 11.43457603 -1.68228769
v -1.57251143 11.43457603 0.62825590
v -0.47523639 11.43457603 -1.43313837
v -1.89464617 11.43457603 0.34755060
v -0.24731436 11.43457603 -1.05460215
v -2.11622214 11.43457603 -0.10089350
v -0.16386676 11.43457603 -0.62645966
v -1.17259431 9.04871368 -1.40911102
v -1.17259431 9.04871368 -1.40911102
v -0.87780267 9.04871368 -1.35205579
v -0.62597370 9.04871368 -1.18802214
v -0.45805666 9.04871368 -0.93873960
v -0.39570975 9.04871368 -0.60903388
v -0.45773041 9.04871368 -0.22972441
v -0.63107210 9.04871368 0.11333764
v -0.88217336 9.04871368 0.35298258
v -1.17709970 9.04871368 0.44059283
v -1.47018075 9.04871368 0.37717754
v -1.71325266 9.04871368 0.17186028
v -1.87499905 9.04871368 -0.15949446
v -1.93170702 9.04871368 -0.53851861
v -1.86798108 9.04871368 -0.89433664
v -1.69756925 9.04871368 -1.17181396
v -1.46154296 9.04871368 -1.34569597
v -1.23535740 6.82691288 -1.29447889
v -1.23535740 6.82691288 -1.29447889
v -0.97734857 6.82691288 -1.24367976
v -0.75948846 6.82691288 -1.09789705
v -0.61476070 6.82691288 -0.87749320
v -0.56588697 6.82691288 -0.58659464
v -0.61920887 6.82691288 -0.25361127
v -0.76425469 6.82691288 0.04692817
v -0.98045099 6.82691288 0.25693583
v -1.23538065 6.82691288 0.33377165
v -1.49031949 6.82691288 0.27815467
v -1.70354664 6.82691288 0.09820318
v -1.83751166 6.82691288 -0.19206330
v -1.88533199 6.82691288 -0.52461839
v -1.83630872 6.82691288 -0.83829945
v -1.69622469 6.82691288 -1.08347511
v -1.48783267 6.82691288 -1.23797274
v -1.23546481 6.40083885 -1.41793346
v -1.23546481 6.40083885 -1.41793346
v -0.99048638 6.40083885 -1.36589122
v -0.78280389 6.40083885 -1.21543813
v -0.60465592 6.40083885 -0.98689586
v -0.55268216 6.40083885 -0.67229909
v -0.64403486 6.40083885 -0.31374082
v -0.78280389 6.40083885 0.00301620
v -0.99048638 6.40083885 0.22428587
v -1.23546481 6.40083885 0.30517837
v -1.48044300 6.40083885 0.24662557
v -1.68812561 6.40083885 0.05705142
v -1.82689500 6.40083885 -0.25045460
v -1.91824675 6.40083885 -0.61621714
v -1.86627340 6.40083885 -0.94809932
v -1.68812561 6.40083885 -1.19974089
v -1.48044300 6.40083885 -1.35938096
v -1.23546481 5.72127724 -1.38035512
v -1.23546481 5.72127724 -1.38035512
v -0.99048638 5.72127724 -1.32640696
v -0.78280389 5.72127724 -1.18634725
v -0.60465592 5.72127724 -0.95176786
v -0.55268216 5.72127724 -0.62845784
v -0.64403486 5.72127724 -0.28432822
v -0.78280389 5.72127724 0.01762262
v -0.99048638 5.72127724 0.22824410
v -1.23546481 5.72127724 0.30517837
v -1.48044300 5.72127724 0.24949089
v -1.68812561 5.72127724 0.06905407
v -1.82689500 5.72127724 -0.22400390
v -1.91824758 5.72127724 -0.58749419
v -1.86627340 5.72127724 -0.92804414
v -1.68812561 5.72127724 -1.16794968
v -1.48044300 5.72127724 -1.32465720
v -1.23546481 4.84721184 -1.15679026
v -1.23546481 4.84721184 -1.15679026
v -1.03311348 4.84721184 -1.10481858
v -0.86156839 4.84721184 -0.95898205
v -0.74694574 4.84721184 -0.74410123
v -0.70669544 4.84721184 -0.47408897
v -0.74694574 4.84721184 -0.18793461
v -0.86156839 4.84721184 0.06443596
v -1.03311348 4.84721184 0.24072871
v -1.23546481 4.84721184 0.30517837
v -1.43781590 4.84721184 0.25852749
v -1.60936093 4.84721184 0.10748759
v -1.72398412 4.84721184 -0.13751242
v -1.76423419 4.84721184 -0.43996805
v -1.72398388 4.84721184 -0.73923260
v -1.60936093 4.84721184 -0.97184354
v -1.43781590 4.84721184 -1.11013937
v -1.23546481 2.90442085 -0.93949741
v -1.23546481 2.90442085 -0.93949741
v -1.08766365 2.90442085 -0.89122385
v -0.96236396 2.90442085 -0.76744956
v -0.87864149 2.90442085 -0.60270578
v -0.84924197 2.90442085 -0.40628460
v -0.87864149 2.90442085 -0.19680160
v -0.96236396 2.90442085 0.00343284
v -1.08766365 2.90442085 0.16233101
v -1.23546481 2.90442085 0.22219482
v -1.38326585 2.90442085 0.17886332
v -1.50856543 2.90442085 0.04052347
v -1.59228826 2.90442085 -0.15912506
v -1.62168753 2.90442085 -0.38291970
v -1.59228814 2.90442085 -0.60018092
v -1.50856543 2.90442085 -0.77885514
v -1.38326585 2.90442085 -0.89616585
v -1.23546481 2.51707840 -0.93949741
v -1.23546481 2.51707840 -0.93949741
v -1.08766365 2.51707840 -0.89122385
v -0.96236396 2.51707840 -0.76744956
v -0.87864149 2.51707840 -0.60270578
v -0.84924197 2.51707840 -0.40628460
v -0.87864149 2.51707840 -0.19680160
v -0.96236396 2.51707840 0.00343284
v -1.08766365 2.51707840 0.16233101
v -1.23546481 2.51707840 0.22219482
v -1.38326585 2.51707840 0.17886332
v -1.50856543 2.51707840 0.04052347
v -1.59228826 2.51707840 -0.15912506
v -1.62168753 2.51707840 -0.38291970
v -1.59228814 2.51707840 -0.60018092
v -1.50856543 2.51707840 -0.77885514
v -1.38326585 2.51707840 -0.89616585
v -0.85393119 9.04871368 -1.41975737
v -1.17617214 9.04871368 -1.48081589
v -1.17617214 9.04871368 -1.48081589
v -0.57870978 9.04871368 -1.24421334
v -0.39604026 9.04871368 -0.97743827
v -0.32783270 9.04871368 -0.62459666
v -0.39465320 9.04871368 -0.21867092
v -0.58376712 9.04871368 0.14846408
v -0.85833085 9.04871368 0.40492502
v -1.18123257 9.04871368 0.49868301
v -1.50228131 9.04871368 0.43081775
v -1.76977408 9.04871368 0.21109331
v -1.94564152 9.04871368 -0.14351285
v -2.00728226 9.04871368 -0.54913348
v -1.93741572 9.04871368 -0.92991942
v -1.75140834 9.04871368 -1.22686768
v -1.49166834 9.04871368 -1.41295123
v -1.24202263 6.82686615 -1.36207080
v -1.24202263 6.82686615 -1.36207080
v -0.95922291 6.82686615 -1.30716705
v -0.72061342 6.82686615 -1.15050507
v -0.56273884 6.82686615 -0.91396266
v -0.50905567 6.82686615 -0.60188991
v -0.56629825 6.82686615 -0.24450549
v -0.72469091 6.82686615 0.07858846
v -0.96176207 6.82686615 0.30481616
v -1.24204838 6.82686615 0.38784042
v -1.52264822 6.82686615 0.32817194
v -1.75704575 6.82686615 0.13450360
v -1.90369785 6.82686615 -0.17791048
v -1.95525002 6.82686615 -0.53562510
v -1.90097058 6.82686615 -0.87284905
v -1.74753141 6.82686615 -1.13618636
v -1.51871514 6.82686615 -1.30181527
v -1.53564334 7.01015472 0.35985592
v -1.24237061 7.01015472 0.42200872
v -1.79527545 7.29233837 0.18119878
v -1.92485404 7.29233837 -0.14863768
v -1.93580413 7.29233837 -0.52623969
v -1.87549055 7.29233837 -0.88199264
v -1.74400377 7.29233837 -1.15977001
v -1.52732790 7.29233837 -1.28333116
v -1.23121560 7.29233837 -1.34688544
v -1.23121560 7.29233837 -1.34688544
v -0.93076825 7.29233837 -1.28913069
v -0.71647215 7.29233837 -1.17510748
v -0.58892292 7.29233837 -0.92558497
v -0.52911830 7.29233837 -0.59628010
v -0.52648044 7.29233837 -0.21891135
v -0.66954643 7.29233837 0.12080860
v -0.94938332 7.01015472 0.33553556
v -1.49724567 8.89717960 0.43081775
v -1.18648112 8.89717960 0.49868301
v -1.77348733 8.61500263 0.21109331
v -1.93032384 8.61500263 -0.13484269
v -1.98030424 8.61500263 -0.53054577
v -1.91298389 8.61500263 -0.90202159
v -1.74153042 8.61500263 -1.19170928
v -1.48474646 8.61500263 -1.32221079
v -1.18655980 8.61500263 -1.38841653
v -1.18655980 8.61500263 -1.38841653
v -0.88035810 8.61500263 -1.32885051
v -0.65201718 8.61500263 -1.20863080
v -0.51205868 8.61500263 -0.94837838
v -0.44430792 8.61500263 -0.60416400
v -0.44972646 8.61500263 -0.20816302
v -0.61192501 8.61504173 0.14846408
v -0.87463927 8.89717960 0.40492502
v -1.47499585 8.70506859 0.64765042
v -1.50385439 7.20227146 0.59074432
v -1.19375956 8.70506859 0.70540470
v -1.23992085 7.20227146 0.64401883
v -1.72913766 8.48034477 0.46066186
v -1.74405658 7.42699623 0.43908152
v -0.67448348 8.48037720 0.40736344
v -0.72542638 7.42699623 0.38714531
v -0.91069472 8.70506859 0.62561530
v -0.97605544 7.20227146 0.56981653
v -1.82692873 7.95367241 0.17377990
v -1.91433835 7.95367241 -0.14174017
v -1.91966844 7.95367241 -0.52839279
v -1.85585356 7.95367241 -0.89200729
v -1.72313356 7.95367241 -1.17573977
v -1.50558233 7.95367241 -1.30277085
v -1.20888770 7.95367241 -1.36765099
v -1.20888770 7.95367241 -1.36765099
v -0.90762657 7.95367241 -1.30899072
v -0.70435035 7.95367241 -1.19186926
v -0.58434802 7.95367241 -0.93698174
v -0.52057880 7.95367241 -0.60022205
v -0.49988276 7.95367241 -0.21353720
v -0.59775585 7.95368862 0.11227021
v -1.52035463 7.95367146 0.63103503
v -1.21679807 7.95367146 0.69285721
v -1.77557111 7.95367241 0.42750558
v -0.66140378 7.95368576 0.37488821
v -0.91226113 7.95367146 0.60711282
v -1.24158406 7.11097622 0.57667285
v -0.95800555 7.11097622 0.49561283
v -0.68815416 7.36300564 0.29546407
v -1.52530348 7.11097622 0.51845282
v -1.49224293 8.79636097 0.58211380
v -1.19048214 8.79636097 0.64538604
v -0.63306534 8.54437160 0.31886920
v -0.88706309 8.79636097 0.55797344
v -1.76345575 8.54433537 0.37725988
v -1.78117096 7.36300564 0.35215703
v -1.81395817 7.95367241 0.34234229
v -0.61911607 7.95368671 0.28480044
v -1.23546481 2.51707840 -0.93949741
v -1.23546481 2.51707840 -0.93949741
v -1.08766365 2.51707840 -0.89122385
v -0.96236396 2.51707840 -0.76744956
v -0.87864149 2.51707840 -0.60270578
v -0.84924197 2.51707840 -0.40628460
v -0.87864149 2.51707840 -0.19680160
v -0.96236396 2.51707840 0.00343284
v -1.08766365 2.51707840 0.16233101
v -1.23546481 2.51707840 0.22219482
v -1.38326585 2.51707840 0.17886332
v -1.50856543 2.51707840 0.04052347
v -1.59228826 2.51707840 -0.15912506
v -1.62168753 2.51707840 -0.38291970
v -1.59228814 2.51707840 -0.60018092
v -1.50856543 2.51707840 -0.77885514
v -1.38326585 2.51707840 -0.89616585
v -1.23546481 2.51707840 -0.96339506
v -1.23546481 2.51707840 -0.96339506
v -1.08139706 2.51707840 -0.91307449
v -0.95078474 2.51707840 -0.78405231
v -0.86351240 2.51707840 -0.61232358
v -0.83286643 2.51707840 -0.40757433
v -0.86351240 2.51707840 -0.18920940
v -0.95078474 2.51707840 0.01951480
v -1.08139706 2.51707840 0.18515024
v -1.23546481 2.51707840 0.24755207
v -1.38953257 2.51707840 0.20238349
v -1.52014458 2.51707840 0.05817801
v -1.60741723 2.51707840 -0.14993536
v -1.63806307 2.51707840 -0.38321877
v -1.60741723 2.51707840 -0.60969168
v -1.52014458 2.51707840 -0.79594153
v -1.38953257 2.51707840 -0.91822618
v -1.23546481 1.40323067 -1.01353192
v -1.23546481 1.40323067 -1.01353192
v -1.07784271 1.40323067 -0.95891732
v -0.94421732 1.40323067 -0.81888503
v -0.85493171 1.40323067 -0.63250172
v -0.82357872 1.40323067 -0.41028014
v -0.85493171 1.40323067 -0.17328095
v -0.94421732 1.40323067 0.05325478
v -1.07784271 1.40323067 0.23302475
v -1.23546481 1.40323067 0.30075178
v -1.39308679 1.40323067 0.25172862
v -1.52671218 1.40323067 0.09521744
v -1.61599791 1.40323067 -0.13065547
v -1.64735079 1.40323067 -0.38384616
v -1.61599791 1.40323067 -0.62964529
v -1.52671218 1.40323067 -0.83178884
v -1.39308679 1.40323067 -0.96450859
v -0.83286643 2.29727364 -0.40757433
v -0.86351240 2.29727364 -0.61232358
v -1.63806307 2.29727364 -0.38321877
v -1.60741723 2.29727364 -0.14993536
v -0.86351240 2.29727364 -0.18920940
v -1.60741723 2.29727364 -0.60969168
v -0.95078474 2.29727364 0.01951480
v -1.52014458 2.29727364 -0.79594153
v -1.08139706 2.29727364 0.18515024
v -1.38953257 2.29727364 -0.91822618
v -1.23546481 2.29727364 0.24755207
v -1.08139706 2.29727364 -0.91307449
v -1.23546481 2.29727364 -0.96339506
v -1.23546481 2.29727364 -0.96339506
v -1.38953257 2.29727364 0.20238349
v -0.95078474 2.29727364 -0.78405231
v -1.52014458 2.29727364 0.05817801
v -0.85493171 2.27626038 -0.61777854
v -1.61599791 2.27626038 -0.14472327
v -1.23546481 2.27626038 -0.97694892
v -1.23546481 2.27626038 -0.97694892
v -0.82357872 2.27626038 -0.40830582
v -1.64735079 2.27626038 -0.38338837
v -0.85493171 2.27626038 -0.18490332
v -1.61599791 2.27626038 -0.61508590
v -0.94421732 2.27626038 0.02863601
v -1.52671218 2.27626038 -0.80563247
v -1.07784271 2.27626038 0.19809261
v -1.39308679 2.27626038 -0.93073815
v -1.23546481 2.27626038 0.26193407
v -1.07784271 2.27626038 -0.92546767
v -1.39308679 2.27626038 0.21572343
v -0.94421732 2.27626038 -0.79346889
v -1.52671218 2.27626038 0.06819123
v -1.47773027 2.07980347 -1.13057566
v -1.47773027 2.07980347 -1.13057566
v -1.68357253 1.92175674 -0.95793110
v -1.68357253 1.92175674 -0.95793110
v -1.82111239 1.75465775 -0.69497877
v -1.82111239 1.75465775 -0.69497877
v -1.86711097 1.73266792 -0.37523860
v -1.86711097 1.73266792 -0.37523860
v -1.83921170 1.80205154 -0.04511163
v -1.83921170 1.80205154 -0.04511163
v -1.70807099 2.01961136 0.24498501
v -1.70807099 2.01961136 0.24498501
v -1.49058414 2.20665359 0.43502131
v -1.49058414 2.20665359 0.43502131
v -1.23476517 2.27052307 0.50351411
v -1.23476517 2.27052307 0.50351411
v -1.23476517 2.27052307 0.50351411
v -0.97955418 2.20290947 0.41265094
v -0.97955418 2.20290947 0.41265094
v -0.76835883 1.99765205 0.19245832
v -0.76835883 1.99765205 0.19245832
v -0.63553357 1.78938293 -0.10105038
v -0.63553357 1.78938293 -0.10105038
v -0.60343534 1.73279953 -0.40962440
v -0.60343534 1.73279953 -0.40962440
v -0.64873284 1.76095009 -0.69869453
v -0.64873284 1.76095009 -0.69869453
v -0.78627229 1.91610146 -0.94114548
v -0.78627229 1.91610146 -0.94114548
v -0.99211472 2.07880783 -1.12330222
v -0.99211472 2.07880783 -1.12330222
v -1.23492265 2.14367294 -1.19434595
v -1.23492265 2.14367294 -1.19434595
v -1.23492265 2.14367294 -1.19434595
v -1.47497034 1.72500992 -1.17971659
v -1.67764831 1.56696129 -0.98582274
v -1.80134881 1.39455605 -0.69125348
v -1.84133685 1.36302948 -0.33066797
v -1.83400583 1.42108345 0.04738075
v -1.74230301 1.64040756 0.30589324
v -1.51186967 1.84899330 0.49641597
v -1.23651552 1.57043076 0.75289768
v -1.23651552 1.57043076 0.75289768
v -0.96883810 1.84583092 0.47367263
v -0.75487828 1.61919022 0.25288674
v -0.65952343 1.40942383 -0.01159912
v -0.64248478 1.36278152 -0.37111104
v -0.67304730 1.39985466 -0.69540125
v -0.79446948 1.56130600 -0.96686321
v -0.99676251 1.72401237 -1.17161655
v -1.23586667 1.78887939 -1.24983430
v -1.23586667 1.78887939 -1.24983430
v -1.46735823 0.44896889 -1.17748880
v -1.64437449 0.44896889 -0.93588573
v -1.74058104 0.44896889 -0.44129026
v -1.79419231 0.39468765 -0.13579172
v -1.79365337 0.54682732 0.20519456
v -1.75593531 1.05871773 0.49419466
v -1.53359520 1.45592308 0.58449548
v -0.94270521 1.44803047 0.56206685
v -0.79386359 1.00750732 0.44660017
v -0.79247844 0.50675964 0.15013248
v -0.72560728 0.39468765 -0.16702032
v -0.75890827 0.44896889 -0.41342801
v -0.84407419 0.44896889 -0.89082152
v -1.00848401 0.44896889 -1.16921306
v -1.23614657 0.44896889 -1.24867249
v -1.23614657 0.44896889 -1.24867249
v -1.84757054 0.31143379 0.36257163
v -1.83054554 0.51632881 0.64616507
v -1.74214077 0.84973335 0.96856308
v -1.50307584 1.14021492 1.16993213
v -1.22241795 1.23702621 1.22242856
v -1.22241795 1.23702621 1.22242856
v -0.94933563 1.13411331 1.14700222
v -0.81596047 0.81180191 0.91398120
v -0.81278890 0.48548508 0.59453660
v -0.78784680 0.31143379 0.33296770
v -1.88977551 0.31143379 0.81535971
v -1.87831950 0.49990463 1.15634608
v -1.73453951 0.73044205 1.49721527
v -1.48151660 0.88302803 1.70819902
v -1.21514344 0.96132660 1.77961421
v -1.21514344 0.96132660 1.77961421
v -0.93220437 0.87796021 1.68577003
v -0.76843655 0.69792557 1.42758131
v -0.75820380 0.46534348 1.10128379
v -0.75516754 0.31143379 0.78413123
v -1.93155265 0.31143379 1.47056818
v -1.91274667 0.43970871 1.92964292
v -1.71479785 0.64193535 2.20173383
v -1.47833180 0.76655006 2.40640044
v -1.16925108 0.83441544 2.43127513
v -1.16925108 0.83441544 2.43127513
v -0.86110246 0.76215744 2.33743095
v -0.66896850 0.61948395 2.07924223
v -0.61630750 0.44090271 1.75294495
v -1.90840244 0.39777565 2.06760335
v -1.75504589 0.56033707 2.53393197
v -1.48553562 0.57537842 2.75769782
v -1.18385899 0.61595535 2.80464673
v -1.18385899 0.61595535 2.80464673
v -0.87859857 0.57496834 2.70768952
v -0.67617750 0.54774284 2.31573963
v -0.58942115 0.38793564 1.84866452
v -1.89826584 0.31143379 2.10960150
v -1.75566435 0.31143379 2.61460471
v -1.50237942 0.30441093 2.87059665
v -1.21424496 0.31006050 2.93278623
v -1.21424496 0.31006050 2.93278623
v -0.91735673 0.30491638 2.82629085
v -0.62845892 0.31143379 2.39590502
v -0.57876366 0.31143379 1.89043140
v -0.64789474 0.31143379 1.43383861
v -0.77011967 0.70144463 0.11817545
v -0.74129176 0.93154907 0.03849027
v -0.70251942 1.16982651 -0.01417124
v -0.76241976 1.46574020 0.28441375
v -0.77202499 1.31147194 0.34359810
v -0.78123146 1.15827560 0.39437264
v -1.78936648 0.52893639 -0.18345761
v -1.78956187 0.72466469 -0.26254344
v -1.81165028 1.03514862 -0.32647896
v -1.78061438 1.06929207 -0.65537220
v -1.75680113 0.74674606 -0.61614841
v -1.74124062 0.53433800 -0.52041996
v -0.72254401 0.52896881 -0.21696508
v -0.71435469 0.72468567 -0.29830456
v -0.68283761 1.03560066 -0.36461836
v -1.79600739 0.73966217 0.17541638
v -1.80356801 0.96098137 0.10085678
v -1.81752276 1.18980789 0.04644829
v -0.75464642 0.53473091 -0.49969018
v -0.73558259 0.74876595 -0.60833061
v -0.70260012 1.07262039 -0.65654904
v -1.75621009 1.20235252 0.44461530
v -1.75271297 1.34804153 0.39628005
v -1.74885356 1.49461555 0.33888394
v -0.83758521 0.55777740 -0.90962559
v -0.82705879 0.83030891 -0.93165761
v -0.80644858 1.19580841 -0.95098788
v -1.52943945 1.55456161 0.56276304
v -1.52410793 1.65328789 0.53714347
v -1.51808763 1.75164223 0.51910394
v -1.00604355 0.58005142 -1.17149901
v -1.00087297 0.91166306 -1.22487307
v -0.99684751 1.31783867 -1.22491217
v -1.46911919 0.58018875 -1.17971635
v -1.47258317 0.91216087 -1.23307037
v -1.47497618 1.31858635 -1.23307037
v -1.23586667 1.36648750 -1.30425406
v -1.23586667 1.36648750 -1.30425406
v -1.23586774 0.94409370 -1.30425406
v -1.23586774 0.94409370 -1.30425406
v -1.23602676 0.58903122 -1.24983454
v -1.23602676 0.58903122 -1.24983454
v -0.94749659 1.54785538 0.54015952
v -0.95395982 1.64778137 0.51433116
v -0.96129107 1.74732399 0.49628758
v -1.64843059 0.55871773 -0.94810778
v -1.65539217 0.83313560 -0.96545440
v -1.67102838 1.20005035 -0.97776037
v -1.41513276 2.04962730 -0.93307978
v -1.56773865 1.93245506 -0.80508584
v -1.66970706 1.80857277 -0.61014009
v -1.70380914 1.79227066 -0.37309337
v -1.68312538 1.84370995 -0.12834613
v -1.58590126 2.00500298 0.08805785
v -1.42466235 2.14367104 0.23083636
v -1.23500502 2.19102097 0.27964899
v -1.04579854 2.14089394 0.21367869
v -0.88922393 1.98872185 0.04840600
v -0.79075086 1.83431625 -0.16981761
v -0.76695418 1.79236794 -0.39858606
v -0.80053651 1.81323814 -0.61289483
v -0.90250456 1.92826271 -0.79264146
v -1.05511057 2.04888916 -0.92768747
v -1.23512173 2.09697723 -0.98035735
v -1.23569274 1.51714134 -0.36694390
v -1.23601878 0.44896889 -1.26339960
v -1.23601878 0.44896889 -1.26339960
v -1.46894348 0.44896889 -1.19168854
v -1.64727116 0.44896889 -0.94829535
v -1.74419057 0.44896889 -0.45003557
v -1.79819894 0.39468765 -0.14227360
v -0.72169697 0.39468765 -0.17373359
v -0.75524473 0.44896889 -0.42196691
v -0.84104156 0.44896889 -0.90289724
v -1.00666952 0.44896889 -1.18335152
v -1.85197270 0.31143379 0.35978204
v -0.78439760 0.31143379 0.32995877
v -0.75147623 0.31143379 0.78446490
v -1.89449036 0.31143379 0.81592476
v -1.93657708 0.31143379 1.47598767
v -1.90304363 0.31143379 2.11975527
v -1.75938559 0.31143379 2.62849998
v -1.50422406 0.30690002 2.88638854
v -1.21395493 0.31104851 2.94903898
v -1.21395493 0.31104851 2.94903898
v -0.91486704 0.30728531 2.84175467
v -0.62382889 0.31143379 2.40818000
v -0.57376540 0.31143379 1.89896154
v -0.64340866 0.31143379 1.43898582
v -1.23601878 0.16837120 -1.26339960
v -1.46894348 0.16837120 -1.19168854
v -1.64727116 0.16837120 -0.94829535
v -1.74419057 0.16837120 -0.45003557
v -1.79819894 0.16837120 -0.14227360
v -0.72169697 0.16837120 -0.17373359
v -0.75524473 0.16837120 -0.42196691
v -0.84104156 0.16837120 -0.90289724
v -1.00666952 0.16837120 -1.18335152
v -1.85197270 0.16837120 0.35978204
v -0.78439760 0.16837120 0.32995877
v -0.75147623 0.16837120 0.78446490
v -1.89449036 0.16837120 0.81592476
v -1.93657708 0.16837120 1.47598767
v -1.90304363 0.16837120 2.11975527
v -1.75938559 0.16837120 2.62849998
v -1.50422406 0.16837120 2.88638854
v -1.21395493 0.16837120 2.94903898
v -0.91486704 0.16837120 2.84175467
v -0.62382889 0.16837120 2.40818000
v -0.57376540 0.16837120 1.89896154
v -0.64340866 0.16837120 1.43898582
v 1.04367793 23.38311577 -0.68901020
v 0.96720695 23.20377350 -0.55959159
v 0.18873793 22.69058800 0.71111143
v 0.21344393 22.69134903 0.64281541
v 0.20647830 22.68873978 0.61966318
v 0.13431388 22.71486664 0.77068740
v 0.06560683 22.73027039 0.81441110
v 0.00000000 22.73288727 0.84302324
v 0.00000000 22.73288727 0.84302324
v 0.04481840 22.71356201 0.69429868
v 0.00000000 22.71934128 0.71180570
v 0.00000000 22.71934128 0.71180570
v 0.09367001 22.70877457 0.66945702
v 0.15623921 22.69960022 0.63291430
v 1.08258224 23.74284172 -0.68410629
v 0.86553365 23.06700516 -0.33902100
v 0.92012763 23.19737053 -0.32859609
v 0.92012763 23.19737053 -0.32859609
v 0.92012763 23.19737053 -0.32859609
v 0.63898587 23.54546356 0.50127321
v 0.55703914 23.52077866 0.56384528
v 0.47484031 23.51111412 0.62180495
v 0.38534918 23.51757050 0.64975446
v 0.30832964 23.54551315 0.68181145
v 0.29657835 23.60145569 0.70314467
v 0.29657835 23.60145569 0.70314467
v 0.32798082 23.66196251 0.70637524
v 0.58647937 23.77826691 0.58388215
v 0.68211436 23.78144264 0.47690028
v 0.48537481 23.74921036 0.65330344
v 0.39025196 23.70503998 0.69164097
v 0.77003586 23.66427994 0.39498883
v 0.71248180 23.59519005 0.44404590
v 0.76385939 23.75131798 0.38131809
v 0.76385939 23.75131798 0.38131809
v 1.07785749 23.55600929 -0.72409707
v 0.94379628 23.17212677 -0.44652387
v 0.93951428 23.19836235 -0.40683398
v 1.15571558 23.56550407 -0.71929365
v 1.15098476 23.39072609 -0.69948655
v 1.15616083 23.69192314 -0.68239886
v 1.12442148 23.73133659 -0.61091536
v 1.08826852 23.71808815 -0.51765829
v 1.07785630 23.25662613 -0.59126288
v 1.02235389 23.53464317 -0.38152549
v 0.96106935 23.37832451 -0.45630106
v 0.96106935 23.37832451 -0.45630106
v 0.03344321 23.05297852 0.94845837
v 0.03344321 23.06972313 0.96744996
v 0.05108577 23.05663300 0.94400615
v 0.04295057 23.06992149 0.96593076
v 0.59489882 23.80615807 0.60154492
v 0.69722068 23.80908585 0.48345459
v 0.30240971 23.67518806 0.72747892
v 0.36838061 23.72214890 0.72481346
v 0.48347488 23.77350998 0.67788190
v 0.30012035 23.59855270 0.70732790
v 0.30012035 23.59855270 0.70732790
v 0.33153278 23.65905762 0.71078366
v 0.59115154 23.77505875 0.59887528
v 0.68519151 23.77866554 0.48041874
v 0.49028236 23.74593925 0.66879994
v 0.39383850 23.70212364 0.69674319
v 1.22147655 15.48594666 -1.67245913
v 0.96472329 15.51697540 -1.80921149
v 1.19047368 15.45344830 0.25927907
v 1.52212131 15.42958832 0.01819009
v 1.52212131 15.42958832 0.01819009
v 0.17777586 15.59218788 -1.84364581
v 0.00000000 15.59828568 -1.82416701
v 1.68818295 15.41590595 -0.31048220
v 0.57176769 15.56083012 -1.91761994
v 1.76844609 15.38729286 -0.57102650
v 1.73360753 15.38768101 -0.93565083
v 1.59904993 15.42098522 -1.32389569
v 1.59904993 15.42098522 -1.32389569
v 0.00000000 15.46485901 0.49687511
v 0.70319307 15.48443031 0.46383137
v 0.80679107 21.64186096 -1.05907655
v 0.93344378 21.73738670 -0.58312964
v 0.84637356 21.59287834 -0.24345559
v 0.77019715 21.47824097 -0.09375781
v 0.33418393 20.99407768 0.22743124
v 0.67087209 21.33074760 0.01036495
v 0.67087209 21.33074760 0.01036495
v 1.07551944 20.94139862 0.18851608
v 1.49108827 20.46441269 0.24701720
v 1.76004720 20.05464172 0.16178197
v 1.87341034 19.78146172 0.11058432
v 1.87341034 19.78146172 0.11058432
v 1.23944831 20.53305244 -1.77202296
v 0.77725691 20.83774948 -1.70426250
v 1.55306983 20.25318146 -1.72322416
v 1.75535882 19.96291924 -1.61019397
v 1.75535882 19.96291924 -1.61019397
v 1.68727183 19.45623779 -0.95377427
v 1.68727183 19.45623779 -0.95377427
v 1.67335331 19.46292114 -0.45665455
v 1.71445251 19.51283836 -0.13353199
v 1.71625555 19.27766991 -1.02603221
v 1.75046146 19.02029037 -0.97220248
v 2.86859775 18.63395119 -1.09882426
v 2.53410840 18.58527946 -1.44609594
v 2.17742062 18.53337860 -1.47333813
v 2.90587282 18.63937569 -0.49130553
v 2.68313670 18.60696602 -0.02051884
v 2.30486846 18.55192375 0.07653326
v 1.93078256 18.49748993 -1.32511902
v 1.83350611 18.48333549 -0.96049756
v 1.83350611 18.48333549 -0.96049756
v 1.87239814 18.48899460 -0.42902440
v 1.94446850 18.49948120 -0.01016456
v 0.98420215 15.58020592 -1.87668848
v 0.58287132 15.62477684 -1.96262431
v 0.18051207 15.65671349 -1.95309401
v 0.00000000 15.66330719 -1.92190719
v 1.24642992 15.54947472 -1.69880199
v 1.76273787 15.44979477 -0.95104474
v 1.62905800 15.48370361 -1.36126924
v 1.62905800 15.48370361 -1.36126924
v 1.79838502 15.44943428 -0.53420269
v 1.71795249 15.47858620 -0.21894217
v 1.55308282 15.49318314 0.02518386
v 1.55308282 15.49318314 0.02518386
v 1.21470118 15.51813507 0.38832968
v 0.00000000 15.53179932 0.54723531
v 0.71699440 15.55044079 0.54992205
v 0.00000000 20.67686462 0.37602538
v 2.50902081 18.73787308 -1.40928030
v 2.82464218 18.77705002 -1.09671307
v 2.85144758 18.78037643 -0.53231794
v 1.89619052 18.66180229 -0.45650464
v 1.87525702 18.65920448 -0.96387613
v 1.96326709 18.67012787 -1.28094769
v 2.18172646 18.69724655 -1.42428350
v 2.18172646 18.69724655 -1.42428350
v 1.98647022 18.67300797 -0.15058929
v 2.30392504 18.71241379 0.00746918
v 2.30392504 18.71241379 0.00746918
v 2.65053558 18.75218964 -0.10276043
v 0.87780267 9.04871368 -1.35205579
v 1.17259431 9.04871368 -1.40911102
v 1.17259431 9.04871368 -1.40911102
v 0.62597370 9.04871368 -1.18802214
v 0.45805666 9.04871368 -0.93873960
v 0.39570975 9.04871368 -0.60903388
v 0.45773041 9.04871368 -0.22972441
v 0.63107210 9.04871368 0.11333764
v 0.88217336 9.04871368 0.35298258
v 1.17709970 9.04871368 0.44059283
v 1.47018075 9.04871368 0.37717754
v 1.71325266 9.04871368 0.17186028
v 1.87499905 9.04871368 -0.15949446
v 1.93170702 9.04871368 -0.53851861
v 1.86798108 9.04871368 -0.89433664
v 1.69756925 9.04871368 -1.17181396
v 1.46154296 9.04871368 -1.34569597
v 1.23535740 6.82691288 -1.29447889
v 1.23535740 6.82691288 -1.29447889
v 0.97734857 6.82691288 -1.24367976
v 0.75948846 6.82691288 -1.09789705
v 0.61476070 6.82691288 -0.87749320
v 0.56588697 6.82691288 -0.58659464
v 0.61920887 6.82691288 -0.25361127
v 0.76425469 6.82691288 0.04692817
v 0.98045099 6.82691288 0.25693583
v 1.23538065 6.82691288 0.33377165
v 1.49031949 6.82691288 0.27815467
v 1.70354664 6.82691288 0.09820318
v 1.83751166 6.82691288 -0.19206330
v 1.88533199 6.82691288 -0.52461839
v 1.83630872 6.82691288 -0.83829945
v 1.69622469 6.82691288 -1.08347511
v 1.48783267 6.82691288 -1.23797274
v 0.85393119 9.04871368 -1.41975737
v 1.17617214 9.04871368 -1.48081589
v 1.17617214 9.04871368 -1.48081589
v 0.57870978 9.04871368 -1.24421334
v 0.39604026 9.04871368 -0.97743827
v 0.32783270 9.04871368 -0.62459666
v 0.39465320 9.04871368 -0.21867092
v 0.58376712 9.04871368 0.14846408
v 0.85833085 9.04871368 0.40492502
v 1.18123257 9.04871368 0.49868301
v 1.50228131 9.04871368 0.43081775
v 1.76977408 9.04871368 0.21109331
v 1.94564152 9.04871368 -0.14351285
v 2.00728226 9.04871368 -0.54913348
v 1.93741572 9.04871368 -0.92991942
v 1.75140834 9.04871368 -1.22686768
v 1.49166834 9.04871368 -1.41295123
v 1.24202263 6.82686615 -1.36207080
v 1.24202263 6.82686615 -1.36207080
v 0.95922291 6.82686615 -1.30716705
v 0.72061342 6.82686615 -1.15050507
v 0.56273884 6.82686615 -0.91396266
v 0.50905567 6.82686615 -0.60188991
v 0.56629825 6.82686615 -0.24450549
v 0.72469091 6.82686615 0.07858846
v 0.96176207 6.82686615 0.30481616
v 1.24204838 6.82686615 0.38784042
v 1.52264822 6.82686615 0.32817194
v 1.75704575 6.82686615 0.13450360
v 1.90369785 6.82686615 -0.17791048
v 1.95525002 6.82686615 -0.53562510
v 1.90097058 6.82686615 -0.87284905
v 1.74753141 6.82686615 -1.13618636
v 1.51871514 6.82686615 -1.30181527
v 1.82692873 7.95367241 0.17377990
v 1.79527545 7.29233837 0.18119878
v 0.59775585 7.95368862 0.11227021
v 0.66954643 7.29233837 0.12080860
v 1.24237061 7.01015472 0.42200872
v 0.94938332 7.01015472 0.33553556
v 1.53564334 7.01015472 0.35985592
v 1.49724567 8.89717960 0.43081775
v 1.18648112 8.89717960 0.49868301
v 1.77348733 8.61500263 0.21109331
v 0.87463927 8.89717960 0.40492502
v 0.61192501 8.61504173 0.14846408
v 1.52014458 2.29727364 0.05817801
v 1.60741723 2.29727364 -0.14993536
v 0.95078474 2.29727364 -0.78405231
v 0.86351240 2.29727364 -0.61232358
v 1.38953257 2.29727364 0.20238349
v 1.08139706 2.29727364 -0.91307449
v 1.23546481 2.29727364 0.24755207
v 1.38953257 2.29727364 -0.91822618
v 1.23546481 2.29727364 -0.96339506
v 1.23546481 2.29727364 -0.96339506
v 1.08139706 2.29727364 0.18515024
v 1.52014458 2.29727364 -0.79594153
v 0.95078474 2.29727364 0.01951480
v 1.60741723 2.29727364 -0.60969168
v 0.86351240 2.29727364 -0.18920940
v 1.63806307 2.29727364 -0.38321877
v 0.83286643 2.29727364 -0.40757433
v 1.23614657 0.44896889 -1.24867249
v 1.23614657 0.44896889 -1.24867249
v 1.46735823 0.44896889 -1.17748880
v 1.64437449 0.44896889 -0.93588573
v 1.74058104 0.44896889 -0.44129026
v 1.79419231 0.39468765 -0.13579172
v 0.72560728 0.39468765 -0.16702032
v 0.75890827 0.44896889 -0.41342801
v 0.84407419 0.44896889 -0.89082152
v 1.00848401 0.44896889 -1.16921306
v 1.84757054 0.31143379 0.36257163
v 0.78784680 0.31143379 0.33296770
v 0.75516754 0.31143379 0.78413123
v 1.88977551 0.31143379 0.81535971
v 1.93155265 0.31143379 1.47056818
v 1.89826584 0.31143379 2.10960150
v 1.75566435 0.31143379 2.61460471
v 1.50237942 0.30441093 2.87059665
v 1.21424496 0.31006050 2.93278623
v 1.21424496 0.31006050 2.93278623
v 0.91735673 0.30491638 2.82629085
v 0.62845892 0.31143379 2.39590502
v 0.57876366 0.31143379 1.89043140
v 0.64789474 0.31143379 1.43383861
v 1.23601878 0.44896889 -1.26339960
v 1.23601878 0.44896889 -1.26339960
v 1.46894348 0.44896889 -1.19168854
v 1.64727116 0.44896889 -0.94829535
v 1.74419057 0.44896889 -0.45003557
v 1.79819894 0.39468765 -0.14227360
v 0.72169697 0.39468765 -0.17373359
v 0.75524473 0.44896889 -0.42196691
v 0.84104156 0.44896889 -0.90289724
v 1.00666952 0.44896889 -1.18335152
v 1.85197270 0.31143379 0.35978204
v 0.78439760 0.31143379 0.32995877
v 0.75147623 0.31143379 0.78446490
v 1.89449036 0.31143379 0.81592476
v 1.93657708 0.31143379 1.47598767
v 1.90304363 0.31143379 2.11975527
v 1.75938559 0.31143379 2.62849998
v 1.50422406 0.30690002 2.88638854
v 1.21395493 0.31104851 2.94903898
v 1.21395493 0.31104851 2.94903898
v 0.91486704 0.30728531 2.84175467
v 0.62382889 0.31143379 2.40818000
v 0.57376540 0.31143379 1.89896154
v 0.64340866 0.31143379 1.43898582
v 1.23601878 0.16837120 -1.26339960
v 1.23601878 0.16837120 -1.26339960
v 1.46894348 0.16837120 -1.19168854
v 1.64727116 0.16837120 -0.94829535
v 1.74419057 0.16837120 -0.45003557
v 1.79819894 0.16837120 -0.14227360
v 0.72169697 0.16837120 -0.17373359
v 0.75524473 0.16837120 -0.42196691
v 0.84104156 0.16837120 -0.90289724
v 1.00666952 0.16837120 -1.18335152
v 1.85197270 0.16837120 0.35978204
v 0.78439760 0.16837120 0.32995877
v 0.75147623 0.16837120 0.78446490
v 1.89449036 0.16837120 0.81592476
v 1.93657708 0.16837120 1.47598767
v 1.90304363 0.16837120 2.11975527
v 1.75938559 0.16837120 2.62849998
v 1.50422406 0.16837120 2.88638854
v 1.21395493 0.16837120 2.94903898
v 1.21395493 0.16837120 2.94903898
v 0.91486704 0.16837120 2.84175467
v 0.62382889 0.16837120 2.40818000
v 0.57376540 0.16837120 1.89896154
v 0.64340866 0.16837120 1.43898582
v -1.04367793 23.38311577 -0.68901020
v -0.96720695 23.20377350 -0.55959159
v -0.18873793 22.69050026 0.71111143
v -0.21344393 22.69135284 0.64281541
v -0.20647830 22.68873978 0.61966318
v -0.13431388 22.71487808 0.77068740
v -0.06560683 22.73027039 0.81441110
v -0.04481840 22.71356201 0.69429868
v -0.09367001 22.70877457 0.66945702
v -0.15623921 22.69960022 0.63291430
v -1.08258224 23.74284172 -0.68410629
v -0.86553365 23.06700516 -0.33902100
v -0.92012763 23.19737053 -0.32859609
v -0.92012763 23.19737053 -0.32859609
v -0.92012763 23.19737053 -0.32859609
v -0.63898587 23.54546356 0.50127321
v -0.55703914 23.52077866 0.56384528
v -0.47484031 23.51111412 0.62180495
v -0.38534918 23.51757050 0.64975446
v -0.30832964 23.54551315 0.68181145
v -0.29657835 23.60145569 0.70314467
v -0.29657835 23.60145569 0.70314467
v -0.32798082 23.66196251 0.70637524
v -0.58647937 23.77826691 0.58388215
v -0.68211436 23.78144264 0.47690028
v -0.48537481 23.74921036 0.65330344
v -0.39025196 23.70503998 0.69164097
v -0.77003586 23.66427994 0.39498883
v -0.71248180 23.59519005 0.44404590
v -0.76385939 23.75131798 0.38131809
v -0.76385939 23.75131798 0.38131809
v -1.07785749 23.55600929 -0.72409707
v -0.94379628 23.17212677 -0.44652387
v -0.93951428 23.19836235 -0.40683398
v -1.15571558 23.56550407 -0.71929365
v -1.15098476 23.39072609 -0.69948655
v -1.15616083 23.69192314 -0.68239886
v -1.12442148 23.73133659 -0.61091536
v -1.08826852 23.71808815 -0.51765829
v -1.07785630 23.25662613 -0.59126288
v -1.02235389 23.53464317 -0.38152549
v -0.96106935 23.37832451 -0.45630106
v -0.96106935 23.37832451 -0.45630106
v -0.03344321 23.05297852 0.94845837
v -0.03344321 23.06972313 0.96744996
v -0.05108577 23.05663300 0.94400615
v -0.04295057 23.06992149 0.96593076
v -0.59489882 23.80615807 0.60154492
v -0.69722068 23.80908585 0.48345459
v -0.30240971 23.67518806 0.72747892
v -0.36838061 23.72214890 0.72481346
v -0.48347488 23.77350998 0.67788190
v -0.30012035 23.59855270 0.70732790
v -0.30012035 23.59855270 0.70732790
v -0.33153278 23.65905762 0.71078366
v -0.59115154 23.77505875 0.59887528
v -0.68519151 23.77866554 0.48041874
v -0.49028236 23.74593925 0.66879994
v -0.39383850 23.70212364 0.69674319
v -1.22147655 15.48594666 -1.67245913
v -0.96472329 15.51697540 -1.80921149
v -1.19047368 15.45344830 0.25927907
v -1.52212131 15.42958832 0.01819009
v -1.52212131 15.42958832 0.01819009
v -0.17777586 15.59218788 -1.84364581
v -1.68818295 15.41590595 -0.31048220
v -0.57176769 15.56083012 -1.91761994
v -1.76844609 15.38729286 -0.57102650
v -1.73360753 15.38768101 -0.93565083
v -1.59904993 15.42098522 -1.32389569
v -1.59904993 15.42098522 -1.32389569
v -0.70319307 15.48443031 0.46383137
v -0.80679107 21.64186096 -1.05907655
v -0.93344378 21.73738670 -0.58312964
v -0.84637356 21.59287834 -0.24345559
v -0.77019715 21.47824097 -0.09375781
v -0.33418393 20.99407768 0.22743124
v -0.67087209 21.33074760 0.01036495
v -0.67087209 21.33074760 0.01036495
v -1.07551944 20.94139862 0.18851608
v -1.49108827 20.46441269 0.24701720
v -1.76004720 20.05464172 0.16178197
v -1.87341034 19.78146172 0.11058432
v -1.87341034 19.78146172 0.11058432
v -1.23944831 20.53305244 -1.77202296
v -0.77725691 20.83774948 -1.70426250
v -1.55306983 20.25318146 -1.72322416
v -1.75535882 19.96291924 -1.61019397
v -1.75535882 19.96291924 -1.61019397
v -1.68727183 19.45623779 -0.95377427
v -1.68727183 19.45623779 -0.95377427
v -1.67335331 19.46292114 -0.45665455
v -1.71445251 19.51283836 -0.13353199
v -1.71625555 19.27766991 -1.02603221
v -1.75046146 19.02029037 -0.97220248
v -2.86859775 18.63395119 -1.09882426
v -2.53410840 18.58527946 -1.44609594
v -2.17742062 18.53337860 -1.47333813
v -2.90587282 18.63937569 -0.49130553
v -2.68313670 18.60696602 -0.02051884
v -2.30486846 18.55192375 0.07653326
v -1.93078256 18.49748993 -1.32511902
v -1.83350611 18.48333549 -0.96049756
v -1.83350611 18.48333549 -0.96049756
v -1.87239814 18.48899460 -0.42902440
v -1.94446850 18.49948120 -0.01016456
v -0.98420215 15.58020592 -1.87668848
v -0.58287132 15.62477684 -1.96262431
v -0.18051207 15.65671349 -1.95309401
v -1.24642992 15.54947472 -1.69880199
v -1.76273787 15.44979477 -0.95104474
v -1.62905800 15.48370361 -1.36126924
v -1.62905800 15.48370361 -1.36126924
v -1.79838502 15.44943428 -0.53420269
v -1.71795249 15.47858620 -0.21894217
v -1.55308282 15.49318314 0.02518386
v -1.55308282 15.49318314 0.02518386
v -1.21470118 15.51813507 0.38832968
v -0.71699440 15.55044079 0.54992205
v -2.50902081 18.73787308 -1.40928030
v -2.82464218 18.77705002 -1.09671307
v -2.85144758 18.78037643 -0.53231794
v -1.89619052 18.66180229 -0.45650464
v -1.87525702 18.65920448 -0.96387613
v -1.96326709 18.67012787 -1.28094769
v -2.18172646 18.69724655 -1.42428350
v -2.18172646 18.69724655 -1.42428350
v -1.98647022 18.67300797 -0.15058929
v -2.30392504 18.71241379 0.00746918
v -2.30392504 18.71241379 0.00746918
v -2.65053558 18.75218964 -0.10276043
v -0.87780267 9.04871368 -1.35205579
v -1.17259431 9.04871368 -1.40911102
v -1.17259431 9.04871368 -1.40911102
v -0.62597370 9.04871368 -1.18802214
v -0.45805666 9.04871368 -0.93873960
v -0.39570975 9.04871368 -0.60903388
v -0.45773041 9.04871368 -0.22972441
v -0.63107210 9.04871368 0.11333764
v -0.88217336 9.04871368 0.35298258
v -1.17709970 9.04871368 0.44059283
v -1.47018075 9.04871368 0.37717754
v -1.71325266 9.04871368 0.17186028
v -1.87499905 9.04871368 -0.15949446
v -1.93170702 9.04871368 -0.53851861
v -1.86798108 9.04871368 -0.89433664
v -1.69756925 9.04871368 -1.17181396
v -1.46154296 9.04871368 -1.34569597
v -1.23535740 6.82691288 -1.29447889
v -1.23535740 6.82691288 -1.29447889
v -0.97734857 6.82691288 -1.24367976
v -0.75948846 6.82691288 -1.09789705
v -0.61476070 6.82691288 -0.87749320
v -0.56588697 6.82691288 -0.58659464
v -0.61920887 6.82691288 -0.25361127
v -0.76425469 6.82691288 0.04692817
v -0.98045099 6.82691288 0.25693583
v -1.23538065 6.82691288 0.33377165
v -1.49031949 6.82691288 0.27815467
v -1.70354664 6.82691288 0.09820318
v -1.83751166 6.82691288 -0.19206330
v -1.88533199 6.82691288 -0.52461839
v -1.83630872 6.82691288 -0.83829945
v -1.69622469 6.82691288 -1.08347511
v -1.48783267 6.82691288 -1.23797274
v -0.85393119 9.04871368 -1.41975737
v -1.17617214 9.04871368 -1.48081589
v -1.17617214 9.04871368 -1.48081589
v -0.57870978 9.04871368 -1.24421334
v -0.39604026 9.04871368 -0.97743827
v -0.32783270 9.04871368 -0.62459666
v -0.39465320 9.04871368 -0.21867092
v -0.58376712 9.04871368 0.14846408
v -0.85833085 9.04871368 0.40492502
v -1.18123257 9.04871368 0.49868301
v -1.50228131 9.04871368 0.43081775
v -1.76977408 9.04871368 0.21109331
v -1.94564152 9.04871368 -0.14351285
v -2.00728226 9.04871368 -0.54913348
v -1.93741572 9.04871368 -0.92991942
v -1.75140834 9.04871368 -1.22686768
v -1.49166834 9.04871368 -1.41295123
v -1.24202263 6.82686615 -1.36207080
v -1.24202263 6.82686615 -1.36207080
v -0.95922291 6.82686615 -1.30716705
v -0.72061342 6.82686615 -1.15050507
v -0.56273884 6.82686615 -0.91396266
v -0.50905567 6.82686615 -0.60188991
v -0.56629825 6.82686615 -0.24450549
v -0.72469091 6.82686615 0.07858846
v -0.96176207 6.82686615 0.30481616
v -1.24204838 6.82686615 0.38784042
v -1.52264822 6.82686615 0.32817194
v -1.75704575 6.82686615 0.13450360
v -1.90369785 6.82686615 -0.17791048
v -1.95525002 6.82686615 -0.53562510
v -1.90097058 6.82686615 -0.87284905
v -1.74753141 6.82686615 -1.13618636
v -1.51871514 6.82686615 -1.30181527
v -1.82692873 7.95367241 0.17377990
v -1.79527545 7.29233837 0.18119878
v -0.59775585 7.95368862 0.11227021
v -0.66954643 7.29233837 0.12080860
v -1.24237061 7.01015472 0.42200872
v -0.94938332 7.01015472 0.33553556
v -1.53564334 7.01015472 0.35985592
v -1.49724567 8.89717960 0.43081775
v -1.18648112 8.89717960 0.49868301
v -1.77348733 8.61500263 0.21109331
v -0.87463927 8.89717960 0.40492502
v -0.61192501 8.61504173 0.14846408
v -1.52014458 2.29727364 0.05817801
v -1.60741723 2.29727364 -0.14993536
v -0.95078474 2.29727364 -0.78405231
v -0.86351240 2.29727364 -0.61232358
v -1.38953257 2.29727364 0.20238349
v -1.08139706 2.29727364 -0.91307449
v -1.23546481 2.29727364 0.24755207
v -1.38953257 2.29727364 -0.91822618
v -1.23546481 2.29727364 -0.96339506
v -1.23546481 2.29727364 -0.96339506
v -1.08139706 2.29727364 0.18515024
v -1.52014458 2.29727364 -0.79594153
v -0.95078474 2.29727364 0.01951480
v -1.60741723 2.29727364 -0.60969168
v -0.86351240 2.29727364 -0.18920940
v -1.63806307 2.29727364 -0.38321877
v -0.83286643 2.29727364 -0.40757433
v -1.23614657 0.44896889 -1.24867249
v -1.23614657 0.44896889 -1.24867249
v -1.46735823 0.44896889 -1.17748880
v -1.64437449 0.44896889 -0.93588573
v -1.74058104 0.44896889 -0.44129026
v -1.79419231 0.39468765 -0.13579172
v -0.72560728 0.39468765 -0.16702032
v -0.75890827 0.44896889 -0.41342801
v -0.84407419 0.44896889 -0.89082152
v -1.00848401 0.44896889 -1.16921306
v -1.84757054 0.31143379 0.36257163
v -0.78784680 0.31143379 0.33296770
v -0.75516754 0.31143379 0.78413123
v -1.88977551 0.31143379 0.81535971
v -1.93155265 0.31143379 1.47056818
v -1.89826584 0.31143379 2.10960150
v -1.75566435 0.31143379 2.61460471
v -1.50237942 0.30441093 2.87059665
v -1.21424496 0.31006050 2.93278623
v -1.21424496 0.31006050 2.93278623
v -0.91735673 0.30491638 2.82629085
v -0.62845892 0.31143379 2.39590502
v -0.57876366 0.31143379 1.89043140
v -0.64789474 0.31143379 1.43383861
v -1.23601878 0.44896889 -1.26339960
v -1.23601878 0.44896889 -1.26339960
v -1.46894348 0.44896889 -1.19168854
v -1.64727116 0.44896889 -0.94829535
v -1.74419057 0.44896889 -0.45003557
v -1.79819894 0.39468765 -0.14227360
v -0.72169697 0.39468765 -0.17373359
v -0.75524473 0.44896889 -0.42196691
v -0.84104156 0.44896889 -0.90289724
v -1.00666952 0.44896889 -1.18335152
v -1.85197270 0.31143379 0.35978204
v -0.78439760 0.31143379 0.32995877
v -0.75147623 0.31143379 0.78446490
v -1.89449036 0.31143379 0.81592476
v -1.93657708 0.31143379 1.47598767
v -1.90304363 0.31143379 2.11975527
v -1.75938559 0.31143379 2.62849998
v -1.50422406 0.30690002 2.88638854
v -1.21395493 0.31104851 2.94903898
v -1.21395493 0.31104851 2.94903898
v -0.91486704 0.30728531 2.84175467
v -0.62382889 0.31143379 2.40818000
v -0.57376540 0.31143379 1.89896154
v -0.64340866 0.31143379 1.43898582
v -1.23601878 0.16837120 -1.26339960
v -1.23601878 0.16837120 -1.26339960
v -1.46894348 0.16837120 -1.19168854
v -1.64727116 0.16837120 -0.94829535
v -1.74419057 0.16837120 -0.45003557
v -1.79819894 0.16837120 -0.14227360
v -0.72169697 0.16837120 -0.17373359
v -0.75524473 0.16837120 -0.42196691
v -0.84104156 0.16837120 -0.90289724
v -1.00666952 0.16837120 -1.18335152
v -1.85197270 0.16837120 0.35978204
v -0.78439760 0.16837120 0.32995877
v -0.75147623 0.16837120 0.78446490
v -1.89449036 0.16837120 0.81592476
v -1.93657708 0.16837120 1.47598767
v -1.90304363 0.16837120 2.11975527
v -1.75938559 0.16837120 2.62849998
v -1.50422406 0.16837120 2.88638854
v -1.21395493 0.16837120 2.94903898
v -1.21395493 0.16837120 2.94903898
v -0.91486704 0.16837120 2.84175467
v -0.62382889 0.16837120 2.40818000
v -0.57376540 0.16837120 1.89896154
v -0.64340866 0.16837120 1.43898582
vt 0.19608615 0.79548708
vt 0.19744039 0.79311670
vt 0.20096302 0.79692252
vt 0.20212668 0.79467319
vt 0.20268582 0.80532584
vt 0.20516644 0.80105107
vt 0.20589380 0.79836816
vt 0.20670469 0.79557377
vt 0.07030810 0.83335231
vt 0.20835678 0.79993556
vt 0.21115851 0.79957356
vt 0.20990771 0.79818198
vt 0.20912914 0.79589945
vt 0.22722955 0.79369576
vt 0.22903125 0.79134697
vt 0.22587548 0.79332781
vt 0.22775029 0.79167144
vt 0.22380094 0.79228465
vt 0.22551520 0.79198179
vt 0.22085418 0.79112583
vt 0.22249945 0.79254672
vt 0.21699880 0.79052259
vt 0.21882187 0.79319192
vt 0.21657501 0.79416117
vt 0.21442400 0.79142119
vt 0.21414690 0.79639482
vt 0.21226586 0.79437827
vt 0.21479680 0.81409059
vt 0.21657397 0.81739259
vt 0.21760947 0.81529878
vt 0.21823274 0.82037805
vt 0.21931008 0.81815343
vt 0.22039904 0.81607136
vt 0.22108935 0.82107393
vt 0.22203510 0.81878142
vt 0.22292225 0.81653516
vt 0.22335608 0.82171686
vt 0.22422607 0.81940641
vt 0.22515343 0.81720915
vt 0.21272436 0.79852155
vt 0.21110557 0.79676665
vt 0.22951998 0.79192117
vt 0.22836359 0.79228769
vt 0.22611965 0.79261023
vt 0.22311281 0.79327898
vt 0.21928675 0.79388362
vt 0.21704589 0.79488178
vt 0.21465947 0.79720689
vt 0.21350060 0.79934578
vt 0.22992028 0.79267548
vt 0.22878969 0.79312897
vt 0.22647925 0.79364879
vt 0.22342665 0.79446349
vt 0.21967326 0.79488872
vt 0.21750620 0.79563482
vt 0.21507762 0.79821654
vt 0.21365674 0.80016086
vt 0.23019850 0.79373778
vt 0.22879194 0.79438703
vt 0.22654268 0.79486938
vt 0.22394958 0.79539484
vt 0.22002761 0.79632343
vt 0.21775924 0.79735126
vt 0.21551874 0.79950249
vt 0.21385352 0.80117948
vt 0.22064015 0.80704366
vt 0.22213094 0.80525388
vt 0.21618648 0.80150986
vt 0.21443532 0.80311464
vt 0.21975096 0.80456072
vt 0.21854194 0.80621500
vt 0.22323535 0.80754697
vt 0.22443643 0.80569975
vt 0.22512944 0.80810487
vt 0.22638257 0.80637607
vt 0.22712785 0.80924822
vt 0.22831693 0.80704534
vt 0.20688720 0.97857557
vt 0.22811057 0.81116083
vt 0.20720802 0.97301329
vt 0.23007558 0.80763252
vt 0.22362052 0.80319643
vt 0.21844271 0.79936537
vt 0.22153632 0.80239901
vt 0.22584374 0.80401890
vt 0.22799776 0.80493043
vt 0.22981447 0.80563980
vt 0.20784952 0.97088613
vt 0.23103827 0.80610250
vt 0.22599553 0.80101661
vt 0.22087367 0.79771890
vt 0.22403260 0.80002011
vt 0.22774932 0.80232139
vt 0.22953250 0.80358152
vt 0.23117004 0.80455665
vt 0.23065761 0.79493950
vt 0.22916840 0.79549861
vt 0.22703193 0.79587369
vt 0.22472920 0.79628642
vt 0.22791910 0.79994844
vt 0.22420762 0.79764828
vt 0.22620942 0.79884608
vt 0.22934307 0.80147526
vt 0.23073515 0.80283937
vt 0.23220043 0.80389598
vt 0.23140492 0.79559152
vt 0.23007785 0.79629542
vt 0.22818983 0.79684262
vt 0.22612265 0.79714705
vt 0.22939555 0.79965983
vt 0.22804950 0.79842778
vt 0.23045392 0.80130498
vt 0.23155497 0.80263831
vt 0.23260735 0.80350396
vt 0.23208405 0.79601695
vt 0.23115210 0.79668905
vt 0.23023443 0.79866904
vt 0.23052900 0.79965518
vt 0.23114319 0.80123372
vt 0.23202886 0.80241701
vt 0.23287679 0.80319053
vt 0.23237817 0.79629330
vt 0.23164572 0.79695661
vt 0.19976769 0.97500288
vt 0.19955719 0.97517492
vt 0.20047878 0.97421695
vt 0.20085351 0.97284583
vt 0.20079081 0.97129617
vt 0.20039298 0.97700150
vt 0.19986562 0.97592387
vt 0.22755988 0.81281008
vt 0.22679444 0.81387512
vt 0.20718585 0.80803080
vt 0.07284946 0.83442459
vt 0.21002102 0.80988912
vt 0.21496253 0.81270546
vt 0.21771048 0.81387377
vt 0.22071852 0.81484278
vt 0.22323190 0.81515147
vt 0.22568806 0.81500684
vt 0.22760698 0.81421086
vt 0.22842582 0.81319718
vt 0.20723772 0.97560830
vt 0.22929612 0.80949982
vt 0.20894696 0.97838967
vt 0.22936039 0.81170465
vt 0.20970161 0.97341627
vt 0.20922811 0.97499791
vt 0.20880687 0.97340509
vt 0.20965923 0.97359330
vt 0.20905584 0.97246742
vt 0.23155002 0.79863696
vt 0.23116928 0.79904036
vt 0.23297924 0.80267176
vt 0.23259355 0.79669671
vt 0.23204379 0.79746357
vt 0.23136412 0.80073841
vt 0.23212041 0.80188201
vt 0.21682970 0.80758744
vt 0.21499725 0.80909482
vt 0.21476994 0.81118895
vt 0.07124199 0.83247755
vt 0.21236305 0.79988128
vt 0.21112783 0.79801887
vt 0.07644717 0.82361902
vt 0.08038882 0.83502454
vt 0.21142241 0.80403554
vt 0.08038882 0.82435712
vt 0.20928197 0.80646205
vt 0.07525861 0.83495790
vt 0.20873483 0.80743819
vt 0.07429074 0.83508180
vt 0.22286715 0.79684423
vt 0.22195671 0.79580535
vt 0.22153167 0.79472937
vt 0.22117658 0.79363859
vt 0.21893752 0.79068777
vt 0.22064337 0.79291308
vt 0.23131059 0.51670030
vt 0.23131059 0.53702378
vt 0.22874166 0.55622208
vt 0.22432511 0.57368731
vt 0.21602142 0.58836704
vt 0.20440312 0.58971569
vt 0.19376253 0.58210409
vt 0.18966280 0.49665052
vt 0.18336931 0.52343571
vt 0.18347156 0.54759681
vt 0.18784952 0.56855032
vt 0.22638020 0.49706852
vt 0.21706040 0.47978508
vt 0.20095024 0.47457725
vt 0.22550862 0.81974953
vt 0.22465940 0.82207480
vt 0.22631426 0.81751794
vt 0.22706027 0.81524242
vt 0.22103424 0.81351399
vt 0.22278884 0.81375833
vt 0.22259040 0.80900984
vt 0.22097777 0.80877598
vt 0.22432993 0.81348863
vt 0.22399728 0.80936798
vt 0.22525521 0.81293595
vt 0.22517759 0.81005619
vt 0.21886222 0.80910628
vt 0.21762161 0.80991386
vt 0.22604166 0.81104973
vt 0.21724762 0.81128810
vt 0.22587734 0.81210510
vt 0.21903329 0.81273369
vt 0.07197617 0.82570176
vt 0.07189473 0.83344693
vt 0.07336549 0.82304750
vt 0.07295595 0.82667376
vt 0.07197497 0.83196384
vt 0.07336639 0.83405307
vt 0.20364124 0.80396007
vt 0.20440413 0.80262737
vt 0.06944111 0.83059476
vt 0.20649883 0.80206849
vt 0.07079747 0.83052143
vt 0.07118814 0.82814710
vt 0.07156896 0.83241485
vt 0.07211026 0.82601254
vt 0.07193380 0.83312815
vt 0.07448183 0.82451913
vt 0.07548036 0.82328092
vt 0.07451467 0.82271701
vt 0.07680166 0.83393511
vt 0.07299697 0.83380584
vt 0.07113708 0.83065096
vt 0.07139947 0.82844332
vt 0.07170762 0.83239423
vt 0.07225147 0.82618096
vt 0.07206699 0.83304864
vt 0.07520386 0.82424034
vt 0.07553360 0.82487406
vt 0.07307766 0.83365330
vt 0.07133213 0.83065039
vt 0.07158126 0.82852438
vt 0.07248406 0.83262162
vt 0.07486092 0.82515758
vt 0.07333009 0.83333382
vt 0.07177811 0.83059980
vt 0.07204861 0.82872191
vt 0.07984497 0.83153619
vt 0.07857069 0.82704288
vt 0.07350399 0.82326587
vt 0.07346125 0.82716385
vt 0.07232684 0.83177187
vt 0.07281429 0.83238594
vt 0.07361199 0.83299048
vt 0.07223377 0.83062167
vt 0.07247405 0.82897903
vt 0.07702813 0.82961926
vt 0.07889845 0.83074735
vt 0.07766280 0.82776073
vt 0.20935124 0.97134299
vt 0.20936789 0.97159018
vt 0.20911914 0.97141907
vt 0.20924790 0.97160698
vt 0.20925225 0.97146642
vt 0.20926215 0.97151554
vt 0.20923358 0.97147126
vt 0.20925142 0.97150682
vt 0.22255825 0.81331253
vt 0.22092618 0.80917509
vt 0.22410557 0.81312062
vt 0.22501276 0.81274776
vt 0.21809663 0.81004985
vt 0.21772601 0.81129692
vt 0.21920545 0.81246267
vt 0.22098820 0.81310029
vt 0.22237061 0.80934121
vt 0.22368996 0.80966286
vt 0.22476049 0.81026404
vt 0.21930520 0.80943221
vt 0.22564982 0.81105256
vt 0.22552195 0.81192772
vt 0.21046250 0.80846073
vt 0.21097800 0.80713880
vt 0.21280017 0.80537172
vt 0.22196992 0.79864208
vt 0.21910699 0.80041055
vt 0.21532354 0.80415936
vt 0.21692868 0.80256970
vt 0.23259197 0.79566717
vt 0.23286420 0.79592963
vt 0.20068252 0.97782634
vt 0.23304029 0.79626344
vt 0.30768409 0.74271169
vt 0.30335954 0.73545051
vt 0.29695794 0.70048121
vt 0.30261943 0.68424445
vt 0.29651657 0.71454817
vt 0.30000195 0.72641304
vt 0.21813779 0.81122304
vt 0.30770615 0.67073652
vt 0.30770615 0.67073652
vt 0.22268446 0.81306081
vt 0.29288384 0.71623108
vt 0.22401145 0.81297122
vt 0.29691687 0.72890925
vt 0.22491653 0.81263028
vt 0.30078807 0.73759842
vt 0.30655304 0.66709986
vt 0.21785326 0.81130847
vt 0.21925579 0.81236912
vt 0.29988030 0.68304273
vt 0.22120507 0.81291817
vt 0.29314193 0.70093393
vt 0.22542845 0.81192763
vt 0.30567256 0.74485818
vt 0.41200638 0.82349886
vt 0.41216084 0.82354929
vt 0.41216084 0.83265689
vt 0.41158563 0.83195327
vt 0.41172484 0.83125381
vt 0.41139334 0.83114174
vt 0.41119623 0.83028656
vt 0.41109642 0.82941215
vt 0.41109794 0.82851948
vt 0.41114622 0.82763174
vt 0.41120288 0.82669613
vt 0.41138092 0.82580112
vt 0.41155654 0.82495637
vt 0.41175467 0.82419197
vt 0.41192162 0.82424775
vt 0.41173583 0.82501914
vt 0.41156793 0.82586963
vt 0.41145545 0.82679027
vt 0.41140276 0.82772559
vt 0.41136724 0.82861783
vt 0.41138700 0.82951757
vt 0.41151226 0.83039589
vt 0.19925745 0.78748126
vt 0.20340367 0.78842144
vt 0.20801669 0.78906327
vt 0.21048741 0.78943104
vt 0.21245769 0.79003391
vt 0.20039442 0.78092675
vt 0.20472308 0.78131075
vt 0.20949045 0.78145717
vt 0.21223180 0.78162067
vt 0.21470125 0.78169741
vt 0.20740759 0.79223460
vt 0.20293307 0.79146045
vt 0.19857390 0.79019405
vt 0.21151809 0.79346715
vt 0.20982619 0.79257566
vt 0.21183518 0.79368594
vt 0.21381311 0.78995976
vt 0.22283046 0.78856534
vt 0.22116531 0.78854854
vt 0.21914044 0.78863128
vt 0.21687634 0.78896874
vt 0.22405352 0.77885811
vt 0.22112235 0.78165369
vt 0.21891133 0.78180514
vt 0.21657892 0.78176098
vt 0.21413146 0.79066737
vt 0.22101219 0.78976187
vt 0.22333778 0.79025827
vt 0.21907137 0.78960387
vt 0.21703659 0.78966190
vt 0.21376024 0.78566764
vt 0.20880313 0.78502305
vt 0.20414676 0.78466442
vt 0.19994754 0.78397942
vt 0.21797881 0.78533733
vt 0.22165181 0.78450303
vt 0.21149996 0.78521816
vt 0.21519020 0.78555728
vt 0.22012405 0.78496663
vt 0.22434787 0.78369975
vt 0.21439610 0.78833951
vt 0.21949096 0.78770573
vt 0.22239888 0.78688712
vt 0.21715704 0.78800417
vt 0.22103536 0.78715308
vt 0.20059638 0.77561538
vt 0.20575199 0.77572550
vt 0.21048717 0.77606304
vt 0.21312033 0.77626887
vt 0.21553163 0.77635752
vt 0.22534333 0.77497262
vt 0.22232306 0.77573659
vt 0.21974151 0.77635913
vt 0.21734153 0.77638195
vt 0.20324521 0.77208571
vt 0.20809498 0.77064647
vt 0.21130438 0.77104045
vt 0.21331306 0.77059610
vt 0.21515916 0.77094002
vt 0.22334011 0.77142967
vt 0.22035442 0.77176210
vt 0.21858962 0.77195215
vt 0.21675837 0.77174155
vt 0.23141055 0.79680239
vt 0.23224221 0.79614486
vt 0.23273866 0.79579337
vt 0.19718179 0.97587308
vt 0.19708879 0.97599554
vt 0.19730425 0.97544880
vt 0.19720098 0.97472276
vt 0.19675620 0.97371977
vt 0.19685857 0.97659388
vt 0.19703172 0.97620985
vt 0.19665317 0.97714740
vt 0.42310256 0.88803411
vt 0.42271537 0.88495564
vt 0.42276096 0.88189793
vt 0.42322969 0.87897146
vt 0.42406315 0.87625313
vt 0.42517069 0.87381223
vt 0.42633238 0.87186250
vt 0.42754716 0.87019002
vt 0.42363605 0.88802376
vt 0.42375395 0.88505800
vt 0.42422074 0.88223235
vt 0.42499036 0.87960804
vt 0.42600179 0.87720817
vt 0.42718190 0.87505841
vt 0.42834312 0.87332979
vt 0.42951369 0.87182611
vt 0.42416024 0.88812226
vt 0.42473403 0.88534850
vt 0.42555386 0.88278386
vt 0.42656806 0.88044257
vt 0.42773053 0.87831154
vt 0.42898920 0.87639371
vt 0.43017894 0.87483677
vt 0.43134815 0.87346140
vt 0.42465997 0.88832001
vt 0.42564160 0.88580069
vt 0.42676473 0.88351610
vt 0.42799133 0.88144486
vt 0.42929798 0.87955542
vt 0.43065777 0.87784764
vt 0.43191412 0.87644714
vt 0.43312413 0.87517871
vt 0.42512214 0.88860616
vt 0.42646563 0.88639124
vt 0.42785507 0.88440195
vt 0.42927772 0.88259718
vt 0.43073991 0.88094850
vt 0.43224663 0.87946396
vt 0.43364626 0.87824638
vt 0.43493518 0.87710470
vt 0.42553550 0.88896860
vt 0.42719683 0.88709868
vt 0.42882359 0.88541976
vt 0.43043056 0.88388625
vt 0.43205184 0.88251430
vt 0.43370819 0.88125598
vt 0.43520713 0.88017359
vt 0.43648624 0.87925780
vt 0.42589068 0.88939479
vt 0.42782643 0.88790341
vt 0.42966470 0.88655020
vt 0.43143138 0.88529964
vt 0.43318057 0.88416825
vt 0.43494219 0.88310979
vt 0.43651038 0.88214475
vt 0.43791735 0.88133715
vt 0.42617959 0.88987167
vt 0.42834592 0.88878661
vt 0.43036935 0.88777490
vt 0.43227547 0.88682380
vt 0.43415257 0.88592821
vt 0.43601251 0.88505931
vt 0.43765858 0.88419998
vt 0.43909949 0.88342434
vt 0.42648977 0.89067069
vt 0.42893636 0.89025822
vt 0.43121192 0.88980299
vt 0.43337137 0.88930762
vt 0.43545067 0.88874850
vt 0.43750954 0.88829079
vt 0.43923599 0.88770437
vt 0.42655885 0.89145763
vt 0.42912519 0.89171480
vt 0.43155128 0.89181915
vt 0.43387833 0.89179415
vt 0.43619815 0.89168283
vt 0.43848374 0.89159605
vt 0.44034088 0.89141357
vt 0.44189149 0.89059523
vt 0.42651200 0.89199558
vt 0.42909628 0.89272435
vt 0.43158647 0.89323126
vt 0.43400073 0.89355104
vt 0.43643552 0.89372879
vt 0.43880826 0.89397922
vt 0.44078687 0.89409806
vt 0.42637274 0.89250965
vt 0.42890546 0.89371224
vt 0.43141463 0.89463781
vt 0.43389094 0.89532207
vt 0.43638211 0.89580916
vt 0.43897951 0.89608863
vt 0.44112313 0.89622308
vt 0.44302016 0.89626744
vt 0.42614079 0.89298302
vt 0.42854273 0.89465366
vt 0.43101647 0.89601536
vt 0.43352506 0.89708915
vt 0.43607646 0.89793107
vt 0.43864334 0.89854617
vt 0.44091755 0.89890324
vt 0.44193172 0.89897484
vt 0.42584360 0.89337729
vt 0.42804474 0.89547318
vt 0.43042475 0.89726189
vt 0.43292809 0.89872865
vt 0.43553191 0.89991905
vt 0.43809587 0.90081131
vt 0.44038090 0.90148997
vt 0.43996203 0.90299067
vt 0.43765652 0.90218751
vt 0.42566770 0.89356612
vt 0.42765707 0.89591566
vt 0.42994076 0.89796679
vt 0.43241602 0.89968878
vt 0.43504566 0.90110250
vt 0.44837350 0.90296827
vt 0.44626343 0.90310366
vt 0.44819587 0.90473422
vt 0.44620275 0.90439835
vt 0.44480968 0.90418535
vt 0.44410670 0.90265161
vt 0.44626766 0.90198034
vt 0.44477624 0.90109617
vt 0.44333947 0.88896079
vt 0.44861805 0.88905987
vt 0.44484869 0.89571214
vt 0.44927949 0.89605959
vt 0.44633287 0.88938780
vt 0.44391268 0.88070296
vt 0.44817799 0.88211346
vt 0.45064068 0.88027424
vt 0.44265044 0.88988519
vt 0.44495401 0.89311695
vt 0.44644600 0.89094077
vt 0.44383538 0.89856613
vt 0.44558877 0.89789832
vt 0.44737202 0.89705840
vt 0.44686785 0.88330038
vt 0.44574314 0.88532808
vt 0.44452685 0.88723680
vt 0.44740146 0.88748991
vt 0.44855481 0.88532150
vt 0.44961876 0.88281485
vt 0.43175274 0.86542857
vt 0.43321094 0.86735204
vt 0.43469751 0.86924133
vt 0.43634325 0.87120134
vt 0.43826392 0.87337518
vt 0.44051689 0.87582827
vt 0.44265652 0.87758970
vt 0.44251296 0.87946528
vt 0.44097275 0.87905297
vt 0.43962377 0.88014208
vt 0.44059181 0.88190784
vt 0.44177371 0.88057782
vt 0.43026599 0.86689085
vt 0.42892665 0.86831257
vt 0.43068674 0.87010217
vt 0.43189386 0.86875954
vt 0.43241751 0.87187165
vt 0.43353766 0.87059459
vt 0.43934020 0.87692256
vt 0.43804532 0.87798747
vt 0.43728682 0.87462041
vt 0.43613347 0.87575833
vt 0.43531489 0.87251344
vt 0.43422067 0.87372407
vt 0.44848061 0.88078910
vt 0.44293380 0.88641052
vt 0.44480401 0.88438013
vt 0.44570833 0.88250464
vt 0.45064068 0.90693940
vt 0.43437803 0.86337598
vt 0.43558651 0.86532816
vt 0.43679878 0.86727920
vt 0.43802923 0.86936051
vt 0.43970716 0.87151307
vt 0.44191891 0.87379822
vt 0.44349104 0.87596835
vt 0.43803209 0.86111777
vt 0.43881416 0.86310665
vt 0.43961596 0.86525971
vt 0.44066781 0.86736706
vt 0.44206834 0.86952880
vt 0.44413447 0.87171340
vt 0.44588482 0.87382561
vt 0.44019461 0.85954575
vt 0.44082525 0.86146624
vt 0.44261885 0.86356990
vt 0.44367379 0.86458880
vt 0.44511104 0.86636496
vt 0.44698209 0.86965320
vt 0.44822454 0.87182972
vt 0.44789129 0.86548844
vt 0.44208860 0.85997666
vt 0.44398052 0.86121885
vt 0.44568318 0.86292355
vt 0.44565988 0.86371006
vt 0.44051546 0.88667886
vt 0.44249886 0.89398570
vt 0.44253594 0.90230182
vt 0.44215125 0.90368173
vt 0.20462589 0.80734059
vt 0.20675546 0.80911852
vt 0.41893208 0.93486010
vt 0.20840156 0.45763862
vt 0.44181052 0.47040176
vt 0.46081245 0.85199153
vt 0.41264170 0.46733600
vt 0.46123496 0.85613590
vt 0.38330913 0.47079980
vt 0.46135750 0.86040789
vt 0.36197051 0.47341752
vt 0.46127948 0.86344194
vt 0.41873577 0.92944406
vt 0.24609756 0.46208590
vt 0.60279357 0.92057258
vt 0.46098724 0.86873369
vt 0.32512361 0.48131120
vt 0.55713093 0.96405822
vt 0.60253227 0.92488033
vt 0.55777341 0.96838769
vt 0.60239583 0.92865285
vt 0.55782992 0.97233787
vt 0.60255629 0.93145883
vt 0.55738825 0.97526914
vt 0.60279357 0.93531775
vt 0.41837543 0.92528766
vt 0.55691522 0.97920796
vt 0.27607092 0.46580839
vt 0.42287076 0.93455367
vt 0.46486428 0.85253491
vt 0.46533617 0.85680667
vt 0.46542865 0.86116585
vt 0.46535563 0.86424963
vt 0.42262566 0.92842591
vt 0.46486464 0.86993733
vt 0.56127113 0.96375969
vt 0.56202006 0.96827528
vt 0.56217122 0.97248709
vt 0.56168157 0.97551006
vt 0.42217785 0.92418846
vt 0.56111813 0.97952414
vt 0.47036207 0.93064423
vt 0.46531367 0.92788962
vt 0.46143448 0.92400305
vt 0.45630014 0.91170851
vt 0.59948832 0.98131132
vt 0.59964246 0.97681820
vt 0.60176229 0.97150862
vt 0.59938997 0.96696523
vt 0.50028718 0.88189684
vt 0.59904099 0.96266946
vt 0.45755926 0.91651931
vt 0.50132537 0.87731402
vt 0.50204498 0.87471201
vt 0.50339502 0.87080106
vt 0.46224993 0.86894709
vt 0.55845356 0.96395597
vt 0.46255216 0.85616603
vt 0.46211019 0.85199235
vt 0.42021781 0.93477660
vt 0.55910552 0.96832916
vt 0.55919141 0.97236463
vt 0.55874199 0.97536603
vt 0.46266165 0.86048676
vt 0.41961646 0.92512225
vt 0.55825299 0.97932950
vt 0.41999844 0.92929295
vt 0.46257803 0.86356136
vt 0.46853974 0.85358405
vt 0.42631775 0.92734300
vt 0.42581034 0.92301841
vt 0.56512415 0.97993904
vt 0.46894917 0.86563089
vt 0.46912363 0.86244076
vt 0.42678922 0.93387716
vt 0.46852058 0.87127593
vt 0.56524080 0.96360371
vt 0.46910051 0.85809976
vt 0.56602079 0.96825865
vt 0.56617165 0.97258660
vt 0.56569552 0.97586635
vt 0.43236202 0.93382309
vt 0.47292462 0.85432322
vt 0.47274706 0.85910183
vt 0.47268346 0.86368975
vt 0.47255456 0.86680576
vt 0.43010610 0.92651453
vt 0.47221494 0.87244803
vt 0.56919473 0.96342048
vt 0.56995928 0.96823493
vt 0.57009923 0.97257176
vt 0.56963104 0.97595873
vt 0.42940816 0.92186553
vt 0.56909728 0.98030707
vt 0.50499189 0.86758408
vt 0.43835220 0.93340947
vt 0.48409227 0.85315999
vt 0.47769299 0.85961683
vt 0.47666910 0.86487722
vt 0.47651076 0.86809903
vt 0.43448204 0.92560483
vt 0.47614065 0.87370074
vt 0.57343698 0.96350524
vt 0.57410002 0.96816656
vt 0.57420731 0.97255147
vt 0.57379937 0.97602111
vt 0.43327621 0.92071162
vt 0.57334417 0.98064566
vt 0.45992869 0.92193979
vt 0.45620608 0.94011506
vt 0.46455604 0.94125549
vt 0.47088772 0.94123434
vt 0.50944114 0.85096556
vt 0.50255066 0.85148948
vt 0.49358466 0.85166442
vt 0.44610655 0.93040621
vt 0.49350378 0.85970068
vt 0.48812935 0.86319840
vt 0.48452267 0.86774543
vt 0.48367450 0.87093659
vt 0.44168589 0.92354164
vt 0.48245513 0.87603752
vt 0.58033156 0.96380064
vt 0.58057559 0.96814245
vt 0.58066249 0.97250730
vt 0.58057630 0.97615138
vt 0.43956718 0.91852088
vt 0.58033222 0.98105338
vt 0.44914269 0.93285072
vt 0.45852512 0.93587552
vt 0.46674144 0.93731943
vt 0.51175618 0.85417856
vt 0.47211057 0.93754889
vt 0.50670314 0.85638429
vt 0.50076306 0.85700510
vt 0.45415688 0.93455464
vt 0.48931649 0.85781905
vt 0.48373857 0.86149988
vt 0.46614495 0.93853807
vt 0.47175717 0.93842120
vt 0.51118958 0.85345253
vt 0.44314554 0.93186522
vt 0.44708389 0.93524084
vt 0.47966263 0.87491514
vt 0.57725984 0.96361911
vt 0.57771015 0.96814191
vt 0.45686728 0.93820656
vt 0.57780904 0.97252458
vt 0.49828419 0.85533026
vt 0.57755989 0.97608641
vt 0.48091108 0.86632200
vt 0.50602269 0.85572979
vt 0.43676794 0.91950718
vt 0.57721722 0.98084119
vt 0.43864179 0.92457213
vt 0.48042044 0.86965601
vt 0.45138848 0.93670595
vt 0.51524651 0.85836920
vt 0.47446471 0.93271638
vt 0.51107419 0.86149138
vt 0.50785410 0.86392009
vt 0.46335053 0.92615241
vt 0.46063256 0.92842112
vt 0.45639873 0.93225674
vt 0.48710585 0.87800859
vt 0.58543402 0.96386358
vt 0.49521020 0.88058297
vt 0.59382039 0.96329388
vt 0.50302637 0.85902169
vt 0.50565010 0.86188790
vt 0.45317850 0.91820230
vt 0.44583738 0.92151064
vt 0.50832009 0.85819516
vt 0.50966042 0.85992265
vt 0.51406676 0.85689169
vt 0.47365791 0.93438663
vt 0.51273900 0.85538208
vt 0.47275484 0.93615491
vt 0.48847732 0.87309423
vt 0.49647620 0.87609557
vt 0.49734691 0.87327920
vt 0.48932466 0.87000331
vt 0.46060926 0.93334103
vt 0.46296415 0.93026186
vt 0.50103068 0.86516178
vt 0.49600896 0.86166501
vt 0.49171165 0.86518930
vt 0.49892157 0.86880437
vt 0.45625865 0.92413376
vt 0.45015308 0.92805923
vt 0.45297968 0.93013230
vt 0.45796764 0.92633556
vt 0.58564234 0.96810311
vt 0.59421998 0.96773252
vt 0.58570641 0.97245336
vt 0.59451950 0.97141150
vt 0.58567256 0.97621384
vt 0.59428048 0.97638026
vt 0.46790975 0.93481161
vt 0.46926069 0.93242027
vt 0.44399148 0.91641342
vt 0.58550847 0.98111743
vt 0.45148617 0.91339931
vt 0.59409672 0.98130950
vt 0.47152960 0.92873310
vt 0.46708250 0.92584449
vt 0.46366453 0.92241721
vt 0.60286379 0.98110941
vt 0.45952624 0.91101351
vt 0.60236341 0.97729993
vt 0.60202056 0.96740478
vt 0.60205442 0.96579945
vt 0.60246044 0.96210855
vt 0.50373381 0.88200808
vt 0.46026701 0.91579033
vt 0.50434530 0.87759095
vt 0.50491858 0.87526186
vt 0.50608498 0.87187928
vt 0.50730890 0.86922783
vt 0.46238965 0.92068578
vt 0.47552234 0.93061185
vt 0.51667780 0.86019555
vt 0.51229328 0.86359087
vt 0.50955957 0.86601034
vt 0.46530414 0.92433364
vt 0.60220671 0.97566888
vt 0.42942810 0.01031590
vt 0.57321209 0.83468556
vt 0.50011027 0.71768653
vt 0.57222974 0.83102359
vt 0.50239438 0.72072464
vt 0.50354844 0.72325575
vt 0.57222974 0.77390984
vt 0.50325292 0.72869822
vt 0.57255900 0.77798869
vt 0.21134037 0.01031590
vt 0.18371269 0.03942883
vt 0.57363170 0.83072747
vt 0.58213657 0.82093443
vt 0.58698386 0.82071114
vt 0.57536596 0.82409751
vt 0.57863146 0.82198913
vt 0.57302457 0.82841347
vt 0.50904286 0.71792677
vt 0.50810170 0.72391501
vt 0.50771415 0.72986031
vt 0.57675356 0.77315842
vt 0.57715088 0.77782309
vt 0.24054101 0.04479861
vt 0.51427084 0.71743423
vt 0.51271319 0.72536957
vt 0.58194762 0.77274586
vt 0.51279175 0.73141983
vt 0.58212060 0.77727534
vt 0.27151650 0.08262801
vt 0.51844698 0.71682808
vt 0.51672512 0.72559586
vt 0.58608794 0.77285548
vt 0.51693988 0.73203039
vt 0.58595657 0.77771093
vt 0.29406744 0.11341619
vt 0.58027315 0.82031566
vt 0.58031410 0.82135436
vt 0.57764590 0.78113802
vt 0.58320439 0.78142427
vt 0.58755022 0.78171940
vt 0.54334623 0.79898602
vt 0.52228212 0.71720472
vt 0.21499497 0.08504879
vt 0.53881383 0.80561982
vt 0.52234590 0.72484198
vt 0.53873307 0.81341077
vt 0.52314574 0.73223299
vt 0.59231555 0.77359010
vt 0.54020590 0.81909624
vt 0.59226698 0.77920753
vt 0.55539733 0.93778169
vt 0.30381340 0.13402212
vt 0.54310715 0.82250729
vt 0.59212822 0.78347096
vt 0.23581311 0.12867564
vt 0.19691390 0.17008841
vt 0.25458285 0.16280079
vt 0.21005589 0.21365941
vt 0.25751758 0.18861639
vt 0.21318430 0.23781562
vt 0.39648008 0.06825906
vt 0.36234671 0.09233928
vt 0.33792579 0.11324644
vt 0.54781419 0.79527278
vt 0.52314574 0.71173960
vt 0.44107381 0.11833906
vt 0.40855974 0.13198435
vt 0.37550223 0.14658928
vt 0.35348821 0.15889251
vt 0.44080830 0.19067395
vt 0.40890622 0.19340944
vt 0.37692684 0.20062077
vt 0.35549772 0.21402180
vt 0.31785643 0.20473367
vt 0.56300199 0.92073509
vt 0.55537570 0.78984703
vt 0.56501317 0.92564210
vt 0.55327922 0.83446856
vt 0.56547642 0.93038684
vt 0.55234551 0.83080982
vt 0.56466562 0.93379334
vt 0.25391835 0.24096155
vt 0.56387424 0.93657121
vt 0.29499936 0.19311905
vt 0.31830645 0.24931872
vt 0.56935984 0.92132536
vt 0.57073146 0.92566279
vt 0.57137251 0.93000782
vt 0.57108599 0.93333080
vt 0.57117939 0.93618193
vt 0.29194802 0.24428117
vt 0.21214268 0.27000004
vt 0.44087914 0.27346897
vt 0.40937725 0.27766323
vt 0.37787497 0.28078353
vt 0.35505754 0.28349602
vt 0.25245017 0.27264178
vt 0.32115239 0.28947389
vt 0.57513690 0.92108440
vt 0.57566082 0.92544502
vt 0.57582569 0.92984912
vt 0.57565486 0.93320560
vt 0.57564473 0.93608513
vt 0.28955293 0.27542520
vt 0.54937440 0.80067261
vt 0.54779309 0.80736338
vt 0.54771763 0.81245691
vt 0.54846674 0.81753668
vt 0.55348265 0.82764447
vt 0.55016118 0.82230566
vt 0.55194676 0.79591760
vt 0.55708075 0.79124029
vt 0.55531389 0.83362167
vt 0.55445522 0.82974197
vt 0.55274659 0.80138700
vt 0.55181712 0.80662201
vt 0.55162412 0.81175922
vt 0.55231279 0.81647059
vt 0.55645281 0.82683195
vt 0.55365574 0.82212077
vt 0.55522209 0.79713772
vt 0.55998844 0.79149897
vt 0.55809850 0.83331870
vt 0.55702317 0.82963137
vt 0.56365335 0.79969712
vt 0.56310576 0.80345346
vt 0.56263632 0.80859247
vt 0.56219083 0.81506985
vt 0.56219137 0.82421005
vt 0.56189555 0.82038327
vt 0.56428498 0.79682770
vt 0.56570309 0.79315501
vt 0.56542283 0.83765568
vt 0.56380785 0.83183461
vt 0.56220686 0.82774755
vt 0.21150148 0.33836073
vt 0.44088680 0.34254086
vt 0.40951955 0.34667695
vt 0.37830031 0.35031915
vt 0.35563582 0.35261524
vt 0.25130254 0.34137100
vt 0.32164747 0.35734284
vt 0.58484536 0.92068121
vt 0.58540601 0.92503580
vt 0.58563560 0.92945161
vt 0.58546001 0.93282816
vt 0.58537298 0.93570352
vt 0.28841555 0.34381545
vt 0.57407755 0.83377655
vt 0.36704820 0.80760813
vt 0.36704820 0.73807046
vt 0.36704820 0.72146749
vt 0.36704820 0.77128702
vt 0.36704820 0.75390396
vt 0.36704820 0.79656146
vt 0.35140598 0.80615661
vt 0.35140598 0.73766360
vt 0.35140598 0.71860534
vt 0.35140598 0.76732557
vt 0.35140598 0.75102596
vt 0.35140598 0.79414363
vt 0.32460803 0.80145307
vt 0.32460803 0.71567813
vt 0.32460803 0.69625789
vt 0.32460803 0.75180486
vt 0.32460803 0.73729625
vt 0.32460803 0.77668056
vt 0.34263662 0.78951874
vt 0.34263662 0.76308057
vt 0.34263662 0.80685875
vt 0.34263662 0.73121044
vt 0.34263662 0.74747515
vt 0.34263662 0.71213892
vt 0.33282781 0.75649884
vt 0.33282781 0.80390021
vt 0.33282781 0.72247478
vt 0.33282781 0.74097911
vt 0.33282781 0.70191023
vt 0.33282781 0.78292625
vt 0.32460803 0.69642207
vt 0.21173814 0.38522148
vt 0.44086227 0.39020127
vt 0.40969774 0.39411205
vt 0.37878826 0.39836669
vt 0.35511401 0.40027785
vt 0.25184542 0.38240385
vt 0.31783357 0.40474057
vt 0.59160465 0.92044058
vt 0.59215248 0.92482477
vt 0.59103304 0.92918488
vt 0.59082055 0.93252739
vt 0.59066218 0.93550888
vt 0.28948322 0.38145494
vt 0.21339169 0.40845913
vt 0.44013569 0.41556048
vt 0.40898865 0.41990352
vt 0.37848645 0.42319095
vt 0.35468206 0.42516452
vt 0.25308338 0.41220975
vt 0.31515291 0.43044943
vt 0.59522337 0.91998693
vt 0.59567046 0.92458305
vt 0.59573525 0.92878202
vt 0.59555429 0.93207252
vt 0.59550315 0.93520296
vt 0.29162157 0.41686976
vt 0.21214724 0.43932229
vt 0.44014096 0.44774657
vt 0.40901366 0.45042396
vt 0.37869009 0.45281434
vt 0.35550845 0.45629007
vt 0.25023919 0.44214225
vt 0.31707874 0.46335077
vt 0.59997374 0.92025217
vt 0.59987885 0.92477876
vt 0.59982461 0.92878005
vt 0.59978747 0.93188867
vt 0.60012048 0.93495542
vt 0.28634876 0.44989908
vt 0.20860320 0.44995695
vt 0.44068062 0.46048629
vt 0.41150609 0.46119416
vt 0.38284475 0.46333885
vt 0.36068830 0.46791625
vt 0.24436933 0.45225257
vt 0.32368904 0.47580278
vt 0.60201734 0.92029598
vt 0.60182810 0.92477652
vt 0.60168135 0.92896387
vt 0.60165930 0.93222812
vt 0.60208571 0.93527916
vt 0.27829546 0.46136320
vt 0.12331754 0.89853631
vt 0.05235790 0.91359670
vt 0.12661320 0.89817466
vt 0.04527303 0.91325406
vt 0.04921199 0.91337106
vt 0.12201682 0.89867315
vt 0.11949954 0.89895811
vt 0.03983171 0.91321107
vt 0.05435001 0.91374749
vt 0.13032377 0.89769135
vt 0.12882984 0.89790975
vt 0.56478602 0.80377831
vt 0.56424916 0.80864313
vt 0.56384170 0.81481875
vt 0.56541234 0.80018367
vt 0.56612897 0.79739077
vt 0.56743413 0.79407130
vt 0.56743413 0.83707815
vt 0.56578833 0.83143550
vt 0.56459486 0.82783358
vt 0.05807937 0.86093852
vt 0.05256661 0.86028314
vt 0.04535102 0.85995048
vt 0.06204157 0.86142701
vt 0.14129476 0.94899407
vt 0.13822955 0.94962350
vt 0.13429074 0.95044661
vt 0.12812454 0.95130310
vt 0.12426511 0.95155868
vt 0.05662342 0.87014167
vt 0.05181053 0.86921740
vt 0.04560008 0.86830223
vt 0.06062360 0.87043335
vt 0.13920772 0.94025783
vt 0.13659489 0.94098922
vt 0.13289644 0.94234280
vt 0.12763761 0.94290864
vt 0.12544565 0.94258750
vt 0.05644958 0.87203977
vt 0.05148507 0.87104052
vt 0.04570649 0.87016852
vt 0.06058956 0.87227218
vt 0.13884857 0.93847775
vt 0.13612770 0.93922648
vt 0.13254510 0.94057740
vt 0.12759374 0.94104942
vt 0.12544887 0.94070969
vt 0.05634325 0.87435450
vt 0.05136679 0.87341115
vt 0.04565002 0.87257700
vt 0.06040013 0.87455948
vt 0.13859615 0.93623573
vt 0.13584752 0.93692233
vt 0.13225837 0.93825613
vt 0.12726001 0.93873172
vt 0.12512191 0.93835870
vt 0.05578635 0.88364144
vt 0.05091796 0.88328846
vt 0.04546412 0.88309725
vt 0.05997815 0.88404021
vt 0.13733807 0.92694909
vt 0.13452555 0.92738868
vt 0.13097607 0.92789850
vt 0.12607184 0.92842343
vt 0.12392420 0.92860883
vt 0.05492993 0.89320041
vt 0.05057300 0.89276046
vt 0.04537026 0.89262564
vt 0.05844469 0.89377266
vt 0.13541631 0.91730370
vt 0.13297515 0.91779022
vt 0.12972972 0.91830570
vt 0.12512985 0.91881531
vt 0.12318098 0.91894781
vt 0.05317266 0.90557609
vt 0.04976233 0.90525700
vt 0.04539273 0.90513292
vt 0.05565136 0.90600048
vt 0.13219953 0.90519956
vt 0.13038549 0.90555614
vt 0.12781572 0.90594933
vt 0.12408086 0.90637006
vt 0.12256015 0.90648660
vt 0.05284258 0.92000815
vt 0.04917544 0.91984060
vt 0.04483560 0.91962697
vt 0.11798559 0.89354993
vt 0.03896318 0.91891262
vt 0.05474440 0.91961234
vt 0.13039224 0.89200288
vt 0.12881860 0.89197960
vt 0.12624282 0.89213438
vt 0.12223311 0.89246146
vt 0.12065331 0.89272619
vt 0.04483916 0.91637732
vt 0.12130769 0.89585306
vt 0.11900740 0.89626195
vt 0.03946717 0.91599680
vt 0.05450735 0.91654859
vt 0.12973531 0.89497030
vt 0.12836714 0.89507086
vt 0.04891573 0.91654238
vt 0.12608781 0.89528283
vt 0.05252206 0.91670407
vt 0.12263335 0.89566614
vt 0.12654801 0.88977118
vt 0.12949339 0.88961922
vt 0.11554889 0.89147051
vt 0.03713125 0.92154731
vt 0.05326967 0.92229935
vt 0.04967939 0.92214194
vt 0.12190498 0.88993275
vt 0.05538570 0.92197094
vt 0.13124461 0.88969477
vt 0.04460027 0.92191488
vt 0.11749461 0.88949917
vt 0.12705049 0.88690147
vt 0.03669109 0.92593423
vt 0.05398056 0.92506585
vt 0.12153523 0.88708891
vt 0.05596588 0.92480645
vt 0.13233733 0.88702811
vt 0.04428876 0.92473827
vt 0.11688117 0.88714866
vt 0.13033330 0.88691355
vt 0.05022038 0.92486364
vt 0.12748148 0.88180219
vt 0.12799802 0.87681964
vt 0.03671891 0.93135908
vt 0.03768954 0.93527687
vt 0.05467210 0.92956295
vt 0.05465111 0.93260971
vt 0.12126675 0.88186061
vt 0.12130912 0.87648557
vt 0.05638258 0.92948361
vt 0.13329574 0.88231395
vt 0.05628370 0.93258377
vt 0.13339233 0.87918270
vt 0.04404833 0.93000274
vt 0.04455416 0.93542363
vt 0.11902694 0.88207971
vt 0.11930269 0.87676647
vt 0.13140686 0.87864913
vt 0.13119657 0.88213864
vt 0.11671874 0.87698959
vt 0.03634533 0.93551283
vt 0.11578291 0.87901933
vt 0.03584674 0.93330117
vt 0.05094185 0.93361074
vt 0.05070123 0.92970718
vt 0.11170277 0.88677892
vt 0.03228488 0.92550880
vt 0.11219382 0.88563347
vt 0.03371533 0.92798930
vt 0.11303734 0.88414101
vt 0.11445756 0.88002340
vt 0.03430504 0.93261602
vt 0.03489666 0.93129116
vt 0.11450120 0.88133229
vt 0.10756805 0.88170867
vt 0.02750972 0.93023559
vt 0.10804395 0.88120694
vt 0.02849745 0.93135743
vt 0.10865713 0.88060032
vt 0.02979775 0.93337534
vt 0.11020907 0.87889208
vt 0.02947791 0.93270668
vt 0.10971201 0.87953925
vt 0.10707354 0.88131872
vt 0.02697491 0.93059539
vt 0.10752688 0.88080610
vt 0.02792620 0.93170262
vt 0.10813139 0.88021055
vt 0.02920786 0.93360408
vt 0.10968284 0.87855026
vt 0.02886686 0.93299183
vt 0.10917132 0.87915777
vt 0.10501930 0.87978217
vt 0.02468700 0.93186376
vt 0.10547087 0.87930560
vt 0.02569302 0.93301610
vt 0.10609646 0.87870717
vt 0.02699392 0.93485950
vt 0.10767326 0.87703457
vt 0.02663219 0.93425414
vt 0.10716571 0.87763138
vt 0.10332353 0.87790699
vt 0.02262319 0.93358241
vt 0.10389873 0.87761584
vt 0.02356390 0.93434452
vt 0.10436698 0.87727813
vt 0.02443396 0.93581828
vt 0.10525406 0.87591116
vt 0.02419773 0.93522754
vt 0.10499369 0.87655510
vt 0.10333905 0.87653063
vt 0.02268352 0.93492808
vt 0.10304793 0.87717873
vt 0.02240312 0.93428035
vt 0.10342716 0.87714271
vt 0.02310862 0.93469868
vt 0.10376538 0.87690453
vt 0.10426226 0.87578273
vt 0.02352760 0.93554845
vt 0.02348642 0.93519354
vt 0.10422719 0.87636821
vt 0.12022353 0.87077391
vt 0.11941331 0.87343359
vt 0.11650943 0.87414803
vt 0.03670721 0.93852770
vt 0.03787267 0.93851311
vt 0.03922655 0.93845242
vt 0.04065340 0.93996977
vt 0.04259137 0.94110218
vt 0.11999045 0.86768380
vt 0.04988232 0.94516969
vt 0.12475947 0.87125203
vt 0.12200011 0.87272084
vt 0.04556622 0.93946455
vt 0.04890621 0.94104239
vt 0.13178501 0.87208632
vt 0.12805381 0.87328796
vt 0.05020149 0.93898372
vt 0.05206318 0.93665848
vt 0.13243370 0.86873938
vt 0.05585362 0.93492425
vt 0.13365443 0.87681291
vt 0.13185565 0.87568225
vt 0.05437120 0.93498886
vt 0.11607125 0.86566253
vt 0.11546404 0.86616483
vt 0.11400797 0.86718230
vt 0.03553372 0.94528050
vt 0.03687204 0.94535830
vt 0.03779224 0.94543217
vt 0.03904608 0.94558868
vt 0.04030889 0.94578182
vt 0.04164788 0.94602646
vt 0.11685725 0.86501040
vt 0.04598959 0.94991365
vt 0.12862511 0.86368647
vt 0.12740828 0.86316064
vt 0.12617892 0.86255565
vt 0.12519352 0.86206409
vt 0.12395915 0.86142491
vt 0.04147266 0.94832840
vt 0.04258035 0.94860492
vt 0.04396561 0.94906556
vt 0.04499789 0.94947030
vt 0.12654969 0.86606033
vt 0.12577647 0.86659266
vt 0.12461638 0.86724168
vt 0.12369779 0.86763996
vt 0.05305616 0.94535744
vt 0.05362731 0.94439767
vt 0.05409099 0.94369044
vt 0.05482779 0.94275035
vt 0.05565924 0.94184849
vt 0.12736785 0.86542501
vt 0.05583187 0.93967336
vt 0.13725033 0.87232389
vt 0.13657682 0.87166421
vt 0.13583630 0.87077498
vt 0.13533682 0.86997731
vt 0.13482657 0.86906408
vt 0.05216705 0.93997616
vt 0.05294772 0.93987693
vt 0.05408278 0.93977875
vt 0.05501722 0.93971716
vt 0.11584837 0.86534175
vt 0.11521461 0.86582594
vt 0.11377542 0.86684252
vt 0.03553635 0.94573940
vt 0.03686335 0.94581977
vt 0.03775077 0.94588944
vt 0.03898122 0.94603664
vt 0.04023907 0.94622836
vt 0.04156375 0.94646472
vt 0.11663925 0.86472087
vt 0.04583180 0.95023023
vt 0.12882845 0.86326559
vt 0.12762426 0.86272392
vt 0.12637964 0.86213569
vt 0.12536480 0.86164244
vt 0.12415367 0.86103934
vt 0.04138676 0.94872539
vt 0.04246103 0.94899402
vt 0.04382740 0.94942528
vt 0.04485397 0.94981770
vt 0.12634976 0.86573879
vt 0.12557223 0.86624712
vt 0.12442357 0.86688299
vt 0.12352883 0.86730854
vt 0.05339040 0.94552600
vt 0.05396065 0.94461460
vt 0.05442928 0.94392793
vt 0.05515191 0.94301999
vt 0.05595748 0.94212633
vt 0.12716936 0.86514746
vt 0.05582332 0.94009864
vt 0.13756470 0.87202282
vt 0.13693132 0.87136169
vt 0.13621400 0.87049951
vt 0.13568141 0.86973239
vt 0.13513328 0.86886454
vt 0.05221916 0.94039848
vt 0.05299152 0.94030546
vt 0.05411802 0.94020401
vt 0.05503522 0.94014049
vt 0.11562872 0.86510232
vt 0.11499368 0.86555219
vt 0.11358479 0.86655711
vt 0.03548543 0.94612291
vt 0.03680972 0.94620202
vt 0.03770454 0.94626542
vt 0.03893277 0.94640954
vt 0.04017622 0.94659989
vt 0.04150068 0.94683576
vt 0.11644689 0.86447954
vt 0.04575816 0.95053146
vt 0.12896678 0.86290064
vt 0.12778378 0.86234736
vt 0.12656334 0.86179022
vt 0.12555498 0.86131482
vt 0.12432218 0.86071856
vt 0.04131064 0.94905039
vt 0.04237216 0.94932041
vt 0.04371094 0.94972649
vt 0.04474374 0.95010727
vt 0.12615429 0.86549656
vt 0.12538813 0.86597122
vt 0.12427943 0.86657627
vt 0.12341154 0.86701913
vt 0.05363631 0.94572648
vt 0.05422886 0.94479976
vt 0.05470638 0.94412830
vt 0.05541738 0.94324757
vt 0.05621069 0.94235152
vt 0.12699950 0.86491227
vt 0.05587791 0.94045287
vt 0.13780452 0.87175857
vt 0.13720553 0.87109916
vt 0.13652897 0.87027897
vt 0.13598205 0.86956023
vt 0.13539764 0.86869167
vt 0.05225921 0.94075578
vt 0.05303067 0.94066075
vt 0.05414565 0.94055679
vt 0.05506822 0.94049262
vt 0.11317008 0.86186072
vt 0.11256849 0.86228670
vt 0.11126841 0.86313781
vt 0.03509509 0.95080803
vt 0.03634590 0.95085877
vt 0.03718117 0.95091292
vt 0.03831745 0.95103057
vt 0.03947460 0.95120252
vt 0.04071205 0.95143143
vt 0.11397130 0.86128682
vt 0.04423296 0.95507931
vt 0.13125758 0.85763060
vt 0.13016726 0.85715966
vt 0.12905902 0.85665362
vt 0.12809078 0.85620874
vt 0.12690246 0.85565440
vt 0.04002302 0.95373050
vt 0.04099162 0.95397125
vt 0.04222180 0.95433766
vt 0.04322086 0.95468666
vt 0.12411228 0.86225034
vt 0.12339152 0.86266971
vt 0.12241632 0.86321659
vt 0.12163208 0.86363004
vt 0.05691379 0.94818240
vt 0.05753743 0.94730036
vt 0.05800651 0.94667383
vt 0.05864972 0.94587022
vt 0.05935994 0.94504633
vt 0.12494949 0.86174977
vt 0.05613836 0.94400674
vt 0.14037828 0.86949016
vt 0.13986886 0.86889118
vt 0.13927758 0.86818433
vt 0.13876204 0.86752562
vt 0.13813360 0.86671953
vt 0.05269743 0.94429695
vt 0.05342640 0.94419914
vt 0.05448522 0.94409171
vt 0.05536422 0.94403562
vt 0.11285204 0.86140281
vt 0.11224047 0.86179821
vt 0.11095179 0.86266503
vt 0.03506573 0.95148102
vt 0.03632520 0.95151293
vt 0.03712931 0.95154184
vt 0.03822934 0.95165330
vt 0.03936623 0.95183242
vt 0.04060050 0.95206700
vt 0.11364887 0.86084443
vt 0.04403768 0.95560381
vt 0.13151908 0.85702901
vt 0.13044478 0.85653964
vt 0.12933686 0.85604876
vt 0.12836331 0.85561118
vt 0.12717707 0.85507204
vt 0.03988345 0.95426683
vt 0.04084508 0.95450813
vt 0.04205735 0.95486087
vt 0.04302775 0.95520083
vt 0.12384883 0.86179791
vt 0.12312608 0.86220196
vt 0.12215159 0.86273663
vt 0.12138467 0.86316243
vt 0.05738084 0.94852030
vt 0.05799856 0.94763350
vt 0.05845339 0.94702354
vt 0.05909075 0.94623736
vt 0.05979449 0.94541603
vt 0.12468185 0.86130781
vt 0.05616634 0.94462945
vt 0.14082487 0.86910804
vt 0.14032683 0.86851045
vt 0.13975382 0.86780016
vt 0.13922451 0.86716086
vt 0.13859630 0.86636135
vt 0.05277865 0.94491170
vt 0.05349911 0.94480968
vt 0.05453794 0.94470037
vt 0.05539391 0.94464799
vt 0.11042512 0.85815680
vt 0.10996691 0.85843541
vt 0.10865784 0.85861728
vt 0.03529641 0.95676768
vt 0.03622632 0.95596229
vt 0.03677230 0.95592886
vt 0.03749133 0.95611650
vt 0.03830643 0.95651428
vt 0.03930676 0.95716731
vt 0.11087620 0.85735551
vt 0.04221393 0.95967971
vt 0.13337636 0.85194078
vt 0.13225439 0.85187010
vt 0.13133596 0.85160071
vt 0.13058648 0.85130933
vt 0.12978555 0.85034132
vt 0.03903424 0.95861565
vt 0.03991863 0.95854099
vt 0.04085034 0.95869204
vt 0.04154732 0.95899860
vt 0.12175975 0.85858727
vt 0.12123200 0.85889234
vt 0.12042316 0.85913169
vt 0.11959884 0.85923044
vt 0.06125857 0.95107777
vt 0.06148220 0.95014580
vt 0.06180549 0.94965341
vt 0.06236543 0.94910465
vt 0.06318656 0.94858128
vt 0.12224882 0.85776384
vt 0.05617669 0.94819549
vt 0.14332624 0.86668527
vt 0.14264636 0.86632930
vt 0.14210086 0.86589134
vt 0.14176857 0.86538756
vt 0.14154652 0.86443287
vt 0.05341410 0.94841820
vt 0.05402574 0.94818024
vt 0.05484286 0.94800983
vt 0.05552388 0.94800987
vt 0.11009013 0.85774544
vt 0.10972585 0.85798350
vt 0.10874393 0.85799432
vt 0.03609024 0.95721184
vt 0.03647755 0.95645672
vt 0.03690362 0.95634939
vt 0.03744045 0.95652378
vt 0.03799604 0.95684996
vt 0.03864225 0.95744902
vt 0.11026449 0.85708144
vt 0.04152782 0.95987710
vt 0.13312446 0.85107967
vt 0.13226324 0.85121740
vt 0.13153908 0.85104842
vt 0.13094486 0.85080419
vt 0.13051827 0.84997442
vt 0.03939417 0.95911378
vt 0.04002294 0.95892987
vt 0.04068505 0.95902048
vt 0.04118435 0.95925236
vt 0.12143879 0.85820653
vt 0.12102025 0.85847494
vt 0.12037966 0.85863091
vt 0.11972827 0.85854894
vt 0.06192871 0.95087183
vt 0.06191896 0.95016940
vt 0.06214442 0.94981547
vt 0.06254590 0.94945211
vt 0.06318469 0.94917091
vt 0.12163639 0.85751681
vt 0.05570416 0.94867526
vt 0.14345410 0.86600617
vt 0.14291018 0.86586253
vt 0.14245145 0.86556177
vt 0.14219925 0.86514781
vt 0.14220241 0.86442518
vt 0.05387621 0.94879482
vt 0.05427239 0.94852134
vt 0.05482119 0.94840101
vt 0.05528472 0.94839440
vt 0.10915992 0.85719891
vt 0.03723677 0.95747872
vt 0.05537096 0.94434325
vt 0.05451274 0.94439836
vt 0.05346112 0.94450563
vt 0.13836315 0.86653818
vt 0.05273901 0.94460275
vt 0.05957573 0.94523280
vt 0.12481796 0.86152710
vt 0.05887208 0.94605207
vt 0.05822939 0.94685121
vt 0.04034016 0.95978300
vt 0.13198565 0.85012707
vt 0.05777103 0.94746579
vt 0.12149405 0.86340351
vt 0.05716554 0.94832291
vt 0.12227406 0.86298200
vt 0.12326980 0.86242941
vt 0.12399971 0.86201234
vt 0.11303134 0.86161675
vt 0.04065311 0.95174638
vt 0.11381430 0.86106171
vt 0.06281775 0.95018734
vt 0.12053452 0.85774851
vt 0.03942352 0.95151871
vt 0.03827104 0.95134363
vt 0.03716114 0.95123030
vt 0.03635677 0.95118750
vt 0.11110785 0.86290365
vt 0.03510649 0.95114406
vt 0.11241505 0.86203548
vt 0.04214261 0.95460132
vt 0.05481969 0.94905525
vt 0.14307007 0.86506517
vt 0.04091393 0.95423871
vt 0.12703602 0.85536119
vt 0.03995642 0.95399904
vt 0.12820193 0.85589838
vt 0.12918523 0.85634543
vt 0.13031650 0.85685448
vt 0.04312066 0.95494426
vt 0.04410393 0.95532732
vt 0.13140585 0.85733727
vt 0.05612067 0.94431736
vt 0.14061248 0.86931129
vt 0.14010642 0.86871052
vt 0.13950837 0.86798303
vt 0.13897899 0.86732426
vt 0.04172250 0.91323660
vt 0.56358421 0.81993780
vt 0.03942997 0.86016499
vt 0.03997716 0.86938871
vt 0.04025010 0.87129831
vt 0.04024169 0.87367347
vt 0.04016460 0.88325728
vt 0.04048647 0.89282715
vt 0.04142560 0.90524642
vt 0.04082176 0.91950569
vt 0.04123876 0.91626414
vt 0.03941227 0.92204426
vt 0.03849534 0.92537618
vt 0.03821524 0.93063033
vt 0.03901099 0.93525300
vt 0.56399822 0.82387716
vt 0.12002877 0.95177295
vt 0.03493198 0.86051199
vt 0.12047712 0.94246943
vt 0.03649895 0.86976556
vt 0.12049099 0.94059747
vt 0.03660214 0.87162380
vt 0.12017988 0.93833718
vt 0.03662896 0.87391357
vt 0.11903538 0.92898814
vt 0.03647083 0.88336067
vt 0.11887696 0.91911100
vt 0.03731259 0.89313771
vt 0.11941331 0.90661980
vt 0.03912355 0.90547440
vt 0.51376802 0.87758800
vt 0.50773579 0.87620529
vt 0.50741434 0.87848176
vt 0.51361996 0.87905216
vt 0.47093698 0.91779645
vt 0.46568781 0.92078483
vt 0.46711582 0.92241836
vt 0.47174883 0.91913515
vt 0.46866137 0.92369347
vt 0.47278669 0.92001579
vt 0.61105090 0.96966663
vt 0.60475808 0.96735761
vt 0.60221672 0.97146285
vt 0.61082923 0.97140300
vt 0.47763693 0.92297951
vt 0.52002513 0.86773860
vt 0.47643301 0.92830260
vt 0.51814973 0.86235234
vt 0.51426804 0.86532402
vt 0.51771981 0.86932427
vt 0.51182246 0.86765109
vt 0.51617342 0.87093015
vt 0.61191046 0.96740308
vt 0.51370811 0.88138252
vt 0.60592240 0.96335405
vt 0.50729930 0.88269235
vt 0.47037333 0.91666777
vt 0.46467477 0.91925534
vt 0.50973952 0.87043735
vt 0.51511759 0.87343431
vt 0.60514581 0.97627589
vt 0.61108559 0.97354326
vt 0.50858057 0.87293711
vt 0.51434302 0.87530500
vt 0.47261414 0.92660207
vt 0.47535628 0.92208240
vt 0.60627759 0.98033336
vt 0.46300024 0.91061849
vt 0.61191046 0.97596538
vt 0.46959320 0.91074073
vt 0.46320140 0.91496968
vt 0.46943188 0.91332666
vt 0.46053445 0.91571195
vt 0.46259746 0.92056474
vt 0.60259587 0.97728080
vt 0.60312140 0.98100132
vt 0.45978671 0.91101895
vt 0.51246905 0.86380163
vt 0.50973713 0.86621079
vt 0.46723902 0.92563502
vt 0.47166827 0.92848433
vt 0.46384463 0.92227318
vt 0.50632203 0.87197098
vt 0.50515717 0.87533487
vt 0.60240251 0.97566146
vt 0.47558868 0.93031155
vt 0.51680821 0.86047047
vt 0.60273343 0.96214852
vt 0.50403553 0.88195145
vt 0.50750542 0.86932169
vt 0.60230380 0.96582952
vt 0.60220420 0.96744016
vt 0.50459963 0.87765415
vt 0.46549404 0.92414298
vt 0.24924755 0.76373394
vt 0.24877727 0.86014527
vt 0.24754477 0.85500707
vt 0.24648909 0.84951074
vt 0.24553616 0.84360303
vt 0.24470876 0.83754367
vt 0.24394976 0.83112662
vt 0.24329470 0.82409246
vt 0.24290437 0.81760915
vt 0.24274470 0.81205781
vt 0.24278145 0.80665199
vt 0.24311547 0.80067427
vt 0.24374564 0.79366623
vt 0.24463581 0.78644483
vt 0.24561206 0.78004932
vt 0.24667928 0.77420758
vt 0.24787368 0.76880389
vt 0.26496544 0.76826620
vt 0.26451814 0.85553259
vt 0.26319900 0.85052751
vt 0.26209104 0.84537654
vt 0.26111165 0.83987404
vt 0.26031372 0.83452822
vt 0.25965372 0.82897104
vt 0.25909075 0.82288969
vt 0.25867355 0.81721418
vt 0.25849238 0.81221721
vt 0.25853476 0.80734862
vt 0.25883028 0.80205403
vt 0.25940511 0.79593177
vt 0.26019764 0.78957014
vt 0.26112986 0.78365193
vt 0.26218939 0.77834515
vt 0.26345479 0.77320942
vt 0.27917075 0.77311234
vt 0.27883291 0.85079965
vt 0.27737376 0.84647521
vt 0.27622795 0.84218398
vt 0.27533922 0.83777960
vt 0.27459049 0.83302285
vt 0.27387586 0.82745209
vt 0.27322060 0.82178161
vt 0.27268535 0.81670383
vt 0.27250403 0.81228709
vt 0.27261981 0.80794711
vt 0.27302590 0.80317138
vt 0.27369475 0.79754581
vt 0.27449045 0.79168545
vt 0.27536732 0.78648566
vt 0.27639106 0.78192493
vt 0.27764779 0.77745022
vt 0.24963541 0.78764081
vt 0.25056037 0.78140609
vt 0.24905407 0.83027974
vt 0.24843867 0.82359575
vt 0.25159064 0.77571887
vt 0.24806018 0.81736763
vt 0.25278723 0.77034755
vt 0.24791007 0.81199516
vt 0.25420782 0.76522310
vt 0.25380120 0.85881647
vt 0.25254446 0.85359545
vt 0.24798070 0.80680059
vt 0.25147876 0.84808750
vt 0.24824993 0.80111961
vt 0.25052845 0.84216279
vt 0.24882235 0.79448186
vt 0.24974738 0.83632781
vt 0.53488308 0.96247587
vt 0.53488308 0.90202279
vt 0.53462678 0.90571274
vt 0.53463691 0.90920821
vt 0.53468186 0.91260840
vt 0.53453654 0.91634531
vt 0.53421229 0.92060781
vt 0.53374714 0.92479137
vt 0.53340816 0.92863584
vt 0.53318989 0.93216957
vt 0.53306812 0.93560512
vt 0.53320825 0.93912980
vt 0.53355330 0.94323288
vt 0.53373170 0.94757371
vt 0.53382099 0.95168443
vt 0.53397119 0.95542334
vt 0.53425515 0.95889083
vt 0.50618392 0.90611008
vt 0.50512034 0.95823433
vt 0.50742686 0.90893342
vt 0.50824791 0.91179021
vt 0.50877368 0.91467076
vt 0.50917238 0.91791948
vt 0.50971740 0.92168199
vt 0.51028395 0.92536282
vt 0.51062131 0.92873397
vt 0.51067382 0.93180289
vt 0.51039195 0.93483086
vt 0.50986052 0.93800330
vt 0.50901020 0.94159674
vt 0.50825238 0.94544837
vt 0.50770986 0.94909291
vt 0.50716257 0.95232403
vt 0.50634098 0.95529510
vt 0.02614057 0.74763435
vt 0.02602479 0.81078073
vt 0.02574087 0.80753179
vt 0.02537783 0.80427612
vt 0.02498673 0.80060880
vt 0.02455542 0.79650605
vt 0.02414149 0.79161535
vt 0.02387369 0.78694545
vt 0.02373818 0.78278968
vt 0.02370917 0.77924363
vt 0.02376394 0.77578260
vt 0.02391936 0.77193330
vt 0.02422218 0.76738198
vt 0.02468188 0.76242058
vt 0.02513747 0.75811945
vt 0.02553362 0.75423174
vt 0.02588132 0.75090642
vt 0.03506606 0.74894559
vt 0.03493618 0.80941872
vt 0.03428337 0.80617490
vt 0.03381264 0.80303539
vt 0.03340017 0.79938875
vt 0.03315780 0.79533140
vt 0.03302566 0.79083186
vt 0.03292720 0.78653471
vt 0.03288648 0.78266355
vt 0.03288558 0.77927901
vt 0.03290567 0.77596904
vt 0.03296440 0.77237163
vt 0.03309166 0.76818465
vt 0.03327344 0.76345192
vt 0.03355451 0.75917952
vt 0.03397230 0.75547089
vt 0.03443201 0.75220029
vt 0.04656344 0.75262694
vt 0.04640820 0.80568753
vt 0.04575974 0.80293593
vt 0.04527454 0.79992425
vt 0.04491997 0.79663192
vt 0.04467212 0.79294167
vt 0.04451298 0.78906305
vt 0.04441369 0.78536691
vt 0.04436577 0.78210594
vt 0.04435663 0.77930142
vt 0.04436945 0.77656074
vt 0.04441872 0.77353625
vt 0.04453916 0.76993911
vt 0.04474201 0.76585762
vt 0.04503681 0.76178907
vt 0.04541470 0.75829272
vt 0.04590650 0.75535776
vt 0.07221922 0.75877284
vt 0.07213613 0.79968174
vt 0.07180661 0.79762493
vt 0.07149757 0.79525861
vt 0.07122474 0.79276158
vt 0.07098716 0.79007037
vt 0.07078949 0.78719887
vt 0.07064129 0.78425030
vt 0.07055543 0.78149676
vt 0.07053211 0.77932622
vt 0.07055183 0.77722944
vt 0.07062817 0.77468981
vt 0.07077584 0.77175194
vt 0.07099001 0.76869796
vt 0.07125752 0.76574104
vt 0.07155629 0.76308917
vt 0.07187478 0.76079904
vt 0.07722964 0.75949387
vt 0.07722964 0.79899254
vt 0.07695291 0.79694797
vt 0.07665962 0.79464971
vt 0.07638995 0.79223809
vt 0.07614990 0.78964709
vt 0.07595176 0.78688563
vt 0.07580965 0.78405124
vt 0.07573428 0.78140692
vt 0.07571516 0.77931972
vt 0.07572948 0.77730392
vt 0.07579098 0.77486740
vt 0.07592312 0.77204572
vt 0.07612620 0.76910709
vt 0.07638440 0.76625828
vt 0.07666764 0.76369973
vt 0.07695134 0.76147960
vt 0.53378469 0.90565393
vt 0.53398645 0.90175023
vt 0.53405017 0.96277008
vt 0.53381711 0.90915986
vt 0.53390145 0.91247130
vt 0.53380722 0.91614544
vt 0.53353113 0.92044733
vt 0.53313065 0.92472921
vt 0.53278369 0.92864329
vt 0.53254515 0.93220118
vt 0.53238720 0.93565459
vt 0.53245944 0.93921187
vt 0.53275353 0.94334245
vt 0.53289378 0.94770203
vt 0.53296119 0.95179961
vt 0.53310019 0.95551360
vt 0.53338057 0.95900253
vt 0.50682783 0.90557589
vt 0.50584722 0.95864625
vt 0.50809795 0.90860581
vt 0.50891715 0.91152675
vt 0.50940537 0.91441389
vt 0.50976527 0.91767381
vt 0.51029068 0.92151736
vt 0.51082438 0.92532258
vt 0.51118243 0.92878971
vt 0.51127112 0.93192044
vt 0.51103872 0.93498709
vt 0.51056445 0.93817956
vt 0.50975615 0.94181515
vt 0.50901562 0.94569911
vt 0.50849491 0.94934026
vt 0.50796783 0.95255609
vt 0.50715059 0.95555057
vt 0.51308787 0.93520452
vt 0.51318538 0.93198133
vt 0.51538783 0.93890949
vt 0.51469159 0.94249209
vt 0.51402551 0.94644965
vt 0.51343340 0.95037832
vt 0.51289678 0.95379045
vt 0.51233864 0.95668435
vt 0.51230055 0.90404635
vt 0.51152176 0.96043307
vt 0.51316625 0.90764149
vt 0.51373172 0.91036638
vt 0.51420188 0.91343181
vt 0.51468402 0.91705995
vt 0.51521653 0.92101439
vt 0.51571000 0.92476904
vt 0.51323587 0.92870476
vt 0.53078586 0.93561542
vt 0.53094745 0.93219019
vt 0.52806979 0.93942954
vt 0.52822155 0.94333908
vt 0.52829289 0.94753084
vt 0.52829248 0.95163235
vt 0.52828127 0.95544960
vt 0.52827531 0.95888474
vt 0.52850592 0.90208177
vt 0.52828097 0.96277047
vt 0.52878541 0.90584528
vt 0.52897137 0.90889724
vt 0.52904141 0.91229155
vt 0.52904934 0.91619376
vt 0.52893794 0.92043825
vt 0.52863342 0.92448997
vt 0.53107023 0.92866188
vt 0.52822435 0.93447289
vt 0.51578671 0.93422925
vt 0.52824640 0.93217589
vt 0.51597619 0.93209873
vt 0.52647871 0.93719709
vt 0.51725501 0.93683419
vt 0.52694249 0.92686156
vt 0.51750690 0.92706785
vt 0.52847970 0.92982215
vt 0.51589751 0.92988800
vt 0.52166355 0.94009472
vt 0.52143341 0.94328578
vt 0.52113348 0.94739362
vt 0.52082062 0.95146905
vt 0.52051616 0.95509492
vt 0.52022034 0.95812633
vt 0.52035695 0.90280549
vt 0.51983583 0.96192139
vt 0.52089387 0.90649989
vt 0.52123922 0.90925433
vt 0.52152896 0.91247764
vt 0.52179199 0.91626538
vt 0.52202320 0.92037481
vt 0.52213550 0.92373993
vt 0.52199554 0.93477024
vt 0.52212203 0.93210635
vt 0.52181906 0.93761497
vt 0.52221119 0.92636076
vt 0.52220070 0.92937155
vt 0.51501375 0.93206869
vt 0.51492900 0.92950457
vt 0.51678675 0.92624240
vt 0.51482469 0.93455296
vt 0.52913880 0.93484811
vt 0.52917928 0.93218392
vt 0.52764404 0.92601045
vt 0.52942556 0.92945293
vt 0.52712053 0.93798751
vt 0.51652282 0.93756480
vt 0.52176458 0.93846874
vt 0.52219409 0.92543580
vt 0.40630081 0.84293504
vt 0.40630081 0.81308080
vt 0.40557814 0.81449868
vt 0.40509146 0.81618416
vt 0.40466216 0.81798999
vt 0.40428168 0.81995641
vt 0.40391773 0.82208134
vt 0.40352160 0.82426503
vt 0.40316439 0.82622948
vt 0.40306392 0.82777132
vt 0.40313619 0.82925943
vt 0.40340406 0.83107123
vt 0.40377370 0.83326341
vt 0.40415084 0.83558090
vt 0.40454006 0.83781941
vt 0.40496892 0.83980407
vt 0.40551093 0.84148169
vt 0.40610430 0.84312688
vt 0.40611422 0.81289729
vt 0.40539792 0.81436221
vt 0.40492380 0.81607147
vt 0.40450186 0.81790820
vt 0.40412450 0.81991526
vt 0.40374422 0.82208557
vt 0.40332866 0.82431276
vt 0.40294909 0.82629021
vt 0.40281719 0.82778284
vt 0.40291333 0.82921058
vt 0.40320194 0.83101349
vt 0.40359175 0.83324133
vt 0.40398720 0.83561133
vt 0.40437585 0.83790296
vt 0.40479726 0.83992568
vt 0.40532154 0.84162554
vt 0.39394438 0.84661058
vt 0.39464289 0.80927406
vt 0.39417267 0.81101249
vt 0.39365655 0.81310843
vt 0.39315850 0.81534107
vt 0.39266711 0.81778750
vt 0.39222372 0.82040557
vt 0.39184809 0.82309152
vt 0.39159101 0.82560779
vt 0.39148915 0.82754740
vt 0.39148906 0.82941931
vt 0.39160261 0.83175798
vt 0.39184088 0.83450335
vt 0.39218700 0.83738635
vt 0.39262390 0.84018178
vt 0.39307758 0.84267607
vt 0.39352143 0.84480587
vt 0.40194917 0.81949255
vt 0.40235263 0.81742340
vt 0.40174955 0.83597288
vt 0.40136200 0.83358619
vt 0.40156430 0.82168868
vt 0.40215677 0.83831348
vt 0.40119451 0.82393339
vt 0.40259343 0.84045739
vt 0.40087134 0.82601444
vt 0.40309393 0.84237243
vt 0.40073735 0.82770114
vt 0.40332496 0.81361791
vt 0.40373152 0.84411082
vt 0.40395206 0.81200527
vt 0.40078795 0.82934709
vt 0.40280157 0.81548755
vt 0.40102011 0.83130769
vt 0.40212780 0.81734931
vt 0.40112591 0.83359452
vt 0.40346885 0.84425317
vt 0.40371418 0.81186168
vt 0.40172729 0.81944467
vt 0.40152174 0.83601294
vt 0.40133363 0.82166843
vt 0.40192556 0.83838561
vt 0.40096045 0.82394086
vt 0.40235692 0.84055391
vt 0.40063030 0.82603285
vt 0.40284061 0.84248656
vt 0.40047437 0.82770231
vt 0.40309066 0.81350382
vt 0.40054220 0.82932761
vt 0.40257549 0.81539169
vt 0.40078023 0.83129075
vt 0.95914501 0.49161518
vt 0.01830852 0.50169051
vt 0.93749470 0.50030458
vt 0.03739339 0.48626930
vt 0.91356522 0.50922948
vt 0.06174168 0.47782099
vt 0.88929182 0.50773269
vt 0.08528450 0.47714794
vt 0.10990793 0.47960442
vt 0.86511713 0.49969476
vt 0.13714349 0.49047107
vt 0.84405166 0.47983015
vt 0.15713161 0.50911164
vt 0.82671577 0.46074057
vt 0.16341019 0.53047276
vt 0.77401388 0.18514657
vt 0.80976498 0.44924527
vt 0.15285784 0.55069268
vt 0.75597966 0.19588828
vt 0.73654985 0.21549892
vt 0.12813085 0.56584871
vt 0.71455652 0.23414886
vt 0.09989527 0.57318854
vt 0.69193351 0.24102604
vt 0.07692236 0.57318854
vt 0.66996777 0.24206424
vt 0.05596328 0.56980377
vt 0.64745915 0.23426580
vt 0.03454006 0.55869466
vt 0.62520289 0.22583151
vt 0.01656032 0.54119819
vt 0.97828287 0.48873496
vt 0.60592890 0.22338426
vt 0.01031590 0.52104276
vt 0.95772237 0.51829362
vt 0.93533355 0.52673954
vt 0.90997845 0.53597581
vt 0.88267022 0.53507727
vt 0.85469002 0.52747291
vt 0.83588815 0.50801188
vt 0.81741410 0.48684585
vt 0.78392273 0.49907845
vt 0.79806697 0.23589623
vt 0.76458168 0.22222137
vt 0.74427807 0.24354577
vt 0.72467756 0.26175326
vt 0.69824779 0.26835847
vt 0.67381018 0.26872969
vt 0.65015996 0.26053578
vt 0.62707800 0.25237012
vt 0.97666925 0.51551610
vt 0.60795683 0.25002146
vt 0.66331595 0.93361950
vt 0.68289626 0.92709380
vt 0.71357524 0.92417842
vt 0.74130917 0.92096013
vt 0.83628732 0.59345126
vt 0.81619960 0.55192351
vt 0.80608165 0.51613599
vt 0.77432823 0.25256395
vt 0.76454890 0.28959101
vt 0.74421144 0.32956803
vt 0.87511718 0.97417086
vt 0.89735752 0.97590578
vt 0.92786533 0.97782916
vt 0.95249754 0.98468065
vt 0.96699804 0.99592096
vt 0.65061206 0.94314432
vt 0.77823228 0.91501915
vt 0.80301034 0.59474170
vt 0.77825356 0.56848115
vt 0.76011610 0.54135096
vt 0.83195853 0.25973314
vt 0.74910426 0.52194208
vt 0.82035124 0.27883738
vt 0.80148137 0.30494833
vt 0.77719438 0.32972991
vt 0.84107327 0.97420692
vt 0.81282228 0.91258228
vt 0.76472014 0.59748787
vt 0.73821038 0.57858193
vt 0.71915144 0.55957782
vt 0.87318861 0.27859962
vt 0.70843780 0.54158062
vt 0.86157477 0.29840887
vt 0.84079826 0.31570894
vt 0.81525993 0.33216846
vt 0.80722094 0.97310883
vt 0.85370731 0.91076726
vt 0.70948100 0.60548443
vt 0.68882173 0.58848137
vt 0.67174745 0.57388675
vt 0.91819513 0.29417354
vt 0.66271406 0.55421299
vt 0.90575647 0.31318831
vt 0.88711214 0.32676244
vt 0.86410332 0.33862454
vt 0.70012844 0.60879385
vt 0.66883403 0.59688973
vt 0.64925623 0.58731467
vt 0.63662231 0.57033783
vt 0.94496167 0.30894989
vt 0.92958701 0.32368219
vt 0.90289176 0.33164018
vt 0.87074995 0.34304327
vt 0.89622670 0.91181976
vt 0.93769372 0.91700524
vt 0.96332002 0.92768693
vt 0.98068744 0.94314432
vt 0.64700484 0.99592096
vt 0.66420388 0.98172349
vt 0.69949692 0.97028267
vt 0.73492676 0.96855009
vt 0.76686293 0.97139752
vt 0.74065578 0.31509769
vt 0.73305035 0.29805344
vt 0.72700727 0.28011125
vt 0.74825311 0.25507432
vt 0.75414646 0.26658005
vt 0.75939059 0.27820814
vt 0.86550266 0.59698462
vt 0.87274379 0.58277845
vt 0.87974787 0.55977196
vt 0.90471447 0.55988556
vt 0.89950716 0.58367246
vt 0.89101976 0.59897012
vt 0.71622497 0.32998782
vt 0.70883083 0.31584787
vt 0.70152032 0.29290348
vt 0.83953494 0.57894069
vt 0.84665978 0.56236994
vt 0.85260648 0.54514021
vt 0.69499117 0.33163935
vt 0.68545324 0.31641090
vt 0.67944527 0.29265177
vt 0.82122207 0.54099661
vt 0.82626772 0.52995652
vt 0.83193934 0.51899999
vt 0.66383296 0.33359241
vt 0.65989310 0.31371009
vt 0.65524232 0.28704619
vt 0.80898416 0.50867021
vt 0.81204861 0.50128394
vt 0.81462562 0.49400449
vt 0.64050019 0.33551252
vt 0.63435727 0.31141460
vt 0.62967801 0.28231740
vt 0.94590002 0.60208166
vt 0.95154887 0.57772022
vt 0.95570797 0.54841053
vt 0.97439712 0.54717076
vt 0.61086285 0.28148687
vt 0.97000223 0.57831454
vt 0.61593622 0.31238264
vt 0.96413261 0.60464483
vt 0.62244332 0.33842587
vt 0.77186489 0.24479413
vt 0.76917589 0.23714483
vt 0.76700342 0.22962582
vt 0.92380482 0.60067433
vt 0.92720777 0.58048409
vt 0.93105024 0.55355144
vt 0.03310424 0.50850284
vt 0.04689565 0.49768853
vt 0.06554818 0.49137032
vt 0.08493498 0.49000037
vt 0.10492027 0.49269861
vt 0.12565774 0.50085154
vt 0.14019659 0.51410359
vt 0.14459372 0.52933949
vt 0.13711739 0.54370666
vt 0.11914009 0.55434132
vt 0.09761053 0.55980432
vt 0.07871789 0.56036085
vt 0.06139264 0.55679333
vt 0.04492390 0.54842049
vt 0.03188720 0.53612459
vt 0.02727968 0.52203047
vt 0.08240885 0.52507252
vt 0.64974272 0.94251722
vt 0.96804357 0.99522179
vt 0.66250598 0.93312567
vt 0.68191558 0.92668200
vt 0.71278900 0.92376101
vt 0.74060816 0.92051518
vt 0.87590814 0.97374237
vt 0.89810449 0.97547901
vt 0.92889905 0.97737372
vt 0.95344609 0.98415905
vt 0.77784485 0.91443121
vt 0.84163684 0.97363234
vt 0.80710953 0.97246552
vt 0.81291521 0.91192383
vt 0.85448718 0.91003692
vt 0.89734346 0.91118079
vt 0.93878210 0.91641456
vt 0.96434844 0.92695159
vt 0.64592749 0.99524963
vt 0.98183024 0.94233632
vt 0.66324478 0.98112965
vt 0.69850135 0.96975285
vt 0.73387146 0.96795851
vt 0.76592767 0.97072822
vt 0.27949837 0.54259738
vt 0.28391835 0.56015477
vt 0.30128613 0.57432511
vt 0.33787653 0.58344087
vt 0.36050013 0.58863702
vt 0.36232623 0.50865176
vt 0.34378061 0.51018134
vt 0.30776975 0.51468793
vt 0.28632334 0.52589175
vt 0.39753890 0.59456655
vt 0.39945194 0.51524982
vt 0.43329814 0.51456389
vt 0.43121496 0.59948358
vt 0.48002118 0.60515663
vt 0.52791071 0.60515660
vt 0.56620872 0.59646493
vt 0.58632714 0.57853162
vt 0.59209669 0.55723912
vt 0.58529329 0.53463575
vt 0.55425191 0.51136860
vt 0.51666737 0.50568667
vt 0.48227340 0.50907585
vt 0.10705180 0.74758065
vt 0.10840594 0.74995106
vt 0.11192865 0.74614531
vt 0.11309231 0.74839455
vt 0.11365139 0.73774195
vt 0.11613192 0.74201673
vt 0.11685943 0.74469966
vt 0.11767028 0.74749404
vt 0.22809826 0.79362546
vt 0.22977097 0.79097323
vt 0.14073652 0.75209467
vt 0.13906388 0.74944234
vt 0.16954125 0.77893050
vt 0.11932234 0.74313223
vt 0.12087334 0.74488580
vt 0.12212411 0.74349427
vt 0.12009477 0.74716836
vt 0.13999683 0.75172089
vt 0.13819508 0.74937201
vt 0.13871583 0.75139646
vt 0.13684113 0.74974000
vt 0.13648067 0.75108607
vt 0.13476650 0.75078319
vt 0.13346499 0.75052108
vt 0.13181973 0.75194196
vt 0.12978750 0.74987590
vt 0.12796442 0.75254528
vt 0.12538959 0.75164659
vt 0.12754060 0.74890667
vt 0.12323145 0.74868953
vt 0.12511244 0.74667293
vt 0.12576234 0.72897720
vt 0.12753959 0.72567523
vt 0.12857506 0.72776902
vt 0.12919843 0.72268981
vt 0.13027562 0.72491437
vt 0.13136464 0.72699654
vt 0.13205498 0.72199386
vt 0.13300064 0.72428638
vt 0.13388789 0.72653264
vt 0.13432167 0.72135103
vt 0.13519171 0.72366148
vt 0.13611902 0.72585863
vt 0.22608469 0.82248321
vt 0.13705041 0.72058469
vt 0.22686253 0.82010485
vt 0.13782807 0.72296304
vt 0.22755621 0.81783193
vt 0.13852184 0.72523600
vt 0.10304793 0.74986058
vt 0.19208238 0.79320718
vt 0.10481836 0.75182547
vt 0.19385280 0.79124235
vt 0.12207120 0.74630117
vt 0.12368992 0.74454629
vt 0.23029007 0.79142030
vt 0.14125569 0.75164758
vt 0.14048555 0.75114666
vt 0.13932914 0.75078012
vt 0.13708523 0.75045763
vt 0.13407837 0.74978882
vt 0.13025230 0.74918419
vt 0.12801145 0.74818605
vt 0.12562510 0.74586093
vt 0.12446624 0.74372202
vt 0.23086713 0.79212661
vt 0.14183272 0.75094120
vt 0.14088583 0.75039233
vt 0.13975523 0.74993896
vt 0.13744478 0.74941903
vt 0.13439220 0.74860436
vt 0.13063882 0.74817908
vt 0.12847175 0.74743307
vt 0.12604319 0.74485123
vt 0.12462230 0.74290693
vt 0.23143004 0.79306240
vt 0.14239563 0.75000541
vt 0.14116412 0.74933010
vt 0.13975753 0.74868083
vt 0.13750823 0.74819845
vt 0.13491513 0.74767303
vt 0.13099316 0.74674445
vt 0.12872478 0.74571657
vt 0.12648429 0.74356532
vt 0.12481912 0.74188840
vt 0.13160570 0.73602420
vt 0.13309649 0.73781401
vt 0.12715210 0.74155796
vt 0.12540087 0.73995322
vt 0.13071659 0.73850715
vt 0.12950751 0.73685277
vt 0.13420098 0.73552084
vt 0.13540205 0.73736811
vt 0.13609506 0.73496294
vt 0.13734819 0.73669177
vt 0.13809344 0.73381960
vt 0.13928248 0.73602247
vt 0.21239123 0.97836107
vt 0.13907610 0.73190701
vt 0.21239123 0.97318786
vt 0.14104114 0.73543531
vt 0.13458610 0.73987144
vt 0.12940827 0.74370247
vt 0.13250194 0.74066883
vt 0.13680938 0.73904896
vt 0.13896339 0.73813742
vt 0.14077997 0.73742807
vt 0.21195275 0.97108508
vt 0.14200389 0.73696536
vt 0.13696116 0.74205124
vt 0.13183931 0.74534887
vt 0.13499823 0.74304765
vt 0.13871494 0.74074650
vt 0.14049812 0.73948634
vt 0.14213562 0.73851120
vt 0.23284508 0.80528240
vt 0.14381063 0.73778552
vt 0.23188442 0.79401374
vt 0.14284992 0.74905407
vt 0.14162315 0.74812835
vt 0.14013395 0.74756926
vt 0.13799752 0.74719417
vt 0.13569476 0.74678135
vt 0.13888468 0.74311942
vt 0.13517319 0.74541956
vt 0.13717496 0.74422181
vt 0.14030865 0.74159253
vt 0.14170074 0.74022841
vt 0.14316602 0.73917186
vt 0.23321854 0.80451883
vt 0.14418413 0.73854905
vt 0.23247941 0.79475443
vt 0.14344500 0.74831343
vt 0.14237051 0.74747634
vt 0.14104347 0.74677235
vt 0.13915537 0.74622524
vt 0.13708827 0.74592078
vt 0.14036117 0.74340802
vt 0.13901506 0.74464005
vt 0.14141956 0.74176288
vt 0.14252052 0.74042958
vt 0.14357294 0.73956394
vt 0.23348671 0.80405873
vt 0.14445233 0.73900914
vt 0.23309907 0.79535286
vt 0.14406462 0.74771506
vt 0.14304960 0.74705088
vt 0.14211766 0.74637878
vt 0.14120005 0.74439883
vt 0.14149454 0.74341267
vt 0.14210881 0.74183410
vt 0.14299440 0.74065077
vt 0.14384241 0.73987728
vt 0.23364817 0.80365761
vt 0.14461373 0.73941028
vt 0.23331903 0.79561067
vt 0.14428458 0.74745715
vt 0.14334372 0.74677449
vt 0.14261134 0.74611121
vt 0.18814541 0.97356788
vt 0.18793488 0.97339588
vt 0.18885654 0.97435382
vt 0.18923123 0.97572494
vt 0.18916862 0.97727457
vt 0.18890642 0.97857557
vt 0.20052864 0.96999520
vt 0.18923123 0.96999524
vt 0.20085351 0.97857557
vt 0.18877076 0.97156927
vt 0.18824340 0.97264693
vt 0.13852550 0.73025775
vt 0.13776006 0.72919267
vt 0.17208253 0.77785833
vt 0.11815140 0.73503697
vt 0.12098666 0.73317868
vt 0.12592815 0.73036236
vt 0.12867610 0.72919405
vt 0.13168411 0.72822505
vt 0.13419753 0.72791642
vt 0.13665362 0.72806102
vt 0.22820227 0.81558511
vt 0.13916782 0.72748274
vt 0.22892033 0.81339018
vt 0.13988587 0.72967768
vt 0.22853599 0.81451818
vt 0.13950162 0.72854966
vt 0.13857260 0.72885698
vt 0.13939145 0.72987068
vt 0.21218935 0.97563355
vt 0.14026171 0.73356801
vt 0.20975988 0.97813332
vt 0.22978170 0.81186490
vt 0.14074728 0.73120296
vt 0.21051490 0.97810869
vt 0.14032601 0.73136324
vt 0.20994781 0.97342195
vt 0.20978732 0.97491723
vt 0.21034114 0.97499529
vt 0.20982040 0.97359457
vt 0.21082747 0.97346248
vt 0.20998149 0.97360193
vt 0.20982175 0.97353718
vt 0.20982459 0.97342603
vt 0.21065064 0.97252277
vt 0.20997286 0.97022631
vt 0.23238163 0.80642870
vt 0.14334720 0.73663908
vt 0.20985962 0.97237721
vt 0.14251561 0.74443090
vt 0.14213483 0.74402750
vt 0.14394478 0.74039608
vt 0.23377417 0.80318715
vt 0.14473970 0.73988068
vt 0.14355917 0.74637115
vt 0.14300932 0.74560428
vt 0.14232971 0.74232942
vt 0.14308597 0.74118584
vt 0.23347037 0.79590166
vt 0.14443591 0.74716616
vt 0.12779528 0.73548043
vt 0.12596287 0.73397297
vt 0.12573549 0.73187882
vt 0.17047505 0.77980523
vt 0.12209339 0.74504894
vt 0.12332860 0.74318653
vt 0.17568031 0.78866380
vt 0.17962196 0.78792568
vt 0.12238804 0.73903221
vt 0.17962196 0.77725829
vt 0.17449175 0.77732487
vt 0.12024752 0.73660576
vt 0.17352381 0.77720103
vt 0.11970041 0.73562962
vt 0.13383269 0.74622363
vt 0.13292228 0.74726254
vt 0.13249725 0.74833846
vt 0.13214213 0.74942923
vt 0.13160901 0.75015469
vt 0.12990314 0.75238012
vt 0.23150356 0.67037877
vt 0.23150356 0.65005526
vt 0.22893459 0.63085702
vt 0.22451808 0.61339176
vt 0.21621433 0.59871203
vt 0.20459600 0.59736338
vt 0.19395545 0.60497501
vt 0.18985569 0.69042856
vt 0.18356223 0.66364333
vt 0.18366449 0.63948223
vt 0.18804245 0.61852872
vt 0.22657311 0.69001052
vt 0.21725328 0.70729402
vt 0.20114313 0.71250179
vt 0.13647415 0.72331828
vt 0.13562502 0.72099304
vt 0.13727988 0.72554988
vt 0.13802591 0.72782534
vt 0.13199987 0.72955382
vt 0.13375443 0.72930950
vt 0.13355604 0.73405796
vt 0.13194332 0.73429191
vt 0.13529564 0.72957921
vt 0.13496287 0.73369980
vt 0.13622075 0.73013186
vt 0.13614321 0.73301166
vt 0.12982784 0.73396152
vt 0.12858728 0.73315394
vt 0.13700728 0.73201811
vt 0.12821321 0.73177975
vt 0.13684297 0.73096275
vt 0.12999883 0.73033410
vt 0.17120928 0.78658108
vt 0.17112787 0.77883598
vt 0.17259856 0.78923532
vt 0.17218910 0.78560911
vt 0.17120811 0.78031905
vt 0.17259945 0.77822985
vt 0.11460679 0.73910779
vt 0.11536969 0.74044043
vt 0.16867426 0.78168811
vt 0.11746447 0.74099934
vt 0.17003058 0.78176133
vt 0.17042129 0.78413576
vt 0.17080203 0.77986792
vt 0.17134340 0.78627025
vt 0.17116694 0.77915470
vt 0.17371497 0.78776373
vt 0.17471351 0.78900184
vt 0.17374782 0.78956585
vt 0.17603476 0.77834775
vt 0.17223011 0.77847700
vt 0.17037022 0.78163187
vt 0.17063262 0.78383946
vt 0.17094077 0.77988862
vt 0.17148460 0.78610180
vt 0.17130005 0.77923419
vt 0.17443700 0.78804247
vt 0.17476670 0.78740878
vt 0.17231081 0.77862950
vt 0.17056523 0.78163253
vt 0.17081439 0.78375854
vt 0.17171720 0.77966128
vt 0.17409407 0.78712523
vt 0.17256320 0.77894899
vt 0.17101125 0.78168304
vt 0.17128175 0.78356095
vt 0.17780380 0.78523998
vt 0.17907812 0.78074661
vt 0.17273706 0.78901692
vt 0.17269436 0.78511895
vt 0.17155997 0.78051095
vt 0.17204744 0.77989690
vt 0.17284513 0.77929239
vt 0.17146687 0.78166111
vt 0.17170715 0.78330383
vt 0.17626128 0.78266366
vt 0.17689590 0.78452209
vt 0.17813160 0.78153549
vt 0.21045806 0.97138850
vt 0.21041764 0.97163335
vt 0.21067561 0.97148404
vt 0.21053396 0.97165899
vt 0.21054235 0.97151960
vt 0.21052833 0.97156744
vt 0.21055998 0.97152598
vt 0.21053936 0.97155970
vt 0.13352382 0.72975534
vt 0.13189180 0.73389274
vt 0.13507119 0.72994715
vt 0.13597834 0.73032010
vt 0.12906225 0.73301804
vt 0.12869167 0.73177087
vt 0.13017109 0.73060513
vt 0.13195382 0.72996753
vt 0.13333616 0.73372662
vt 0.13465555 0.73340493
vt 0.13572611 0.73280382
vt 0.13027082 0.73363560
vt 0.13661544 0.73201531
vt 0.13648757 0.73114014
vt 0.12142807 0.73460710
vt 0.12194364 0.73592907
vt 0.12376574 0.73769605
vt 0.13293548 0.74442577
vt 0.13007262 0.74265724
vt 0.12628916 0.73890847
vt 0.12789427 0.74049813
vt 0.14355759 0.74740064
vt 0.14382982 0.74713820
vt 0.18906023 0.97074442
vt 0.14400579 0.74680436
vt 0.29171237 0.66924611
vt 0.28738782 0.67650717
vt 0.28098610 0.71147633
vt 0.28664759 0.72771308
vt 0.28054479 0.69740939
vt 0.28403029 0.68554452
vt 0.29173437 0.74122143
vt 0.29173437 0.74122143
vt 0.12910335 0.73184484
vt 0.27691212 0.69572645
vt 0.13365008 0.73000705
vt 0.28094521 0.68304834
vt 0.13497707 0.73009664
vt 0.28481641 0.67435929
vt 0.13588215 0.73043752
vt 0.12881890 0.73175937
vt 0.29058120 0.74485818
vt 0.28390840 0.72891483
vt 0.13022137 0.73069870
vt 0.27717015 0.71102357
vt 0.13217069 0.73014963
vt 0.28970078 0.66709968
vt 0.13639399 0.73114020
vt 0.41200638 0.84661058
vt 0.41216084 0.84656012
vt 0.41216084 0.83745250
vt 0.41158563 0.83815612
vt 0.41172484 0.83885559
vt 0.41139334 0.83896768
vt 0.41119623 0.83982286
vt 0.41109642 0.84069730
vt 0.41109794 0.84158997
vt 0.41114628 0.84247766
vt 0.41120288 0.84341328
vt 0.41138092 0.84430833
vt 0.41155654 0.84515308
vt 0.41175467 0.84591748
vt 0.41192162 0.84586170
vt 0.41173583 0.84509028
vt 0.41156793 0.84423979
vt 0.41145545 0.84331915
vt 0.41140276 0.84238385
vt 0.41136724 0.84149162
vt 0.41138700 0.84059183
vt 0.41151226 0.83971353
vt 0.11022309 0.75558649
vt 0.11436929 0.75464635
vt 0.11898217 0.75400452
vt 0.12145296 0.75363676
vt 0.10741761 0.75639223
vt 0.19645205 0.78667554
vt 0.12342336 0.75303389
vt 0.11136005 0.76214103
vt 0.11568864 0.76175700
vt 0.12045600 0.76161061
vt 0.12319737 0.76144715
vt 0.10846713 0.76225440
vt 0.19750164 0.78081344
vt 0.12566684 0.76137041
vt 0.10638653 0.75417025
vt 0.19542098 0.78889750
vt 0.11837316 0.75083320
vt 0.11389863 0.75160734
vt 0.10953946 0.75287373
vt 0.12248358 0.74960065
vt 0.12079175 0.75049220
vt 0.12280073 0.74938184
vt 0.12477874 0.75310807
vt 0.13379602 0.75450246
vt 0.13213088 0.75451930
vt 0.13010600 0.75443651
vt 0.12784192 0.75409906
vt 0.22496100 0.78856112
vt 0.13592656 0.75450669
vt 0.13501908 0.76420973
vt 0.13208790 0.76141410
vt 0.12987697 0.76126270
vt 0.12754451 0.76130681
vt 0.22924317 0.77549858
vt 0.14020872 0.76756929
vt 0.12509701 0.75240047
vt 0.13197774 0.75330590
vt 0.13430335 0.75280954
vt 0.13003692 0.75346397
vt 0.12800223 0.75340591
vt 0.22615413 0.79066119
vt 0.13711962 0.75240664
vt 0.12472580 0.75740020
vt 0.11976869 0.75804470
vt 0.11511232 0.75840335
vt 0.11091310 0.75908838
vt 0.12894440 0.75773047
vt 0.13261735 0.75856476
vt 0.22544861 0.78390898
vt 0.13641423 0.75915883
vt 0.12246551 0.75784962
vt 0.10817309 0.75953589
vt 0.19720745 0.78353192
vt 0.12615579 0.75751050
vt 0.13108960 0.75810121
vt 0.13531350 0.75936805
vt 0.12536165 0.75472827
vt 0.13045651 0.75536211
vt 0.13336436 0.75618075
vt 0.12812258 0.75506361
vt 0.13200091 0.75591470
vt 0.22427835 0.78679639
vt 0.13524398 0.75627141
vt 0.11156193 0.76745240
vt 0.11671754 0.76734231
vt 0.12145277 0.76700474
vt 0.12408588 0.76679902
vt 0.10797004 0.76661153
vt 0.19700453 0.77645628
vt 0.12649719 0.76671033
vt 0.13630886 0.76809515
vt 0.13328861 0.76733120
vt 0.13070710 0.76670866
vt 0.12830707 0.76668589
vt 0.23069991 0.77310027
vt 0.14166546 0.76996757
vt 0.11421083 0.77098213
vt 0.11906050 0.77242132
vt 0.12226993 0.77202736
vt 0.12427861 0.77247168
vt 0.10754011 0.76878969
vt 0.19657458 0.77427818
vt 0.12612464 0.77212779
vt 0.13430575 0.77163814
vt 0.13131998 0.77130572
vt 0.12955518 0.77111571
vt 0.12772396 0.77132629
vt 0.23386686 0.76830705
vt 0.14483248 0.77476072
vt 0.14237608 0.74626547
vt 0.14320776 0.74692297
vt 0.23321599 0.79547264
vt 0.14418161 0.74759513
vt 0.14370421 0.74727446
vt 0.18555948 0.97269772
vt 0.18546657 0.97257530
vt 0.18568195 0.97312201
vt 0.18557875 0.97384805
vt 0.18513398 0.97485103
vt 0.18444119 0.97586854
vt 0.19606341 0.97270229
vt 0.18478166 0.97069647
vt 0.19640389 0.97787432
vt 0.18523626 0.97197692
vt 0.18540950 0.97236099
vt 0.18503094 0.97142340
vt 0.18364267 0.97214843
vt 0.19526498 0.97642237
vt 0.54033291 0.86362848
vt 0.42257601 0.88815798
vt 0.53931141 0.86668764
vt 0.42163831 0.88506444
vt 0.53875446 0.86990729
vt 0.42117307 0.88182238
vt 0.53873307 0.87314813
vt 0.42124712 0.87857461
vt 0.53923285 0.87626611
vt 0.42184138 0.87546575
vt 0.54015911 0.87910055
vt 0.42285544 0.87265435
vt 0.54127491 0.88139746
vt 0.42404348 0.87038773
vt 0.54251826 0.88334683
vt 0.42534888 0.86847350
vt 0.54085475 0.86376655
vt 0.54038250 0.86682661
vt 0.54034042 0.86987801
vt 0.54072213 0.87281100
vt 0.54147243 0.87554750
vt 0.54250371 0.87801594
vt 0.54360318 0.87999637
vt 0.54476374 0.88170213
vt 0.54138666 0.86379156
vt 0.54142159 0.86675392
vt 0.54180634 0.86958666
vt 0.54249752 0.87222782
vt 0.54343528 0.87465271
vt 0.54454803 0.87683354
vt 0.54565418 0.87859392
vt 0.54677618 0.88013029
vt 0.54191244 0.86370777
vt 0.54240775 0.86649172
vt 0.54315269 0.86907485
vt 0.54409671 0.87144150
vt 0.54519367 0.87360330
vt 0.54639232 0.87555568
vt 0.54753244 0.87714605
vt 0.54865718 0.87855478
vt 0.54241651 0.86352408
vt 0.54332638 0.86606589
vt 0.54438263 0.86837874
vt 0.54554719 0.87048271
vt 0.54679602 0.87240832
vt 0.54810238 0.87415476
vt 0.54931402 0.87559165
vt 0.55048299 0.87689538
vt 0.54288566 0.86325119
vt 0.54416567 0.86549942
vt 0.54549706 0.86752540
vt 0.54686588 0.86936949
vt 0.54827797 0.87106000
vt 0.54973853 0.87258877
vt 0.55109942 0.87384807
vt 0.55235124 0.87502848
vt 0.54330820 0.86290060
vt 0.54491556 0.86481322
vt 0.54649371 0.86653616
vt 0.54805559 0.86811495
vt 0.54963595 0.86953427
vt 0.55125391 0.87084237
vt 0.55271894 0.87197085
vt 0.55396855 0.87292625
vt 0.54367429 0.86248477
vt 0.54556680 0.86402678
vt 0.54736626 0.86543004
vt 0.54909736 0.86673078
vt 0.55081409 0.86791369
vt 0.55254507 0.86902598
vt 0.55408418 0.87004049
vt 0.55546576 0.87089342
vt 0.54397547 0.86201645
vt 0.54610980 0.86315849
vt 0.54810488 0.86422507
vt 0.54998553 0.86522979
vt 0.55183923 0.86618051
vt 0.55367661 0.86710675
vt 0.55529934 0.86801921
vt 0.55671728 0.86884366
vt 0.54430676 0.86122690
vt 0.54673952 0.86170356
vt 0.54900306 0.86221890
vt 0.55115235 0.86277260
vt 0.55322254 0.86339030
vt 0.55527771 0.86390938
vt 0.55699646 0.86455250
vt 0.54439646 0.86044291
vt 0.54696631 0.86025266
vt 0.54939514 0.86020976
vt 0.55172586 0.86029270
vt 0.55405277 0.86046173
vt 0.55635417 0.86060619
vt 0.55822891 0.86083965
vt 0.55977899 0.86171839
vt 0.54436374 0.85990462
vt 0.54696316 0.85924305
vt 0.54946524 0.85879748
vt 0.55189067 0.85853380
vt 0.55433941 0.85840930
vt 0.55673677 0.85820526
vt 0.55874449 0.85811965
vt 0.54423809 0.85938783
vt 0.54679710 0.85825138
vt 0.54932660 0.85738660
vt 0.55181944 0.85675673
vt 0.55432713 0.85631789
vt 0.55694497 0.85608123
vt 0.55911046 0.85597458
vt 0.56102216 0.85594638
vt 0.54401881 0.85890944
vt 0.54645807 0.85730246
vt 0.54896003 0.85600094
vt 0.55148935 0.85498106
vt 0.55405653 0.85418466
vt 0.55663455 0.85360195
vt 0.55891722 0.85325879
vt 0.55966455 0.85347939
vt 0.54373235 0.85850844
vt 0.54598105 0.85647263
vt 0.54839706 0.85474361
vt 0.55092502 0.85333239
vt 0.55354351 0.85219054
vt 0.55611205 0.85133539
vt 0.55839336 0.85068032
vt 0.54331207 0.85812964
vt 0.42541271 0.89374591
vt 0.54523706 0.85563843
vt 0.42727888 0.89629112
vt 0.54746163 0.85340568
vt 0.42945713 0.89858258
vt 0.54993331 0.85150087
vt 0.43189758 0.90054679
vt 0.55259866 0.84993179
vt 0.43454695 0.90217181
vt 0.55521756 0.84875882
vt 0.43716395 0.90339127
vt 0.55755901 0.84789608
vt 0.43951470 0.90429074
vt 0.55977994 0.84717283
vt 0.44175369 0.90504512
vt 0.54165769 0.86077733
vt 0.42382514 0.89105019
vt 0.55798912 0.84918809
vt 0.55569106 0.84996113
vt 0.54356170 0.85831551
vt 0.54560506 0.85602191
vt 0.54793000 0.85403003
vt 0.55043298 0.85236533
vt 0.55307758 0.85100369
vt 0.56523860 0.84950899
vt 0.56315666 0.84941323
vt 0.56735033 0.84523265
vt 0.44940856 0.90710866
vt 0.56564772 0.84768358
vt 0.56414932 0.84785521
vt 0.56278151 0.84805000
vt 0.56396186 0.84599876
vt 0.44598490 0.90628535
vt 0.56625402 0.84550604
vt 0.44829810 0.90682754
vt 0.56207860 0.84955321
vt 0.56421083 0.85023513
vt 0.56273079 0.85108756
vt 0.56118143 0.86343716
vt 0.56658542 0.86262108
vt 0.56354314 0.85685740
vt 0.56718874 0.85657464
vt 0.56419450 0.86316507
vt 0.56143373 0.87173106
vt 0.56573892 0.87048201
vt 0.56812274 0.87240689
vt 0.56053013 0.86246866
vt 0.56313241 0.85915801
vt 0.56446099 0.86159354
vt 0.56189024 0.85391213
vt 0.56358957 0.85465685
vt 0.56531781 0.85555820
vt 0.56447756 0.86924952
vt 0.56343412 0.86718270
vt 0.56229687 0.86522473
vt 0.56517398 0.86509740
vt 0.56623590 0.86730081
vt 0.56720054 0.86983754
vt 0.54740334 0.88845804
vt 0.43040064 0.86350609
vt 0.54881191 0.88658238
vt 0.55032647 0.88470890
vt 0.55186850 0.88287015
vt 0.55357200 0.88096575
vt 0.55555719 0.87885673
vt 0.55788350 0.87648007
vt 0.56007499 0.87479186
vt 0.55999386 0.87291645
vt 0.55844319 0.87327620
vt 0.55713212 0.87214379
vt 0.55815911 0.87041122
vt 0.55929410 0.87178062
vt 0.54737425 0.88507744
vt 0.54608208 0.88361763
vt 0.54789335 0.88188662
vt 0.54905611 0.88326360
vt 0.54967523 0.88017447
vt 0.55075341 0.88148367
vt 0.54569346 0.88695715
vt 0.42864126 0.86495602
vt 0.54420054 0.88542088
vt 0.42709830 0.86644819
vt 0.55674428 0.87535006
vt 0.55548549 0.87424515
vt 0.55462116 0.87758295
vt 0.55350560 0.87641051
vt 0.55258679 0.87962408
vt 0.55153245 0.87838161
vt 0.56599140 0.87181360
vt 0.56066656 0.86598729
vt 0.56245816 0.86809248
vt 0.56329107 0.86999968
vt 0.56812274 0.84558120
vt 0.55028385 0.89046935
vt 0.43334851 0.86158191
vt 0.55136681 0.88871183
vt 0.55263340 0.88680205
vt 0.55390376 0.88489348
vt 0.55519664 0.88285553
vt 0.55693859 0.88076051
vt 0.55921775 0.87855053
vt 0.56085533 0.87643588
vt 0.55417460 0.89265388
vt 0.43731368 0.85951622
vt 0.55494124 0.89107879
vt 0.55578369 0.88911926
vt 0.55665106 0.88699657
vt 0.55776656 0.88492724
vt 0.55923170 0.88281470
vt 0.56136197 0.88070062
vt 0.56317484 0.87864925
vt 0.55593073 0.89361089
vt 0.43910256 0.85861291
vt 0.55704927 0.89271456
vt 0.55773848 0.89081865
vt 0.55959350 0.88877640
vt 0.56067783 0.88779312
vt 0.56216735 0.88606658
vt 0.56413728 0.88284569
vt 0.56544548 0.88071404
vt 0.56491250 0.88702854
vt 0.55783433 0.89508069
vt 0.44105521 0.85720070
vt 0.55895209 0.89234405
vt 0.56087810 0.89116435
vt 0.56262982 0.88951737
vt 0.56263107 0.88873205
vt 0.55824870 0.86562787
vt 0.56049532 0.85825750
vt 0.56052953 0.84988900
vt 0.56015956 0.84852301
vt 0.11559144 0.73572719
vt 0.11772101 0.73394930
vt 0.41893208 0.94927116
vt 0.10578334 0.45776182
vt 0.45487136 0.47097003
vt 0.46072382 0.85016182
vt 0.46793202 0.47040176
vt 0.46081290 0.84833220
vt 0.49710077 0.46733606
vt 0.46123636 0.84418800
vt 0.52643347 0.47079980
vt 0.46135989 0.83991620
vt 0.54777193 0.47341728
vt 0.46128252 0.83688222
vt 0.41873577 0.95468719
vt 0.06818256 0.46208441
vt 0.58461881 0.48131126
vt 0.43787366 0.73456553
vt 0.46099135 0.83159064
vt 0.58849889 0.72824726
vt 0.43851611 0.73023605
vt 0.58824939 0.72392970
vt 0.43857265 0.72628587
vt 0.58811784 0.72015008
vt 0.43813092 0.72335461
vt 0.58827370 0.71734184
vt 0.43765783 0.71941575
vt 0.03826949 0.46580839
vt 0.41837543 0.95884360
vt 0.58849889 0.71347919
vt 0.41933388 0.94206563
vt 0.15709555 0.45728129
vt 0.42287076 0.94957758
vt 0.46473315 0.85016231
vt 0.46486482 0.84778976
vt 0.46533760 0.84351817
vt 0.46543103 0.83915913
vt 0.46535864 0.83607543
vt 0.42262566 0.95570532
vt 0.44201386 0.73486403
vt 0.46486887 0.83038786
vt 0.44276279 0.73034841
vt 0.44291398 0.72613668
vt 0.44242424 0.72311366
vt 0.44186080 0.71909952
vt 0.42217791 0.95994277
vt 0.42328084 0.94206563
vt 0.47036207 0.95348695
vt 0.46531367 0.95624158
vt 0.46143448 0.96012815
vt 0.48023093 0.71731225
vt 0.45630014 0.97242265
vt 0.48038512 0.72180536
vt 0.48250502 0.72711495
vt 0.48013270 0.73165834
vt 0.47978365 0.73595417
vt 0.50029182 0.81843582
vt 0.45755926 0.96761185
vt 0.50132912 0.82301849
vt 0.50204813 0.82562038
vt 0.50339741 0.82953125
vt 0.43919635 0.73466775
vt 0.46225408 0.83137748
vt 0.46255353 0.84415820
vt 0.46211064 0.84833169
vt 0.42060477 0.94206563
vt 0.42021781 0.94935466
vt 0.43984824 0.73029453
vt 0.43993407 0.72625908
vt 0.43948466 0.72325772
vt 0.46266401 0.83983761
vt 0.43899566 0.71929422
vt 0.41961646 0.95900900
vt 0.46200719 0.85016200
vt 0.41999844 0.95483830
vt 0.46258101 0.83676311
vt 0.46854052 0.84674142
vt 0.46839407 0.85016270
vt 0.42631781 0.95678821
vt 0.44586682 0.71868467
vt 0.42581034 0.96111280
vt 0.46895239 0.83469497
vt 0.46912616 0.83788502
vt 0.42678925 0.95025407
vt 0.44598359 0.73502001
vt 0.46852490 0.82905003
vt 0.46910217 0.84222591
vt 0.42761824 0.94206563
vt 0.44676355 0.73036507
vt 0.44691432 0.72603711
vt 0.44643825 0.72275734
vt 0.43236202 0.95030814
vt 0.47343543 0.85016324
vt 0.47292551 0.84600317
vt 0.47274888 0.84122461
vt 0.47268614 0.83663680
vt 0.47255793 0.83352086
vt 0.43010613 0.95761670
vt 0.44993746 0.73520321
vt 0.47221941 0.82787877
vt 0.45070201 0.73038879
vt 0.45084196 0.72605190
vt 0.45037374 0.72266495
vt 0.44983995 0.71831661
vt 0.42940819 0.96226570
vt 0.43450350 0.94206563
vt 0.50499374 0.83274820
vt 0.43835220 0.95072176
vt 0.48282567 0.85016412
vt 0.48409280 0.84716848
vt 0.47769481 0.84071057
vt 0.47667187 0.83545014
vt 0.47651419 0.83222842
vt 0.43448204 0.95852640
vt 0.45417967 0.73511842
vt 0.47614521 0.82662687
vt 0.45484275 0.73045713
vt 0.45495003 0.72607219
vt 0.45454210 0.72260255
vt 0.45408684 0.71797800
vt 0.43327624 0.96341961
vt 0.44398987 0.94206560
vt 0.45992869 0.96219142
vt 0.45540202 0.94206560
vt 0.45620608 0.94401615
vt 0.46455449 0.94206560
vt 0.46455604 0.94287571
vt 0.50915891 0.85016569
vt 0.47079927 0.94206560
vt 0.50944108 0.84936583
vt 0.47088772 0.94289687
vt 0.50204158 0.85016549
vt 0.50255078 0.84884156
vt 0.49333289 0.85016498
vt 0.49358484 0.84866557
vt 0.44610655 0.95372503
vt 0.49350515 0.84062946
vt 0.48813149 0.83713101
vt 0.48452577 0.83258349
vt 0.48367822 0.82939234
vt 0.44168591 0.96058954
vt 0.46107429 0.73482305
vt 0.48245987 0.82429145
vt 0.46131831 0.73048124
vt 0.46140519 0.72611636
vt 0.46131900 0.72247234
vt 0.46107489 0.71757028
vt 0.43956721 0.96561033
vt 0.44914269 0.95128047
vt 0.45852512 0.94825569
vt 0.46674144 0.94681180
vt 0.47211057 0.94658232
vt 0.51175594 0.84615311
vt 0.50670344 0.84394726
vt 0.50076377 0.84332591
vt 0.44892365 0.94206560
vt 0.45415688 0.94957653
vt 0.48931763 0.84251034
vt 0.48374060 0.83882867
vt 0.46614495 0.94559313
vt 0.51118946 0.84687907
vt 0.47175717 0.94571000
vt 0.44314554 0.95226601
vt 0.44708389 0.94889037
vt 0.45800257 0.73500454
vt 0.47966728 0.82541324
vt 0.45845288 0.73048177
vt 0.45686728 0.94592465
vt 0.45855170 0.72609913
vt 0.49828482 0.84500039
vt 0.45830256 0.72253725
vt 0.48091403 0.83400621
vt 0.50602305 0.84460166
vt 0.45795995 0.71778250
vt 0.43676797 0.96462402
vt 0.43864179 0.95955907
vt 0.48042402 0.83067226
vt 0.45138848 0.94742525
vt 0.47446471 0.95141483
vt 0.51524591 0.84196329
vt 0.51107448 0.83884108
vt 0.50785506 0.83641225
vt 0.46335053 0.95797879
vt 0.46063256 0.95571008
vt 0.45639873 0.95187449
vt 0.46617675 0.73476008
vt 0.48711067 0.82232139
vt 0.47456312 0.73532975
vt 0.49521500 0.81974863
vt 0.50302720 0.84130967
vt 0.50565112 0.83844399
vt 0.45317850 0.96592891
vt 0.44583741 0.96262057
vt 0.50832039 0.84213674
vt 0.50966078 0.84040949
vt 0.47365785 0.94974457
vt 0.51406628 0.84344044
vt 0.47275484 0.94797628
vt 0.51273865 0.84494977
vt 0.48848113 0.82723571
vt 0.49648008 0.82423593
vt 0.49735019 0.82705228
vt 0.48932794 0.83032657
vt 0.46060926 0.95079015
vt 0.46296415 0.95386935
vt 0.50103241 0.83516973
vt 0.49601045 0.83866556
vt 0.49171391 0.83514073
vt 0.49892405 0.83152705
vt 0.45625865 0.95999745
vt 0.45015311 0.95607198
vt 0.45297968 0.95399888
vt 0.45796764 0.95779563
vt 0.46638507 0.73052055
vt 0.47496265 0.73089111
vt 0.46644908 0.72617024
vt 0.47526222 0.72721213
vt 0.46641529 0.72240981
vt 0.47502315 0.72224331
vt 0.46790975 0.94931962
vt 0.46926069 0.95171094
vt 0.46625119 0.71750620
vt 0.44399148 0.96771779
vt 0.47483939 0.71731406
vt 0.45148617 0.97073185
vt 0.47152960 0.95539811
vt 0.46708250 0.95828672
vt 0.46366447 0.96171397
vt 0.45952618 0.97311764
vt 0.48360652 0.71751416
vt 0.48310614 0.72132364
vt 0.48276329 0.73121879
vt 0.48279715 0.73282412
vt 0.50373822 0.81832522
vt 0.48320317 0.73651496
vt 0.46026698 0.96834087
vt 0.50434881 0.82274209
vt 0.50492162 0.82507108
vt 0.50608736 0.82845359
vt 0.50731069 0.83110493
vt 0.46238962 0.96344543
vt 0.51667708 0.84013744
vt 0.47552234 0.95351934
vt 0.51229370 0.83674207
vt 0.50956070 0.83432248
vt 0.46530414 0.95979756
vt 0.48294938 0.72295469
vt 0.48031551 0.01031601
vt 0.39054438 0.77587698
vt 0.57852250 0.83961545
vt 0.39282852 0.77283894
vt 0.58227748 0.84043704
vt 0.39398259 0.77030779
vt 0.39368707 0.76486540
vt 0.57222974 0.81278260
vt 0.57255900 0.80870375
vt 0.10278749 0.01031601
vt 0.13041428 0.03942871
vt 0.15706310 0.06556237
vt 0.59135228 0.82058786
vt 0.58252054 0.83900018
vt 0.59142339 0.82980716
vt 0.59141004 0.82496472
vt 0.58895946 0.83695585
vt 0.59057277 0.83341379
vt 0.58489054 0.83955608
vt 0.45487174 0.01466370
vt 0.57529783 0.83774886
vt 0.39947701 0.77563681
vt 0.39853585 0.76964857
vt 0.57675356 0.81353407
vt 0.39814824 0.76370329
vt 0.57715082 0.80886941
vt 0.07358703 0.04479802
vt 0.40470499 0.77612932
vt 0.40314734 0.76819400
vt 0.40322590 0.76214373
vt 0.58194762 0.81394662
vt 0.58212066 0.80941710
vt 0.04261202 0.08262575
vt 0.40888113 0.77673550
vt 0.40715927 0.76796772
vt 0.40737402 0.76153320
vt 0.58608794 0.81383696
vt 0.58595657 0.80898146
vt 0.02006167 0.11341238
vt 0.59214312 0.83162764
vt 0.59110057 0.83165148
vt 0.57764602 0.80555442
vt 0.58320439 0.80526817
vt 0.58755022 0.80497304
vt 0.41271627 0.77635886
vt 0.54334623 0.77591236
vt 0.09913176 0.08504725
vt 0.15706250 0.11354464
vt 0.41277999 0.76872160
vt 0.53881383 0.76927860
vt 0.59231555 0.81310232
vt 0.41357982 0.76133054
vt 0.53873307 0.76148759
vt 0.59226704 0.80748491
vt 0.54020584 0.75580221
vt 0.54105252 0.71112949
vt 0.01031595 0.13401729
vt 0.59212822 0.80322152
vt 0.54310715 0.75239110
vt 0.07831308 0.12867248
vt 0.15706009 0.17961240
vt 0.11720788 0.17008466
vt 0.05954346 0.16279477
vt 0.15705684 0.23780537
vt 0.10406232 0.21365035
vt 0.05660817 0.18860823
vt 0.15705520 0.25970566
vt 0.10093096 0.23780280
vt 0.45487168 0.11672938
vt 0.51326346 0.06825906
vt 0.54739666 0.09233958
vt 0.57181770 0.11324680
vt 0.41357982 0.78182399
vt 0.54781419 0.77962561
vt 0.46866971 0.11833870
vt 0.50118363 0.13198423
vt 0.53424096 0.14658940
vt 0.55625498 0.15889275
vt 0.45487159 0.18937838
vt 0.46893471 0.19067407
vt 0.50083709 0.19340944
vt 0.53281605 0.20062101
vt 0.55424517 0.21402204
vt 0.59188664 0.20473397
vt 0.54871023 0.72813097
vt 0.55537570 0.78505141
vt 0.55070156 0.72322190
vt 0.55327916 0.74042988
vt 0.55114728 0.71848062
vt 0.55234551 0.74408859
vt 0.55032516 0.71508068
vt 0.06020650 0.24094516
vt 0.54952490 0.71230859
vt 0.01912990 0.19311166
vt 0.59143674 0.24931908
vt 0.55505925 0.72751832
vt 0.55641347 0.72318068
vt 0.55703807 0.71883827
vt 0.55674016 0.71551996
vt 0.55682361 0.71267170
vt 0.02218676 0.24427009
vt 0.10196316 0.26997679
vt 0.45487151 0.27304298
vt 0.46886384 0.27346897
vt 0.50036556 0.27766353
vt 0.53186792 0.28078359
vt 0.55468541 0.28349638
vt 0.06167507 0.27261358
vt 0.58859038 0.28947419
vt 0.56083101 0.72773772
vt 0.56133819 0.72338000
vt 0.56148624 0.71898124
vt 0.56130385 0.71562886
vt 0.56128442 0.71275336
vt 0.02459145 0.27540797
vt 0.15705347 0.27160227
vt 0.54937440 0.77422576
vt 0.54779309 0.76753502
vt 0.54771763 0.76244147
vt 0.54846674 0.75736175
vt 0.55348265 0.74725395
vt 0.55016112 0.75259274
vt 0.55194670 0.77898078
vt 0.55708075 0.78365813
vt 0.55531389 0.74127671
vt 0.55445522 0.74515641
vt 0.55274659 0.77351134
vt 0.55181712 0.76827641
vt 0.55162406 0.76313917
vt 0.55231279 0.75842778
vt 0.55645281 0.74806640
vt 0.55365574 0.75277770
vt 0.55522209 0.77776071
vt 0.55998844 0.78339942
vt 0.55809850 0.74157971
vt 0.55702317 0.74526706
vt 0.56365335 0.77520131
vt 0.56310576 0.77144493
vt 0.56263626 0.76630591
vt 0.56219077 0.75982858
vt 0.56219137 0.75068837
vt 0.56189549 0.75451517
vt 0.56428498 0.77807067
vt 0.56542283 0.73724270
vt 0.56570303 0.78174336
vt 0.56380779 0.74306381
vt 0.56220686 0.74715090
vt 0.10255909 0.33824921
vt 0.45487136 0.34204298
vt 0.46885574 0.34254062
vt 0.50022304 0.34667706
vt 0.53144228 0.35031921
vt 0.55410689 0.35261542
vt 0.06281683 0.34128225
vt 0.58809513 0.35734314
vt 0.57053006 0.72810426
vt 0.57108057 0.72374916
vt 0.57126808 0.71933815
vt 0.57108551 0.71598026
vt 0.57100010 0.71310654
vt 0.02578443 0.34375423
vt 0.15703994 0.33942354
vt 0.57939053 0.83868586
vt 0.57616097 0.83681814
vt 0.36704820 0.87489109
vt 0.36704820 0.94457941
vt 0.36704820 0.96084352
vt 0.36704820 0.91125162
vt 0.36704820 0.92868821
vt 0.36704820 0.88592674
vt 0.36704820 0.84124964
vt 0.35140598 0.87621838
vt 0.35140598 0.94489868
vt 0.35140598 0.96383582
vt 0.35140598 0.91513248
vt 0.35140598 0.93149942
vt 0.35140598 0.88825090
vt 0.35140598 0.84117159
vt 0.32460803 0.88077731
vt 0.32460803 0.96553694
vt 0.32460803 0.98440531
vt 0.32460803 0.93054061
vt 0.32460803 0.94537834
vt 0.32460803 0.90559922
vt 0.32460803 0.84109536
vt 0.34263662 0.89284450
vt 0.34263662 0.91935061
vt 0.34263662 0.87547393
vt 0.34263662 0.95162237
vt 0.34263662 0.93512896
vt 0.34263662 0.84114678
vt 0.34263662 0.96832893
vt 0.33282781 0.92588283
vt 0.33282781 0.87838389
vt 0.33282781 0.95862805
vt 0.33282781 0.94174239
vt 0.33282781 0.97864528
vt 0.33282781 0.89939369
vt 0.33282781 0.84112321
vt 0.32460803 0.98426995
vt 0.10257259 0.39185703
vt 0.45487127 0.38948441
vt 0.46888039 0.39020133
vt 0.50004482 0.39411229
vt 0.53095442 0.39836675
vt 0.55462855 0.40027797
vt 0.06251425 0.38868374
vt 0.59190899 0.40474081
vt 0.57728261 0.72833863
vt 0.57783258 0.72393736
vt 0.57805943 0.71966165
vt 0.57787305 0.71631020
vt 0.57772928 0.71332031
vt 0.02497211 0.39153290
vt 0.15702021 0.38595825
vt 0.10100117 0.41494453
vt 0.45487127 0.41477650
vt 0.46960685 0.41556036
vt 0.50075406 0.41990352
vt 0.53125620 0.42319089
vt 0.55506068 0.42516458
vt 0.06102264 0.41242892
vt 0.59458935 0.43044972
vt 0.58090913 0.72880608
vt 0.58137745 0.72420365
vt 0.58148396 0.72001132
vt 0.58129090 0.71675453
vt 0.58120549 0.71363863
vt 0.02264661 0.41699618
vt 0.15702271 0.40915430
vt 0.10204503 0.43949449
vt 0.45487121 0.44778359
vt 0.46960166 0.44774652
vt 0.50072885 0.45042396
vt 0.53105253 0.45281446
vt 0.55423397 0.45629019
vt 0.06408012 0.44215745
vt 0.59266365 0.46335089
vt 0.58567190 0.72856003
vt 0.58559167 0.72402516
vt 0.58554661 0.72002211
vt 0.58550501 0.71691999
vt 0.58582383 0.71385115
vt 0.02799693 0.44993854
vt 0.15707648 0.44101238
vt 0.10558328 0.45009333
vt 0.45487127 0.46122020
vt 0.46906200 0.46048629
vt 0.49823642 0.46119428
vt 0.52689779 0.46333879
vt 0.54905427 0.46791655
vt 0.06991979 0.45227170
vt 0.58605313 0.47580278
vt 0.58772022 0.72852218
vt 0.58754373 0.72403225
vt 0.58740276 0.71983892
vt 0.58737439 0.71657455
vt 0.58779061 0.71352017
vt 0.03604800 0.46137261
vt 0.15708888 0.45173895
vt 0.16975738 0.91402860
vt 0.22588235 0.89821017
vt 0.17305297 0.91439016
vt 0.21879755 0.89855285
vt 0.22273640 0.89843582
vt 0.16845663 0.91389170
vt 0.21335615 0.89859582
vt 0.16593935 0.91360673
vt 0.17676365 0.91487356
vt 0.22787446 0.89805941
vt 0.17526965 0.91465513
vt 0.56478602 0.77112007
vt 0.56424916 0.76625524
vt 0.56384164 0.76007967
vt 0.56541228 0.77471466
vt 0.56612897 0.77750756
vt 0.56743407 0.73782024
vt 0.56743407 0.78082708
vt 0.56578827 0.74346289
vt 0.56459486 0.74706483
vt 0.23160379 0.95086852
vt 0.22609098 0.95152380
vt 0.21887548 0.95185655
vt 0.18773457 0.86357078
vt 0.23556595 0.95037994
vt 0.18466932 0.86294131
vt 0.18073055 0.86211820
vt 0.17456426 0.86126177
vt 0.17070492 0.86100613
vt 0.23014779 0.94166528
vt 0.22533499 0.94258951
vt 0.21912445 0.94350465
vt 0.18564753 0.87230705
vt 0.23414806 0.94137359
vt 0.18303466 0.87157564
vt 0.17933621 0.87022203
vt 0.17407733 0.86965618
vt 0.17188545 0.86997728
vt 0.22997403 0.93976716
vt 0.22500952 0.94076644
vt 0.21923093 0.94163843
vt 0.18528831 0.87408708
vt 0.23411401 0.93953478
vt 0.18256746 0.87333834
vt 0.17898490 0.87198746
vt 0.17403354 0.87151541
vt 0.17188866 0.87185515
vt 0.22986768 0.93745245
vt 0.22489125 0.93839577
vt 0.21917447 0.93922999
vt 0.18503596 0.87632909
vt 0.23392458 0.93724746
vt 0.18228732 0.87564257
vt 0.17869814 0.87430872
vt 0.17369975 0.87383313
vt 0.17156163 0.87420611
vt 0.22931087 0.92816547
vt 0.22444241 0.92851850
vt 0.21898857 0.92870962
vt 0.18377788 0.88561578
vt 0.23350260 0.92776672
vt 0.18096535 0.88517618
vt 0.17741583 0.88466632
vt 0.17251164 0.88414142
vt 0.17036399 0.88395603
vt 0.22845438 0.91860650
vt 0.22409745 0.91904648
vt 0.21889468 0.91918128
vt 0.18185611 0.89526112
vt 0.23196907 0.91803423
vt 0.17941499 0.89477469
vt 0.17616948 0.89425915
vt 0.17156966 0.89374954
vt 0.16962078 0.89361709
vt 0.22669715 0.90623078
vt 0.22328670 0.90654995
vt 0.21891724 0.90667398
vt 0.17863934 0.90736531
vt 0.22917581 0.90580644
vt 0.17682530 0.90700868
vt 0.17425552 0.90661550
vt 0.17052065 0.90619482
vt 0.16899998 0.90607822
vt 0.22636710 0.89179875
vt 0.22269988 0.89196631
vt 0.21835998 0.89217998
vt 0.21248759 0.89289433
vt 0.16442539 0.91901495
vt 0.17683212 0.92056194
vt 0.22826892 0.89219458
vt 0.17525844 0.92058522
vt 0.17268266 0.92043050
vt 0.16867298 0.92010339
vt 0.16709311 0.91983867
vt 0.21836366 0.89542957
vt 0.16774750 0.91671181
vt 0.21299161 0.89581007
vt 0.16544724 0.91630295
vt 0.17617507 0.91759453
vt 0.22803180 0.89525836
vt 0.17480694 0.91749400
vt 0.22244018 0.89526453
vt 0.17252761 0.91728202
vt 0.22604643 0.89510284
vt 0.16907318 0.91689873
vt 0.17298777 0.92279361
vt 0.17593318 0.92294562
vt 0.21065573 0.89025956
vt 0.16198872 0.92109437
vt 0.22679411 0.88950759
vt 0.22320384 0.88966501
vt 0.16834481 0.92263217
vt 0.17768441 0.92287010
vt 0.22891019 0.88983597
vt 0.21812473 0.88989203
vt 0.16393445 0.92306570
vt 0.17349036 0.92566340
vt 0.21021561 0.88587268
vt 0.22750497 0.88674103
vt 0.16797510 0.92547599
vt 0.17877713 0.92553671
vt 0.22949027 0.88700043
vt 0.21781327 0.88706864
vt 0.16332105 0.92541620
vt 0.17677315 0.92565127
vt 0.22374476 0.88694331
vt 0.17392127 0.93076268
vt 0.17443790 0.93574520
vt 0.21024336 0.88044779
vt 0.21121399 0.87653011
vt 0.22819649 0.88224401
vt 0.22817557 0.87919720
vt 0.16770655 0.93070426
vt 0.16774903 0.93607933
vt 0.17973562 0.93025085
vt 0.22990699 0.88232331
vt 0.17983213 0.93338212
vt 0.22980815 0.87922311
vt 0.21757278 0.88180421
vt 0.21807860 0.87638329
vt 0.16546682 0.93048511
vt 0.16574256 0.93579839
vt 0.17784670 0.93391571
vt 0.17763641 0.93042626
vt 0.20986982 0.87629403
vt 0.16315858 0.93557523
vt 0.20937127 0.87850578
vt 0.16222277 0.93354555
vt 0.22446626 0.87819616
vt 0.22422561 0.88209970
vt 0.20580934 0.88629811
vt 0.15814264 0.92578597
vt 0.15863369 0.92693141
vt 0.20723990 0.88381766
vt 0.15947722 0.92842388
vt 0.20782956 0.87919094
vt 0.16089743 0.93254147
vt 0.20842119 0.88051574
vt 0.16094108 0.93123259
vt 0.20103425 0.88157135
vt 0.15400784 0.93085621
vt 0.15448375 0.93135797
vt 0.20202190 0.88044947
vt 0.15509696 0.93196455
vt 0.15664893 0.93367276
vt 0.20332228 0.87843157
vt 0.20300235 0.87910028
vt 0.15615185 0.93302567
vt 0.20049940 0.88121158
vt 0.15351342 0.93124616
vt 0.15396667 0.93175881
vt 0.20145068 0.88010432
vt 0.15457126 0.93235429
vt 0.15612271 0.93401465
vt 0.20273231 0.87820287
vt 0.20239131 0.87881508
vt 0.15561119 0.93340711
vt 0.19821151 0.87994316
vt 0.15145914 0.93278272
vt 0.15191066 0.93325930
vt 0.19921754 0.87879083
vt 0.15253633 0.93385775
vt 0.15411313 0.93553035
vt 0.20051844 0.87694743
vt 0.20015667 0.87755276
vt 0.15360558 0.93493348
vt 0.19614764 0.87822454
vt 0.14976341 0.93465798
vt 0.15033859 0.93494908
vt 0.19708842 0.87746239
vt 0.15080677 0.93528677
vt 0.15169394 0.93665378
vt 0.19795848 0.87598866
vt 0.19772218 0.87657942
vt 0.15143357 0.93600977
vt 0.19620802 0.87687887
vt 0.14977892 0.93603431
vt 0.19592761 0.87752658
vt 0.14948781 0.93538623
vt 0.14986704 0.93542220
vt 0.19663315 0.87710829
vt 0.15020525 0.93566038
vt 0.19705205 0.87625848
vt 0.15070209 0.93678222
vt 0.19701095 0.87661345
vt 0.15066707 0.93619673
vt 0.16666339 0.94179092
vt 0.16585317 0.93913127
vt 0.21023166 0.87327923
vt 0.16294931 0.93841676
vt 0.21139713 0.87329382
vt 0.21275096 0.87335452
vt 0.21417792 0.87183714
vt 0.16643040 0.94488103
vt 0.21611582 0.87070477
vt 0.17119926 0.94131280
vt 0.22340669 0.86663724
vt 0.16843998 0.93984399
vt 0.21909072 0.87234236
vt 0.22243059 0.87076454
vt 0.17822489 0.94047850
vt 0.17449370 0.93927687
vt 0.22372602 0.87282319
vt 0.17887354 0.94382545
vt 0.22558762 0.87514840
vt 0.18009423 0.93575191
vt 0.22937806 0.87688267
vt 0.17829554 0.93688254
vt 0.22789560 0.87681805
vt 0.16251116 0.94690230
vt 0.16190398 0.94639999
vt 0.20905817 0.86652641
vt 0.16044793 0.94538256
vt 0.21039648 0.86644866
vt 0.21131672 0.86637479
vt 0.21257061 0.86621827
vt 0.21383333 0.86602513
vt 0.16329713 0.94755444
vt 0.21517241 0.86578050
vt 0.17506500 0.94887836
vt 0.21951412 0.86189334
vt 0.17384815 0.94940421
vt 0.17261881 0.95000917
vt 0.17163344 0.95050073
vt 0.21499716 0.86347856
vt 0.17039901 0.95113988
vt 0.21610479 0.86320210
vt 0.21749006 0.86274141
vt 0.21852233 0.86233668
vt 0.17298961 0.94650447
vt 0.17221639 0.94597217
vt 0.17105626 0.94532315
vt 0.22658060 0.86644948
vt 0.17013766 0.94492490
vt 0.22715175 0.86740924
vt 0.22761543 0.86811647
vt 0.22835223 0.86905661
vt 0.17380774 0.94713984
vt 0.22918369 0.86995846
vt 0.18369021 0.94024090
vt 0.22935632 0.87213357
vt 0.18301663 0.94090058
vt 0.18227614 0.94178981
vt 0.18177666 0.94258749
vt 0.22569157 0.87183075
vt 0.18126641 0.94350075
vt 0.22647217 0.87193003
vt 0.22760718 0.87202816
vt 0.22854167 0.87208976
vt 0.16228828 0.94722312
vt 0.16165456 0.94673885
vt 0.20906080 0.86606757
vt 0.16021536 0.94572232
vt 0.21038780 0.86598714
vt 0.21127518 0.86591749
vt 0.21250559 0.86577030
vt 0.21376352 0.86557859
vt 0.16307913 0.94784396
vt 0.21508819 0.86534224
vt 0.17526829 0.94929928
vt 0.21935625 0.86157678
vt 0.17406414 0.94984091
vt 0.17281955 0.95042910
vt 0.17180468 0.95092238
vt 0.21491121 0.86308154
vt 0.17059354 0.95152551
vt 0.21598548 0.86281295
vt 0.21735184 0.86238170
vt 0.21837842 0.86198926
vt 0.17278968 0.94682607
vt 0.17201211 0.94631770
vt 0.17086345 0.94568180
vt 0.22691485 0.86628096
vt 0.16996871 0.94525631
vt 0.22748502 0.86719230
vt 0.22795372 0.86787902
vt 0.22867636 0.86878698
vt 0.17360923 0.94741737
vt 0.22948186 0.86968058
vt 0.18400459 0.94054197
vt 0.22934777 0.87170826
vt 0.18337120 0.94120314
vt 0.18265384 0.94206525
vt 0.18212129 0.94283240
vt 0.22574361 0.87140846
vt 0.18157312 0.94370027
vt 0.22651596 0.87150145
vt 0.22764243 0.87160294
vt 0.22855966 0.87166646
vt 0.16206859 0.94746251
vt 0.16143362 0.94701257
vt 0.20900995 0.86568403
vt 0.16002473 0.94600775
vt 0.21033426 0.86560494
vt 0.21122906 0.86554156
vt 0.21245722 0.86539738
vt 0.21370067 0.86520709
vt 0.16288677 0.94808533
vt 0.21502511 0.86497121
vt 0.17540669 0.94966415
vt 0.21928261 0.86127545
vt 0.17422365 0.95021743
vt 0.17300321 0.95077457
vt 0.17199486 0.95124999
vt 0.21483509 0.86275652
vt 0.17076206 0.95184623
vt 0.21589662 0.86248659
vt 0.21723531 0.86208050
vt 0.21826819 0.86169972
vt 0.17259413 0.94706822
vt 0.17182808 0.94659363
vt 0.17071927 0.94598857
vt 0.22716075 0.86608046
vt 0.16985142 0.94554569
vt 0.22775327 0.86700715
vt 0.22823076 0.86767864
vt 0.22894184 0.86855933
vt 0.17343937 0.94765253
vt 0.22973518 0.86945541
vt 0.18424438 0.94080622
vt 0.22940236 0.87135412
vt 0.18364537 0.94146567
vt 0.18296878 0.94228579
vt 0.18242194 0.94300458
vt 0.22578366 0.87105116
vt 0.18183744 0.94387314
vt 0.22655511 0.87114619
vt 0.22767003 0.87125011
vt 0.22859266 0.87131433
vt 0.15961006 0.95070410
vt 0.15900844 0.95027814
vt 0.20861953 0.86099894
vt 0.15770844 0.94942701
vt 0.20987026 0.86094822
vt 0.21070568 0.86089405
vt 0.21184190 0.86077639
vt 0.21299912 0.86060445
vt 0.16041125 0.95127798
vt 0.21423657 0.86037554
vt 0.17769746 0.95493419
vt 0.21775733 0.85672775
vt 0.17660715 0.95540513
vt 0.17549890 0.95591118
vt 0.17453074 0.95635608
vt 0.21354747 0.85807647
vt 0.17334241 0.95691035
vt 0.21451600 0.85783575
vt 0.21574633 0.85746929
vt 0.21674523 0.85712036
vt 0.17055222 0.95031447
vt 0.16983147 0.94989517
vt 0.16885626 0.94934829
vt 0.23043816 0.86362457
vt 0.16807203 0.94893476
vt 0.23106195 0.86450656
vt 0.23153095 0.86513315
vt 0.23217410 0.86593673
vt 0.17138942 0.95081504
vt 0.23288436 0.86676054
vt 0.18681808 0.94307458
vt 0.22966282 0.86780022
vt 0.18630870 0.94367361
vt 0.18571742 0.94438043
vt 0.18520191 0.94503917
vt 0.22622192 0.86751002
vt 0.18457347 0.94584519
vt 0.22695078 0.86760777
vt 0.22800967 0.86771524
vt 0.22888866 0.86777137
vt 0.15929198 0.95116198
vt 0.15868045 0.95076662
vt 0.20859022 0.86032599
vt 0.15739174 0.94989980
vt 0.20984964 0.86029406
vt 0.21065380 0.86026514
vt 0.21175379 0.86015368
vt 0.21289067 0.85997455
vt 0.16008882 0.95172042
vt 0.21412499 0.85973997
vt 0.17795900 0.95553573
vt 0.21756205 0.85620312
vt 0.17688465 0.95602509
vt 0.17577675 0.95651600
vt 0.17480323 0.95695356
vt 0.21340790 0.85754015
vt 0.17361699 0.95749270
vt 0.21436954 0.85729881
vt 0.21558172 0.85694605
vt 0.21655220 0.85660616
vt 0.17028870 0.95076691
vt 0.16956599 0.95036284
vt 0.16859154 0.94982818
vt 0.23090529 0.86328664
vt 0.16782458 0.94940241
vt 0.23152301 0.86417347
vt 0.23197784 0.86478338
vt 0.23261513 0.86556964
vt 0.17112172 0.95125702
vt 0.23331894 0.86639088
vt 0.18726470 0.94345675
vt 0.22969078 0.86717750
vt 0.18676664 0.94405437
vt 0.18619362 0.94476462
vt 0.18566440 0.94540393
vt 0.22630306 0.86689529
vt 0.18503611 0.94620343
vt 0.22702353 0.86699727
vt 0.22806239 0.86710657
vt 0.22891843 0.86715896
vt 0.15686515 0.95440800
vt 0.15640694 0.95412939
vt 0.20882089 0.85503930
vt 0.15509786 0.95394755
vt 0.20975080 0.85584471
vt 0.21029675 0.85587811
vt 0.21101578 0.85569052
vt 0.21183087 0.85529266
vt 0.15731622 0.95520932
vt 0.21283127 0.85463966
vt 0.17981623 0.96062399
vt 0.21573831 0.85212727
vt 0.17869423 0.96069463
vt 0.17777590 0.96096407
vt 0.17702639 0.96125543
vt 0.21255876 0.85319133
vt 0.17622547 0.96222342
vt 0.21344315 0.85326606
vt 0.21437486 0.85311501
vt 0.21507177 0.85280840
vt 0.16819970 0.95397755
vt 0.16767193 0.95367248
vt 0.16686302 0.95343312
vt 0.23478302 0.86072919
vt 0.16603878 0.95333443
vt 0.23500665 0.86166114
vt 0.23532987 0.86215359
vt 0.23588984 0.86270231
vt 0.16868876 0.95480087
vt 0.23671094 0.86322568
vt 0.18976605 0.94587950
vt 0.22970113 0.86361150
vt 0.18908621 0.94623549
vt 0.18854071 0.94667342
vt 0.18820845 0.94717724
vt 0.22693856 0.86338878
vt 0.18798633 0.94813190
vt 0.22755019 0.86362678
vt 0.22836724 0.86379713
vt 0.22904824 0.86379707
vt 0.15653016 0.95481931
vt 0.15616584 0.95458134
vt 0.20961469 0.85459514
vt 0.15518396 0.95457050
vt 0.21000203 0.85535026
vt 0.21042813 0.85545760
vt 0.21096493 0.85528322
vt 0.21152057 0.85495701
vt 0.15670452 0.95548333
vt 0.21216670 0.85435793
vt 0.17956430 0.96148507
vt 0.21505226 0.85192986
vt 0.17870311 0.96134733
vt 0.17797899 0.96151635
vt 0.17738475 0.96176054
vt 0.21291865 0.85269319
vt 0.17695819 0.96259036
vt 0.21354730 0.85287711
vt 0.21420950 0.85278654
vt 0.21470881 0.85255466
vt 0.16787873 0.95435820
vt 0.16746020 0.95408984
vt 0.16681962 0.95393385
vt 0.23545308 0.86093514
vt 0.16616823 0.95401585
vt 0.23544334 0.86163752
vt 0.23566884 0.86199152
vt 0.23607026 0.86235486
vt 0.16807634 0.95504798
vt 0.23670906 0.86263597
vt 0.18989392 0.94655861
vt 0.22922860 0.86313172
vt 0.18934999 0.94670226
vt 0.18889131 0.94700304
vt 0.18863906 0.94741694
vt 0.22740065 0.86301211
vt 0.18864228 0.94813961
vt 0.22779684 0.86328560
vt 0.22834565 0.86340596
vt 0.22880916 0.86341260
vt 0.21076126 0.85432827
vt 0.15559991 0.95536589
vt 0.22889541 0.86746365
vt 0.22803719 0.86740851
vt 0.22698557 0.86730130
vt 0.22626339 0.86720422
vt 0.18480295 0.94602653
vt 0.17125787 0.95103770
vt 0.23310010 0.86657412
vt 0.23239653 0.86575496
vt 0.23175375 0.86495574
vt 0.17842557 0.96243773
vt 0.21386461 0.85202399
vt 0.23129548 0.86434118
vt 0.23068999 0.86348401
vt 0.16793400 0.94916133
vt 0.16871393 0.94958282
vt 0.16970968 0.95013534
vt 0.17043966 0.95055246
vt 0.15947129 0.95094804
vt 0.16025425 0.95150311
vt 0.21417762 0.86006059
vt 0.16697447 0.95481629
vt 0.23634212 0.86161964
vt 0.21294798 0.86028829
vt 0.21179548 0.86046335
vt 0.21068566 0.86057670
vt 0.20988122 0.86061946
vt 0.20863093 0.86066294
vt 0.15754785 0.94966117
vt 0.15885501 0.95052931
vt 0.21566699 0.85720567
vt 0.18950994 0.94749960
vt 0.22834422 0.86275172
vt 0.21443830 0.85756828
vt 0.21348087 0.85780789
vt 0.17347589 0.95720357
vt 0.17464185 0.95666642
vt 0.17562512 0.95621935
vt 0.17675638 0.95571031
vt 0.21664511 0.85686271
vt 0.17784573 0.95522751
vt 0.21762842 0.85647964
vt 0.18705229 0.94325348
vt 0.22964512 0.86748956
vt 0.18654628 0.94385430
vt 0.18594818 0.94458179
vt 0.18541887 0.94524049
vt 0.21524702 0.89857030
vt 0.56358421 0.75496060
vt 0.21295434 0.95164192
vt 0.21350157 0.94241819
vt 0.21377455 0.94050863
vt 0.21376614 0.93813344
vt 0.21368897 0.92854965
vt 0.21401085 0.91897978
vt 0.21495013 0.90656045
vt 0.21434622 0.89230122
vt 0.21476318 0.89554277
vt 0.21293671 0.88976264
vt 0.21201986 0.88643077
vt 0.21173969 0.88117658
vt 0.21253544 0.87655394
vt 0.56399822 0.75102130
vt 0.20845643 0.95129493
vt 0.16646849 0.86079188
vt 0.21002340 0.94204143
vt 0.16691688 0.87009536
vt 0.21012652 0.94018310
vt 0.16693075 0.87196739
vt 0.21015330 0.93789337
vt 0.16661967 0.87422766
vt 0.20999528 0.92844629
vt 0.16547514 0.88357675
vt 0.21083708 0.91866918
vt 0.16531676 0.89345393
vt 0.21264800 0.90633247
vt 0.16585307 0.90594509
vt 0.51377064 0.82274680
vt 0.50773883 0.82412824
vt 0.50741780 0.82185194
vt 0.51362288 0.82128273
vt 0.47093695 0.96633478
vt 0.46568781 0.96334637
vt 0.46711582 0.96171284
vt 0.47174883 0.96499608
vt 0.46866137 0.96043773
vt 0.47278666 0.96411541
vt 0.49179357 0.72895694
vt 0.48550081 0.73126599
vt 0.48295939 0.72716075
vt 0.49157190 0.72722057
vt 0.52002513 0.83259617
vt 0.47763693 0.96115170
vt 0.51814908 0.83798131
vt 0.47643301 0.95582861
vt 0.51426840 0.83500943
vt 0.51772040 0.83101031
vt 0.51182353 0.83268225
vt 0.51617455 0.82940432
vt 0.51371145 0.81895265
vt 0.49265319 0.73122045
vt 0.50730348 0.81764168
vt 0.48666519 0.73526958
vt 0.47037327 0.96746343
vt 0.46467471 0.96487586
vt 0.50974131 0.82989596
vt 0.51511931 0.82690032
vt 0.48588854 0.72234765
vt 0.49182826 0.72508031
vt 0.50858289 0.82739624
vt 0.51434523 0.82502967
vt 0.47261414 0.95752914
vt 0.47535628 0.96204881
vt 0.46300021 0.97351266
vt 0.48702025 0.71829021
vt 0.46959311 0.97339045
vt 0.49265319 0.72265822
vt 0.46320140 0.96916150
vt 0.46943182 0.97080455
vt 0.46053439 0.96841925
vt 0.46259746 0.96356649
vt 0.48333853 0.72134277
vt 0.45978671 0.97311220
vt 0.48386407 0.71762228
vt 0.51246953 0.83653134
vt 0.50973827 0.83412206
vt 0.46723902 0.95849619
vt 0.47166827 0.95564687
vt 0.46384463 0.96185802
vt 0.50632441 0.82836193
vt 0.50516027 0.82499814
vt 0.48314524 0.72296211
vt 0.51680744 0.83986263
vt 0.47558868 0.95381966
vt 0.50403994 0.81838191
vt 0.48347616 0.73647499
vt 0.50750726 0.83101116
vt 0.48304653 0.73279405
vt 0.48294687 0.73118347
vt 0.50460315 0.82267895
vt 0.46549404 0.95998823
vt 0.24877734 0.86617897
vt 0.24924755 0.96259036
vt 0.24754484 0.87131718
vt 0.24648917 0.87681352
vt 0.24553631 0.88272116
vt 0.24470884 0.88878050
vt 0.24394976 0.89519763
vt 0.24329470 0.90223177
vt 0.24290429 0.90871512
vt 0.24274470 0.91426650
vt 0.24278145 0.91967226
vt 0.24311547 0.92564996
vt 0.24374564 0.93265801
vt 0.24463581 0.93987948
vt 0.24561206 0.94627497
vt 0.24667928 0.95211670
vt 0.24787368 0.95752038
vt 0.26451814 0.87079172
vt 0.26496539 0.95805807
vt 0.26319900 0.87579679
vt 0.26209104 0.88094772
vt 0.26111165 0.88645023
vt 0.26031372 0.89179605
vt 0.25965372 0.89735321
vt 0.25909075 0.90343454
vt 0.25867355 0.90911008
vt 0.25849238 0.91410699
vt 0.25853476 0.91897560
vt 0.25883028 0.92427024
vt 0.25940511 0.93039244
vt 0.26019764 0.93675415
vt 0.26112980 0.94267234
vt 0.26218939 0.94797909
vt 0.26345479 0.95311487
vt 0.27883291 0.87552464
vt 0.27917075 0.95321193
vt 0.27737385 0.87984905
vt 0.27622795 0.88414027
vt 0.27533922 0.88854471
vt 0.27459049 0.89330143
vt 0.27387586 0.89887217
vt 0.27322060 0.90454265
vt 0.27268529 0.90962043
vt 0.27250403 0.91403712
vt 0.27261975 0.91837715
vt 0.27302590 0.92315284
vt 0.27369469 0.92877842
vt 0.27449045 0.93463881
vt 0.27536732 0.93983861
vt 0.27639097 0.94439931
vt 0.27764779 0.94887403
vt 0.24963541 0.93868353
vt 0.25056037 0.94491817
vt 0.24905415 0.89604451
vt 0.24843867 0.90272848
vt 0.25159064 0.95060541
vt 0.24806012 0.90895660
vt 0.25278723 0.95597676
vt 0.24791007 0.91432906
vt 0.25380129 0.86750774
vt 0.25420782 0.96110115
vt 0.25254455 0.87272878
vt 0.24798062 0.91952368
vt 0.25147876 0.87823668
vt 0.24824993 0.92520466
vt 0.25052851 0.88416140
vt 0.24882235 0.93184239
vt 0.24974738 0.88999642
vt 0.49265319 0.80205901
vt 0.49265319 0.74160576
vt 0.49239725 0.79836802
vt 0.49240768 0.79487164
vt 0.49245298 0.79147051
vt 0.49230790 0.78773253
vt 0.49198401 0.78346871
vt 0.49151844 0.77928366
vt 0.49117857 0.77543826
vt 0.49095953 0.77190448
vt 0.49083716 0.76846935
vt 0.49097705 0.76494543
vt 0.49132222 0.76084332
vt 0.49150079 0.75650355
vt 0.49159038 0.75239402
vt 0.49174088 0.74865612
vt 0.49202508 0.74518970
vt 0.46289980 0.74584195
vt 0.46394694 0.79796763
vt 0.46519053 0.79514368
vt 0.46601218 0.79228626
vt 0.46653837 0.78940503
vt 0.46693760 0.78615551
vt 0.46748322 0.78239210
vt 0.46805060 0.77871044
vt 0.46838874 0.77533846
vt 0.46844208 0.77226877
vt 0.46816152 0.76924016
vt 0.46763182 0.76606767
vt 0.46678317 0.76247455
vt 0.46602708 0.75862370
vt 0.46548593 0.75498012
vt 0.46493983 0.75175011
vt 0.46411943 0.74878010
vt 0.11121494 0.78079443
vt 0.11133058 0.84394072
vt 0.11093102 0.78404342
vt 0.11056798 0.78729907
vt 0.11017682 0.79096638
vt 0.10974554 0.79506913
vt 0.10933162 0.79995982
vt 0.10906385 0.80462967
vt 0.10892834 0.80878544
vt 0.10889924 0.81233148
vt 0.10895406 0.81579256
vt 0.10910945 0.81964177
vt 0.10941231 0.82419312
vt 0.10987198 0.82915452
vt 0.11032755 0.83345564
vt 0.11072367 0.83734331
vt 0.11107141 0.84066866
vt 0.12012630 0.78215651
vt 0.12025607 0.84262955
vt 0.11947345 0.78540032
vt 0.11900272 0.78853986
vt 0.11859033 0.79218648
vt 0.11834796 0.79624382
vt 0.11821582 0.80074330
vt 0.11811732 0.80504043
vt 0.11807656 0.80891155
vt 0.11807566 0.81229614
vt 0.11809579 0.81560607
vt 0.11815455 0.81920345
vt 0.11828170 0.82339047
vt 0.11846355 0.82812321
vt 0.11874456 0.83239558
vt 0.11916237 0.83610424
vt 0.11962201 0.83937475
vt 0.13159835 0.78588770
vt 0.13175336 0.83894823
vt 0.13094978 0.78863926
vt 0.13046461 0.79165095
vt 0.13011004 0.79494326
vt 0.12986219 0.79863350
vt 0.12970309 0.80251212
vt 0.12960380 0.80620825
vt 0.12955593 0.80946927
vt 0.12954670 0.81227371
vt 0.12955952 0.81501441
vt 0.12960880 0.81803893
vt 0.12972923 0.82163607
vt 0.12993209 0.82571754
vt 0.13022688 0.82978609
vt 0.13060473 0.83328241
vt 0.13109654 0.83621740
vt 0.15732636 0.79189338
vt 0.15740925 0.83280246
vt 0.15699676 0.79395023
vt 0.15668771 0.79631655
vt 0.15641488 0.79881360
vt 0.15617731 0.80150482
vt 0.15597956 0.80437632
vt 0.15583144 0.80732487
vt 0.15574551 0.81007840
vt 0.15572225 0.81224902
vt 0.15574197 0.81434576
vt 0.15581836 0.81688535
vt 0.15596598 0.81982328
vt 0.15618008 0.82287729
vt 0.15644762 0.82583420
vt 0.15674643 0.82848611
vt 0.15706478 0.83077629
vt 0.16241978 0.79258259
vt 0.16241978 0.83208148
vt 0.16214310 0.79462719
vt 0.16184977 0.79692543
vt 0.16158009 0.79933712
vt 0.16134004 0.80192804
vt 0.16114195 0.80468954
vt 0.16099979 0.80752397
vt 0.16092442 0.81016825
vt 0.16090530 0.81225552
vt 0.16091962 0.81427133
vt 0.16098116 0.81670788
vt 0.16111326 0.81952952
vt 0.16131634 0.82246813
vt 0.16157454 0.82531698
vt 0.16185786 0.82787554
vt 0.16214152 0.83009571
vt 0.49155486 0.79842679
vt 0.49182057 0.74131155
vt 0.49175638 0.80233154
vt 0.49158770 0.79491995
vt 0.49167234 0.79160757
vt 0.49157840 0.78793240
vt 0.49130249 0.78362919
vt 0.49090171 0.77934594
vt 0.49055403 0.77543093
vt 0.49031472 0.77187301
vt 0.49015635 0.76841997
vt 0.49022841 0.76486345
vt 0.49052256 0.76073374
vt 0.49066305 0.75637525
vt 0.49073082 0.75227875
vt 0.49087018 0.74856585
vt 0.49115074 0.74507794
vt 0.46362644 0.74543041
vt 0.46459097 0.79850204
vt 0.46586174 0.79547147
vt 0.46668148 0.79254982
vt 0.46717018 0.78966199
vt 0.46753061 0.78640129
vt 0.46805668 0.78255682
vt 0.46859115 0.77875079
vt 0.46894991 0.77528286
vt 0.46903962 0.77215146
vt 0.46880835 0.76908417
vt 0.46833575 0.76589175
vt 0.46752906 0.76225649
vt 0.46679014 0.75837331
vt 0.46627086 0.75473315
vt 0.46574485 0.75151837
vt 0.46492869 0.74852493
vt 0.47085774 0.76886757
vt 0.47095418 0.77209117
vt 0.47315896 0.76516365
vt 0.47246379 0.76158135
vt 0.47179896 0.75762449
vt 0.47120798 0.75369674
vt 0.47067231 0.75028563
vt 0.47011495 0.74739262
vt 0.46929896 0.74364519
vt 0.47006494 0.80003262
vt 0.47093129 0.79643661
vt 0.47149718 0.79371107
vt 0.47196782 0.79064496
vt 0.47245049 0.78701596
vt 0.47298366 0.78306068
vt 0.47347766 0.77930529
vt 0.47100377 0.77536832
vt 0.48855531 0.76845931
vt 0.48871714 0.77188419
vt 0.48583955 0.76464568
vt 0.48599148 0.76073681
vt 0.48606330 0.75654596
vt 0.48606330 0.75244555
vt 0.48605257 0.74862933
vt 0.48604691 0.74519518
vt 0.48605311 0.74131057
vt 0.48627430 0.80199936
vt 0.48655427 0.79823488
vt 0.48674059 0.79518214
vt 0.48681098 0.79178698
vt 0.48681921 0.78788374
vt 0.48670805 0.78363816
vt 0.48640341 0.77958553
vt 0.48884034 0.77541263
vt 0.48599404 0.76960181
vt 0.47355634 0.76984383
vt 0.48601609 0.77189873
vt 0.47374541 0.77197452
vt 0.48424864 0.76687773
vt 0.47502536 0.76723923
vt 0.48471212 0.77721344
vt 0.47527528 0.77700631
vt 0.48624951 0.77425252
vt 0.47366625 0.77418549
vt 0.47943413 0.76397990
vt 0.47920460 0.76078926
vt 0.47890550 0.75668225
vt 0.47859335 0.75260779
vt 0.47828954 0.74898294
vt 0.47799426 0.74595237
vt 0.47761035 0.74215844
vt 0.47812325 0.80127464
vt 0.47866076 0.79757936
vt 0.47900641 0.79482424
vt 0.47929657 0.79160015
vt 0.47956002 0.78781150
vt 0.47979170 0.78370118
vt 0.47990423 0.78033535
vt 0.47976542 0.76930404
vt 0.47989160 0.77196799
vt 0.47958934 0.76645939
vt 0.47998023 0.77771410
vt 0.47996998 0.77470295
vt 0.47278279 0.77200435
vt 0.47269744 0.77456872
vt 0.47455484 0.77783182
vt 0.47259438 0.76951981
vt 0.48690838 0.76922658
vt 0.48694891 0.77189063
vt 0.48541385 0.77806473
vt 0.48719543 0.77462168
vt 0.48489034 0.76608746
vt 0.47429341 0.76650850
vt 0.47953498 0.76560567
vt 0.47996306 0.77863918
vt 0.45587492 0.79697056
vt 0.45587492 0.76711638
vt 0.45515221 0.79555263
vt 0.45466557 0.79386705
vt 0.45423624 0.79206112
vt 0.45385581 0.79009457
vt 0.45349187 0.78796954
vt 0.45309567 0.78578584
vt 0.45273852 0.78382130
vt 0.45263803 0.78227945
vt 0.45271027 0.78079134
vt 0.45297819 0.77897955
vt 0.45334777 0.77678746
vt 0.45372495 0.77447009
vt 0.45411420 0.77223168
vt 0.45454305 0.77024712
vt 0.45508504 0.76856960
vt 0.45568833 0.79715407
vt 0.45567840 0.76692455
vt 0.45497200 0.79568905
vt 0.45449787 0.79397975
vt 0.45407593 0.79214293
vt 0.45369858 0.79013576
vt 0.45331836 0.78796534
vt 0.45290273 0.78573807
vt 0.45252323 0.78376058
vt 0.45239130 0.78226793
vt 0.45248741 0.78084020
vt 0.45277601 0.77903730
vt 0.45316583 0.77680957
vt 0.45356131 0.77443963
vt 0.45394999 0.77214813
vt 0.45437139 0.77012555
vt 0.45489565 0.76842576
vt 0.44421622 0.80077736
vt 0.44351926 0.76344077
vt 0.44374603 0.79903877
vt 0.44322994 0.79694268
vt 0.44273192 0.79470985
vt 0.44224060 0.79226322
vt 0.44179732 0.78964502
vt 0.44142181 0.78695890
vt 0.44116491 0.78444254
vt 0.44106317 0.78250289
vt 0.44106328 0.78063096
vt 0.44117701 0.77829240
vt 0.44141540 0.77554715
vt 0.44176167 0.77266435
vt 0.44219863 0.76986907
vt 0.44265240 0.76737492
vt 0.44309631 0.76524530
vt 0.45152313 0.79055847
vt 0.45192659 0.79262771
vt 0.45132378 0.77407809
vt 0.45093620 0.77646466
vt 0.45113832 0.78836219
vt 0.45173103 0.77173762
vt 0.45076853 0.78611743
vt 0.45216769 0.76959379
vt 0.45044541 0.78403628
vt 0.45266819 0.76767887
vt 0.45031145 0.78234959
vt 0.45289895 0.79643334
vt 0.45352602 0.79804620
vt 0.45330578 0.76594059
vt 0.45036209 0.78070363
vt 0.45237553 0.79456362
vt 0.45059431 0.77874313
vt 0.45170176 0.79270180
vt 0.45070010 0.77645631
vt 0.45328814 0.79818979
vt 0.45304310 0.76579826
vt 0.45130128 0.79060631
vt 0.45109597 0.77403800
vt 0.45090765 0.78838249
vt 0.45149982 0.77166548
vt 0.45053452 0.78610997
vt 0.45193118 0.76949726
vt 0.45020443 0.78401788
vt 0.45241487 0.76756473
vt 0.45004845 0.78234841
vt 0.45266455 0.79654750
vt 0.45011634 0.78072317
vt 0.45214945 0.79465957
vt 0.45035440 0.77876003
vt 0.63967943 0.66865438
vt 0.15541750 0.60907054
vt 0.66132975 0.67734390
vt 0.13633263 0.59364933
vt 0.68525928 0.68626881
vt 0.11198431 0.58520103
vt 0.70953274 0.68477213
vt 0.08844146 0.58452809
vt 0.06381810 0.58698457
vt 0.73370737 0.67673421
vt 0.03658253 0.59785128
vt 0.75477284 0.65686965
vt 0.01659447 0.61649191
vt 0.77210879 0.63778013
vt 0.01031595 0.63785303
vt 0.79358947 0.01031590
vt 0.78905952 0.62628490
vt 0.02086830 0.65807295
vt 0.81162363 0.02105755
vt 0.83105356 0.04066825
vt 0.04559529 0.67322892
vt 0.85304689 0.05931824
vt 0.07383084 0.68056864
vt 0.87566984 0.06619543
vt 0.09680378 0.68056864
vt 0.89763570 0.06723356
vt 0.11776286 0.67718387
vt 0.92014426 0.05943525
vt 0.13918614 0.66607475
vt 0.94240057 0.05100095
vt 0.15716583 0.64857823
vt 0.62054151 0.66577414
vt 0.96167457 0.04855371
vt 0.16341013 0.62842268
vt 0.64110202 0.69533283
vt 0.66349083 0.70377880
vt 0.68884593 0.71301520
vt 0.71615422 0.71211666
vt 0.74413443 0.70451236
vt 0.76293629 0.68505138
vt 0.78141046 0.66388541
vt 0.81490171 0.67611802
vt 0.76953638 0.06106555
vt 0.80302167 0.04739070
vt 0.82332534 0.06871510
vt 0.84292585 0.08692259
vt 0.86935556 0.09352785
vt 0.89379323 0.09389907
vt 0.91744339 0.08570516
vt 0.94052541 0.07753950
vt 0.62215513 0.69255534
vt 0.95964670 0.07519090
vt 0.96545804 0.87974292
vt 0.94587719 0.87321711
vt 0.91519850 0.87030166
vt 0.88746476 0.86708337
vt 0.76253706 0.77049077
vt 0.78262484 0.72896302
vt 0.79274285 0.69317549
vt 0.79327512 0.07773328
vt 0.80305457 0.11476034
vt 0.82339191 0.15473735
vt 0.35607669 0.63618305
vt 0.33383736 0.63791862
vt 0.30332682 0.63984171
vt 0.27869287 0.64669290
vt 0.26419201 0.65793321
vt 0.97816253 0.88926774
vt 0.85054213 0.86114234
vt 0.79581410 0.77178127
vt 0.82057083 0.74552065
vt 0.83870834 0.71839046
vt 0.73564488 0.08490252
vt 0.84972006 0.69898158
vt 0.74725199 0.10400677
vt 0.76612198 0.13011765
vt 0.79040897 0.15489924
vt 0.39011899 0.63621894
vt 0.81595248 0.85870540
vt 0.83410430 0.77452743
vt 0.86061400 0.75562137
vt 0.87967288 0.73661727
vt 0.69441462 0.10376906
vt 0.89038652 0.71862006
vt 0.70602852 0.12357831
vt 0.72680509 0.14087832
vt 0.75234342 0.15733778
vt 0.42396960 0.63512114
vt 0.77506787 0.85688996
vt 0.88934338 0.78252393
vt 0.91000259 0.76552087
vt 0.92707694 0.75092614
vt 0.64940816 0.11934304
vt 0.93611020 0.73125243
vt 0.66184700 0.13835776
vt 0.68049133 0.15193182
vt 0.70350009 0.16379380
vt 0.89869595 0.78583336
vt 0.92999035 0.77392918
vt 0.94956815 0.76435411
vt 0.96220195 0.74737722
vt 0.62264174 0.13411939
vt 0.63801640 0.14885163
vt 0.66471171 0.15680963
vt 0.69685340 0.16821265
vt 0.73254883 0.85794240
vt 0.69108170 0.86312807
vt 0.66545546 0.87380987
vt 0.64808756 0.88926768
vt 0.58418262 0.65793318
vt 0.56698281 0.64373600
vt 0.53168851 0.63229561
vt 0.49626029 0.63056281
vt 0.46432564 0.63340995
vt 0.82694763 0.14026701
vt 0.83455300 0.12322283
vt 0.84059614 0.10528064
vt 0.81935030 0.08024359
vt 0.81345683 0.09174943
vt 0.80821276 0.10337746
vt 0.73332173 0.77402413
vt 0.72608054 0.75981790
vt 0.71907657 0.73681140
vt 0.69410986 0.73692501
vt 0.69931710 0.76071191
vt 0.70780456 0.77600962
vt 0.85137844 0.15515721
vt 0.85877258 0.14101720
vt 0.86608309 0.11807287
vt 0.75928950 0.75598013
vt 0.75216466 0.73940945
vt 0.74621797 0.72217971
vt 0.87261224 0.15680873
vt 0.88215017 0.14158022
vt 0.88815814 0.11782116
vt 0.77760237 0.71803606
vt 0.77255672 0.70699602
vt 0.76688504 0.69603950
vt 0.90377045 0.15876174
vt 0.90771031 0.13887954
vt 0.91236115 0.11221564
vt 0.78984022 0.68570971
vt 0.78677583 0.67832351
vt 0.78419888 0.67104405
vt 0.92710310 0.16068190
vt 0.93324614 0.13658398
vt 0.93792534 0.10748684
vt 0.65292418 0.77912098
vt 0.64727539 0.75475955
vt 0.64311641 0.72544986
vt 0.62442714 0.72420996
vt 0.95674050 0.10665631
vt 0.62882191 0.75535387
vt 0.95166719 0.13755202
vt 0.63469160 0.78168422
vt 0.94516009 0.16359526
vt 0.79573834 0.06996351
vt 0.79842734 0.06231415
vt 0.80059987 0.05479515
vt 0.67501938 0.77771378
vt 0.67161649 0.75752348
vt 0.66777414 0.73059088
vt 0.14062178 0.61588281
vt 0.12683034 0.60506862
vt 0.10817781 0.59875041
vt 0.08879101 0.59738046
vt 0.06880575 0.60007876
vt 0.04806828 0.60823172
vt 0.03352946 0.62148380
vt 0.02913237 0.63671970
vt 0.03660870 0.65108687
vt 0.05458605 0.66172153
vt 0.07611561 0.66718441
vt 0.09500825 0.66774094
vt 0.11233348 0.66417342
vt 0.12880224 0.65580052
vt 0.14183891 0.64350462
vt 0.14644641 0.62941051
vt 0.09131724 0.63245261
vt 0.97903180 0.88864070
vt 0.26314637 0.65723404
vt 0.96626800 0.87924910
vt 0.94685781 0.87280536
vt 0.91598475 0.86988437
vt 0.88816589 0.86663842
vt 0.35528573 0.63575456
vt 0.33309022 0.63749173
vt 0.30229303 0.63938621
vt 0.27774438 0.64617136
vt 0.85092962 0.86055452
vt 0.38955548 0.63564435
vt 0.42408094 0.63447776
vt 0.81585956 0.85804707
vt 0.77428800 0.85615969
vt 0.73143208 0.85730344
vt 0.68999344 0.86253738
vt 0.66442704 0.87307447
vt 0.58525997 0.65726185
vt 0.64694470 0.88845968
vt 0.56794190 0.64314204
vt 0.53268409 0.63176578
vt 0.49731559 0.62997130
vt 0.46526089 0.63274071
vt 0.91852713 0.39688814
vt 0.91410720 0.41444546
vt 0.89673948 0.42861581
vt 0.86014903 0.43773150
vt 0.83752537 0.44292754
vt 0.83569932 0.36294234
vt 0.85424495 0.36447191
vt 0.89025593 0.36897850
vt 0.91170239 0.38018245
vt 0.80048656 0.44885707
vt 0.79857373 0.36954039
vt 0.76472747 0.36885440
vt 0.76681054 0.45377409
vt 0.71800435 0.45944715
vt 0.67011487 0.45944715
vt 0.63181686 0.45075542
vt 0.61169851 0.43282211
vt 0.60592890 0.41152966
vt 0.61273235 0.38892627
vt 0.64377367 0.36565912
vt 0.68135822 0.35997725
vt 0.71575212 0.36336643
vt 0.06922030 0.82786720
vt 0.07055625 0.82413356
vt 0.23157845 0.80028753
vt 0.23178662 0.79861678
vt 0.23225765 0.79834677
vt 0.23221768 0.80138062
vt 0.23307313 0.80216451
vt 0.23386686 0.80276303
vt 0.14483248 0.74030483
vt 0.23318861 0.79658557
vt 0.23359410 0.79618508
vt 0.14455965 0.74688274
vt 0.23277818 0.79707578
vt 0.23237915 0.79777996
vt 0.20505626 0.80625290
vt 0.07453068 0.82135159
vt 0.07644717 0.82361902
vt 0.21175672 0.80150244
vt 0.07644717 0.82361902
vt 0.22090967 0.80947496
vt 0.22221455 0.80959299
vt 0.22344510 0.80989383
vt 0.22446914 0.81043297
vt 0.22524118 0.81104238
vt 0.22533868 0.81171128
vt 0.30822960 0.74229681
vt 0.30406860 0.73509017
vt 0.29864904 0.69999489
vt 0.30321124 0.68440187
vt 0.29826477 0.71395931
vt 0.30074504 0.72622606
vt 0.21848613 0.81018691
vt 0.21962692 0.80968960
vt 0.21814184 0.81114452
vt 0.30822960 0.67094362
vt 0.20546573 0.80397925
vt 0.07486092 0.82515758
vt 0.07553360 0.82487406
vt 0.07223377 0.83062167
vt 0.07247405 0.82897903
vt 0.07232684 0.83177187
vt 0.07281429 0.83238594
vt 0.07361199 0.83299048
vt 0.07346125 0.82716385
vt 0.07680166 0.83393511
vt 0.07889845 0.83074735
vt 0.07766280 0.82776073
vt 0.20935124 0.97134299
vt 0.20936789 0.97159018
vt 0.20911914 0.97141907
vt 0.20924790 0.97160698
vt 0.22098820 0.81310029
vt 0.21920545 0.81246267
vt 0.22501276 0.81274776
vt 0.22410557 0.81312062
vt 0.22255825 0.81331253
vt 0.30768409 0.74271169
vt 0.22526000 0.81173322
vt 0.30335954 0.73545051
vt 0.29695794 0.70048121
vt 0.30261943 0.68424445
vt 0.29651657 0.71454817
vt 0.30000195 0.72641304
vt 0.46257803 0.86356136
vt 0.46266165 0.86048676
vt 0.41999844 0.92929295
vt 0.41961646 0.92512225
vt 0.55825299 0.97932950
vt 0.46211019 0.85199235
vt 0.46200719 0.85016200
vt 0.55874199 0.97536603
vt 0.46255216 0.85616603
vt 0.55919141 0.97236463
vt 0.55910552 0.96832916
vt 0.46224993 0.86894709
vt 0.55845356 0.96395597
vt 0.42060477 0.94206563
vt 0.42021781 0.93477660
vt 0.57229465 0.82825796
vt 0.57487816 0.82363360
vt 0.57825953 0.82128911
vt 0.57251745 0.78017540
vt 0.58802199 0.81894849
vt 0.58240014 0.81957439
vt 0.57231337 0.78238502
vt 0.57817531 0.78479239
vt 0.58458823 0.78718093
vt 0.58957362 0.78922103
vt 0.54896355 0.82780799
vt 0.59231555 0.79094844
vt 0.51465529 0.71276170
vt 0.50854516 0.71295443
vt 0.51925123 0.71254802
vt 0.32001829 0.13475025
vt 0.55300897 0.91923469
vt 0.55878407 0.92605230
vt 0.55436176 0.83999075
vt 0.55889618 0.93139470
vt 0.55852252 0.93490300
vt 0.55652905 0.84043704
vt 0.55933005 0.83928277
vt 0.56263632 0.80859247
vt 0.56310576 0.80345346
vt 0.56365335 0.79969712
vt 0.56219083 0.81506985
vt 0.56189555 0.82038327
vt 0.56219137 0.82421005
vt 0.56428498 0.79682770
vt 0.56542283 0.83765568
vt 0.56570309 0.79315501
vt 0.56380785 0.83183461
vt 0.56220686 0.82774755
vt 0.38284475 0.46333885
vt 0.41150609 0.46119416
vt 0.44068062 0.46048629
vt 0.45487127 0.46122020
vt 0.36068830 0.46791625
vt 0.60182810 0.92477652
vt 0.32368904 0.47580278
vt 0.60201734 0.92029598
vt 0.60168135 0.92896387
vt 0.60165930 0.93222812
vt 0.60208571 0.93527916
vt 0.27829546 0.46136320
vt 0.24436933 0.45225257
vt 0.15708888 0.45173895
vt 0.20860320 0.44995695
vt 0.59312457 0.81874225
vt 0.05886068 0.84996195
vt 0.05303471 0.84945725
vt 0.04562760 0.84921665
vt 0.12932561 0.96159530
vt 0.13586432 0.96071579
vt 0.14009309 0.96011813
vt 0.06318656 0.85051203
vt 0.14345410 0.95958352
vt 0.12521298 0.96211135
vt 0.12060059 0.96259036
vt 0.03454315 0.84951994
vt 0.03938963 0.84927769
vt 0.28387487 0.84455840
vt 0.28530514 0.77616227
vt 0.28530514 0.84846990
vt 0.28276634 0.84049413
vt 0.28187102 0.83637185
vt 0.28111809 0.83174232
vt 0.28040722 0.82642955
vt 0.27975366 0.82112996
vt 0.27932912 0.81630217
vt 0.27911180 0.81199566
vt 0.27920157 0.80782251
vt 0.27956200 0.80343606
vt 0.28015000 0.79840143
vt 0.28091073 0.79319139
vt 0.28176579 0.78827749
vt 0.28275353 0.78388517
vt 0.28387377 0.77999297
vt 0.02001752 0.81071298
vt 0.02012511 0.74779177
vt 0.01990928 0.80712311
vt 0.01959917 0.80356677
vt 0.01922310 0.79998387
vt 0.01877918 0.79598628
vt 0.01832925 0.79142125
vt 0.01804166 0.78690498
vt 0.01789122 0.78282185
vt 0.01785778 0.77920698
vt 0.01791889 0.77566476
vt 0.01809055 0.77188599
vt 0.01842490 0.76756306
vt 0.01889664 0.76301353
vt 0.01936303 0.75869958
vt 0.01975854 0.75485553
vt 0.02004850 0.75132881
vt 0.53378469 0.90565393
vt 0.53405017 0.96277008
vt 0.53398645 0.90175023
vt 0.53381711 0.90915986
vt 0.53390145 0.91247130
vt 0.53380722 0.91614544
vt 0.53353113 0.92044733
vt 0.53313065 0.92472921
vt 0.53278369 0.92864329
vt 0.53254515 0.93220118
vt 0.53238720 0.93565459
vt 0.53245944 0.93921187
vt 0.53275353 0.94334245
vt 0.53289378 0.94770203
vt 0.53296119 0.95179961
vt 0.53310019 0.95551360
vt 0.53338057 0.95900253
vt 0.50682783 0.90557589
vt 0.50584722 0.95864625
vt 0.50809795 0.90860581
vt 0.50891715 0.91152675
vt 0.50940537 0.91441389
vt 0.50976527 0.91767381
vt 0.51029068 0.92151736
vt 0.51082438 0.92532258
vt 0.51118243 0.92878971
vt 0.51127112 0.93192044
vt 0.51103872 0.93498709
vt 0.51056445 0.93817956
vt 0.50975615 0.94181515
vt 0.50901562 0.94569911
vt 0.50849491 0.94934026
vt 0.50796783 0.95255609
vt 0.50715059 0.95555057
vt 0.52166355 0.94009472
vt 0.51538783 0.93890949
vt 0.52213550 0.92373993
vt 0.51571000 0.92476904
vt 0.51318538 0.93198133
vt 0.51323587 0.92870476
vt 0.51308787 0.93520452
vt 0.53078586 0.93561542
vt 0.53094745 0.93219019
vt 0.52806979 0.93942954
vt 0.53107023 0.92866188
vt 0.52863342 0.92448997
vt 0.40102011 0.83130769
vt 0.40136200 0.83358619
vt 0.40280157 0.81548755
vt 0.40235263 0.81742340
vt 0.40078795 0.82934709
vt 0.40332496 0.81361791
vt 0.40073735 0.82770114
vt 0.40309393 0.84237243
vt 0.40373152 0.84411082
vt 0.40395206 0.81200527
vt 0.40087134 0.82601444
vt 0.40259343 0.84045739
vt 0.40119451 0.82393339
vt 0.40215677 0.83831348
vt 0.40156430 0.82168868
vt 0.40174955 0.83597288
vt 0.40194917 0.81949255
vt 0.96230251 0.61494541
vt 0.62446326 0.34863770
vt 0.94439846 0.61188018
vt 0.92210788 0.60878181
vt 0.88456708 0.60484433
vt 0.86106741 0.60670936
vt 0.72078407 0.33967811
vt 0.70195830 0.33745611
vt 0.66604173 0.34154069
vt 0.64215434 0.34523034
vt 0.82360274 0.61062795
vt 0.75828874 0.34329760
vt 0.79137480 0.34309143
vt 0.79037726 0.61051214
vt 0.74215907 0.61308146
vt 0.69709712 0.61494541
vt 0.66038245 0.61220604
vt 0.63654190 0.60263997
vt 0.62054157 0.58843693
vt 0.96167457 0.32487881
vt 0.94371557 0.33735734
vt 0.90950119 0.34788269
vt 0.87348127 0.34863770
vt 0.84032845 0.34625888
vt 0.96804357 0.99522179
vt 0.64974272 0.94251722
vt 0.66250598 0.93312567
vt 0.68191558 0.92668200
vt 0.71278900 0.92376101
vt 0.74060816 0.92051518
vt 0.87590814 0.97374237
vt 0.89810449 0.97547901
vt 0.92889905 0.97737372
vt 0.95344609 0.98415905
vt 0.77784485 0.91443121
vt 0.84163684 0.97363234
vt 0.80710953 0.97246552
vt 0.81291521 0.91192383
vt 0.85448718 0.91003692
vt 0.89734346 0.91118079
vt 0.93878210 0.91641456
vt 0.96434844 0.92695159
vt 0.98183024 0.94233632
vt 0.64592749 0.99524963
vt 0.66324478 0.98112965
vt 0.69850135 0.96975285
vt 0.73387146 0.96795851
vt 0.76592767 0.97072822
vt 0.63909072 0.92565942
vt 0.98111445 0.97340709
vt 0.65373272 0.91640759
vt 0.67578691 0.90748787
vt 0.71301281 0.90180212
vt 0.74035448 0.90253294
vt 0.87457305 0.95727885
vt 0.89601910 0.95448387
vt 0.93321508 0.95579273
vt 0.96132314 0.96306694
vt 0.77779758 0.90357500
vt 0.84080738 0.96336818
vt 0.80760276 0.96286446
vt 0.81231898 0.90225124
vt 0.85438186 0.90065646
vt 0.89809555 0.90060723
vt 0.94210488 0.90463489
vt 0.97001821 0.91754693
vt 0.63909072 0.98616052
vt 0.98968405 0.93264520
vt 0.65868181 0.97230816
vt 0.69617605 0.95921260
vt 0.73401886 0.95755160
vt 0.76653451 0.96113932
vt 0.16845341 0.78441571
vt 0.16978933 0.78814930
vt 0.14254408 0.74278033
vt 0.14275222 0.74445105
vt 0.14322321 0.74472111
vt 0.14318331 0.74168724
vt 0.14403868 0.74090326
vt 0.14415424 0.74648231
vt 0.14374372 0.74599206
vt 0.14334470 0.74528784
vt 0.11602191 0.73681492
vt 0.17376383 0.79093124
vt 0.17568031 0.78866380
vt 0.17568031 0.78866380
vt 0.12272232 0.74156541
vt 0.13187531 0.73359287
vt 0.13318017 0.73347485
vt 0.13441072 0.73317403
vt 0.13543476 0.73263490
vt 0.13620676 0.73202550
vt 0.29225788 0.66966099
vt 0.13630430 0.73135662
vt 0.28809687 0.67686751
vt 0.28267726 0.71196267
vt 0.28723934 0.72755569
vt 0.28229299 0.69799826
vt 0.28477332 0.68573147
vt 0.12945175 0.73288095
vt 0.13059248 0.73337829
vt 0.29225788 0.74101433
vt 0.12910743 0.73192334
vt 0.11643136 0.73908854
vt 0.17409407 0.78712523
vt 0.17476670 0.78740878
vt 0.17146687 0.78166111
vt 0.17170715 0.78330383
vt 0.17155997 0.78051095
vt 0.17204744 0.77989690
vt 0.17284513 0.77929239
vt 0.17269436 0.78511895
vt 0.17603476 0.77834775
vt 0.17689590 0.78452209
vt 0.17813160 0.78153549
vt 0.21045806 0.97138850
vt 0.21041764 0.97163335
vt 0.21067561 0.97148404
vt 0.21053396 0.97165899
vt 0.13195382 0.72996753
vt 0.13017109 0.73060513
vt 0.13597834 0.73032010
vt 0.13507119 0.72994715
vt 0.13352382 0.72975534
vt 0.13622563 0.73133463
vt 0.29171237 0.66924611
vt 0.28738782 0.67650717
vt 0.28098610 0.71147633
vt 0.28664759 0.72771308
vt 0.28054479 0.69740939
vt 0.28403029 0.68554452
vt 0.46258101 0.83676311
vt 0.46266401 0.83983761
vt 0.41999844 0.95483830
vt 0.43899566 0.71929422
vt 0.41961646 0.95900900
vt 0.46211064 0.84833169
vt 0.43948466 0.72325772
vt 0.46255353 0.84415820
vt 0.43993407 0.72625908
vt 0.43984824 0.73029453
vt 0.43919635 0.73466775
vt 0.46225408 0.83137748
vt 0.42021781 0.94935466
vt 0.58508182 0.84027958
vt 0.58947122 0.83739184
vt 0.59131700 0.83371554
vt 0.57251745 0.80651703
vt 0.59312457 0.82384805
vt 0.59276348 0.82947427
vt 0.57231343 0.80430742
vt 0.57817531 0.80190004
vt 0.58458829 0.79951151
vt 0.58957368 0.79747140
vt 0.59231555 0.79574405
vt 0.54896355 0.74709043
vt 0.40508944 0.78080185
vt 0.39897931 0.78060915
vt 0.40968531 0.78101552
vt 0.58972490 0.13475060
vt 0.53873307 0.72966576
vt 0.54447764 0.72283453
vt 0.55436176 0.73490769
vt 0.54457045 0.71749732
vt 0.54418474 0.71399406
vt 0.55652899 0.73446137
vt 0.55933011 0.73561570
vt 0.56263626 0.76630591
vt 0.56310576 0.77144493
vt 0.56365335 0.77520131
vt 0.56219077 0.75982858
vt 0.56189549 0.75451517
vt 0.56219137 0.75068837
vt 0.56428498 0.77807067
vt 0.56542283 0.73724270
vt 0.56570303 0.78174336
vt 0.56380779 0.74306381
vt 0.56220686 0.74715090
vt 0.52689779 0.46333879
vt 0.49823642 0.46119428
vt 0.46906200 0.46048629
vt 0.54905427 0.46791655
vt 0.58754373 0.72403225
vt 0.58605313 0.47580278
vt 0.58772022 0.72852218
vt 0.58740276 0.71983892
vt 0.58737439 0.71657455
vt 0.58779061 0.71352017
vt 0.03604800 0.46137261
vt 0.06991979 0.45227170
vt 0.10558328 0.45009333
vt 0.23238513 0.96184503
vt 0.22655909 0.96234974
vt 0.21915197 0.96259036
vt 0.17576535 0.85096957
vt 0.18230411 0.85184903
vt 0.18653288 0.85244671
vt 0.18989392 0.85298139
vt 0.23671094 0.96129495
vt 0.17165275 0.85045345
vt 0.20806752 0.96228695
vt 0.16704039 0.84997442
vt 0.21291400 0.96252929
vt 0.28387481 0.88176589
vt 0.28530514 0.87785445
vt 0.28530514 0.95016201
vt 0.28276634 0.88583015
vt 0.28187102 0.88995241
vt 0.28111809 0.89458193
vt 0.28040722 0.89989468
vt 0.27975357 0.90519430
vt 0.27932912 0.91002209
vt 0.27911180 0.91432861
vt 0.27920157 0.91850172
vt 0.27956200 0.92288817
vt 0.28015000 0.92792282
vt 0.28091073 0.93313285
vt 0.28176579 0.93804673
vt 0.28275353 0.94243909
vt 0.28387377 0.94633134
vt 0.10531519 0.84378327
vt 0.10520764 0.78086221
vt 0.10509943 0.78445213
vt 0.10478934 0.78800850
vt 0.10441325 0.79159133
vt 0.10396937 0.79558890
vt 0.10351941 0.80015394
vt 0.10323181 0.80467016
vt 0.10308138 0.80875327
vt 0.10304793 0.81236814
vt 0.10310905 0.81591038
vt 0.10328063 0.81968911
vt 0.10361502 0.82401203
vt 0.10408681 0.82856153
vt 0.10455311 0.83287546
vt 0.10494862 0.83671954
vt 0.10523862 0.84024625
vt 0.49155486 0.79842679
vt 0.49175638 0.80233154
vt 0.49182057 0.74131155
vt 0.49158770 0.79491995
vt 0.49167234 0.79160757
vt 0.49157840 0.78793240
vt 0.49130249 0.78362919
vt 0.49090171 0.77934594
vt 0.49055403 0.77543093
vt 0.49031472 0.77187301
vt 0.49015635 0.76841997
vt 0.49022841 0.76486345
vt 0.49052256 0.76073374
vt 0.49066305 0.75637525
vt 0.49073082 0.75227875
vt 0.49087018 0.74856585
vt 0.49115074 0.74507794
vt 0.46362644 0.74543041
vt 0.46459097 0.79850204
vt 0.46586174 0.79547147
vt 0.46668148 0.79254982
vt 0.46717018 0.78966199
vt 0.46753061 0.78640129
vt 0.46805668 0.78255682
vt 0.46859115 0.77875079
vt 0.46894991 0.77528286
vt 0.46903962 0.77215146
vt 0.46880835 0.76908417
vt 0.46833575 0.76589175
vt 0.46752906 0.76225649
vt 0.46679014 0.75837331
vt 0.46627086 0.75473315
vt 0.46574485 0.75151837
vt 0.46492869 0.74852493
vt 0.47943413 0.76397990
vt 0.47315896 0.76516365
vt 0.47990423 0.78033535
vt 0.47347766 0.77930529
vt 0.47095418 0.77209117
vt 0.47100377 0.77536832
vt 0.47085774 0.76886757
vt 0.48855531 0.76845931
vt 0.48871714 0.77188419
vt 0.48583955 0.76464568
vt 0.48884034 0.77541263
vt 0.48640341 0.77958553
vt 0.45059431 0.77874313
vt 0.45093620 0.77646466
vt 0.45237553 0.79456362
vt 0.45192659 0.79262771
vt 0.45036209 0.78070363
vt 0.45289895 0.79643334
vt 0.45031145 0.78234959
vt 0.45266819 0.76767887
vt 0.45352602 0.79804620
vt 0.45330578 0.76594059
vt 0.45044541 0.78403628
vt 0.45216769 0.76959379
vt 0.45076853 0.78611743
vt 0.45173103 0.77173762
vt 0.45113832 0.78836219
vt 0.45132378 0.77407809
vt 0.45152313 0.79055847
vt 0.63652164 0.79198486
vt 0.94314003 0.17380708
vt 0.65442574 0.78891963
vt 0.67671633 0.78582126
vt 0.71425724 0.78188384
vt 0.73775697 0.78374887
vt 0.84681928 0.16484743
vt 0.86564511 0.16262543
vt 0.90156150 0.16671008
vt 0.92544901 0.17039967
vt 0.77522159 0.78766751
vt 0.80931461 0.16846693
vt 0.77622843 0.16826081
vt 0.80844712 0.78755170
vt 0.85666531 0.79012090
vt 0.90172726 0.79198486
vt 0.93844193 0.78924549
vt 0.96228242 0.77967942
vt 0.97828281 0.76547635
vt 0.60592890 0.15004838
vt 0.62388796 0.16252685
vt 0.65810227 0.17305207
vt 0.69412220 0.17380702
vt 0.72727501 0.17142826
vt 0.26314637 0.65723404
vt 0.97903180 0.88864070
vt 0.96626800 0.87924910
vt 0.94685781 0.87280536
vt 0.91598475 0.86988437
vt 0.88816589 0.86663842
vt 0.35528573 0.63575456
vt 0.33309022 0.63749173
vt 0.30229303 0.63938621
vt 0.27774438 0.64617136
vt 0.85092962 0.86055452
vt 0.38955548 0.63564435
vt 0.42408094 0.63447776
vt 0.81585956 0.85804707
vt 0.77428800 0.85615969
vt 0.73143208 0.85730344
vt 0.68999344 0.86253738
vt 0.66442704 0.87307447
vt 0.64694470 0.88845968
vt 0.58525997 0.65726185
vt 0.56794190 0.64314204
vt 0.53268409 0.63176578
vt 0.49731559 0.62997130
vt 0.46526089 0.63274071
vt 0.98968363 0.87178218
vt 0.25007531 0.63541839
vt 0.97504121 0.86253047
vt 0.95298648 0.85361105
vt 0.91576082 0.84792554
vt 0.88841951 0.84865642
vt 0.35662094 0.61929157
vt 0.33517554 0.61649618
vt 0.29797742 0.61780402
vt 0.26986751 0.62507805
vt 0.85097682 0.84969842
vt 0.39038488 0.62538072
vt 0.42358789 0.62487724
vt 0.81645578 0.84837461
vt 0.77439332 0.84677929
vt 0.73067999 0.84672982
vt 0.68667060 0.85075772
vt 0.65875721 0.86366969
vt 0.59209669 0.64817232
vt 0.63909072 0.87876832
vt 0.57250476 0.63432032
vt 0.53500932 0.62122571
vt 0.49716818 0.61956480
vt 0.46465412 0.62315235
vn 0.38277087 -0.67367917 -0.63217318
vn 0.45577320 -0.55673057 -0.69449407
vn 0.62896681 -0.61126578 -0.48036966
vn 0.68375456 -0.53491193 -0.49633548
vn 0.97231632 -0.04406996 -0.22947507
vn 0.70592982 -0.55480087 -0.44029444
vn 0.75462973 -0.56729990 -0.32970417
vn 0.79239231 -0.51100820 -0.33314413
vn -0.43618879 0.53653783 -0.72240329
vn 0.71876025 -0.61069137 -0.33232474
vn 0.81446338 -0.56786907 -0.11905505
vn 0.81446338 -0.56786907 -0.11905505
vn 0.83810860 -0.51528025 -0.17905408
vn 0.22407325 -0.94979340 0.21836610
vn 0.22407325 -0.94979340 0.21836610
vn 0.34443951 -0.93086565 0.12186309
vn 0.34443951 -0.93086565 0.12186309
vn 0.42988864 -0.90174067 0.04538154
vn 0.42988864 -0.90174067 0.04538154
vn 0.52560431 -0.85072702 -0.00189220
vn 0.52560431 -0.85072702 -0.00189220
vn 0.60806209 -0.79279411 -0.04168906
vn 0.60806209 -0.79279411 -0.04168906
vn 0.70666558 -0.67285061 -0.21885115
vn 0.70666558 -0.67285061 -0.21885115
vn 0.73599899 -0.49758372 -0.45903805
vn 0.73599899 -0.49758372 -0.45903805
vn 0.89241010 -0.14408083 0.42760360
vn 0.74597985 -0.12167990 0.65475810
vn 0.77305645 -0.20805076 0.59924841
vn 0.51503962 0.09228963 0.85218358
vn 0.56042337 -0.00796550 0.82816797
vn 0.59371877 -0.15522018 0.78955984
vn 0.36430392 0.14725362 0.91956455
vn 0.38258564 0.05987819 0.92197764
vn 0.39711893 -0.10816089 0.91137147
vn 0.19864821 0.20054039 0.95933437
vn 0.19556332 0.09183053 0.97638220
vn 0.17874937 -0.11313368 0.97736871
vn 0.85245585 -0.50704223 -0.12738620
vn 0.85245585 -0.50704223 -0.12738620
vn 0.37123117 -0.73092622 0.57265556
vn 0.56143498 -0.74061441 0.36916277
vn 0.63595176 -0.74084496 0.21613447
vn 0.63463676 -0.76290697 0.12332614
vn 0.65723282 -0.75358224 0.01260446
vn 0.77555078 -0.62966955 -0.04513771
vn 0.86829376 -0.48576960 -0.10046828
vn 0.89422172 -0.43838233 -0.09049036
vn 0.44094113 -0.36693209 0.81910431
vn 0.68145669 -0.43300223 0.59002203
vn 0.73985553 -0.55606669 0.37868690
vn 0.71796054 -0.64398235 0.26423389
vn 0.75095671 -0.65137237 0.10852646
vn 0.82144636 -0.56826168 0.04800621
vn 0.89191943 -0.45207879 0.01022388
vn 0.92024279 -0.39128557 0.00698888
vn 0.46145698 -0.04001125 0.88625991
vn 0.69452381 -0.21058197 0.68796217
vn 0.74666190 -0.41906458 0.51660520
vn 0.75326031 -0.52533811 0.39575082
vn 0.81614506 -0.54000705 0.20566905
vn 0.86458093 -0.48531768 0.13025631
vn 0.90249795 -0.42143223 0.08883983
vn 0.92700237 -0.37371254 0.03170986
vn 0.71143037 0.07422242 0.69882601
vn 0.71498144 -0.11627947 0.68940604
vn 0.91128111 -0.39824867 0.10471233
vn 0.94246352 -0.32502949 0.07822071
vn 0.84530580 -0.21491240 0.48915309
vn 0.85549033 -0.02801684 0.51706028
vn 0.65379018 0.13147829 0.74516571
vn 0.65359849 -0.10907549 0.74894029
vn 0.51787782 0.17359237 0.83765650
vn 0.51253378 -0.04724320 0.85736650
vn 0.39388528 0.24910055 0.88476175
vn 0.43486118 0.03735491 0.89972240
vn 0.44106373 0.33381921 0.83308315
vn 0.44106373 0.33381921 0.83308315
vn 0.75556523 0.00326556 0.65506530
vn 0.75556523 0.00326556 0.65506530
vn 0.66781700 -0.30906600 0.67712533
vn 0.87079054 -0.46324354 0.16470951
vn 0.78468049 -0.36656669 0.49990532
vn 0.61474973 -0.28666753 0.73478204
vn 0.51159537 -0.18082696 0.83998328
vn 0.44996783 -0.12567604 0.88415748
vn 0.46982038 -0.29735351 0.83117372
vn 0.46982038 -0.29735351 0.83117372
vn 0.64237028 -0.35884595 0.67719281
vn 0.81051528 -0.52144229 0.26676384
vn 0.71127665 -0.43065417 0.55553806
vn 0.61605918 -0.32118335 0.71924436
vn 0.55965865 -0.25620756 0.78812432
vn 0.40505081 -0.15219925 0.90153712
vn 0.38497332 -0.13340086 0.91323584
vn 0.59442234 -0.26353326 0.75974482
vn 0.69532436 -0.38720009 0.60547513
vn 0.72605193 -0.48791057 0.48455343
vn 0.67122197 -0.32579887 0.66582000
vn 0.72220951 -0.47552174 0.50228721
vn 0.67869329 -0.41149482 0.60831529
vn 0.67584348 -0.21399930 0.70529425
vn 0.60701936 -0.10770091 0.78735507
vn 0.40434831 0.03521911 0.91392672
vn 0.22999129 -0.37468192 0.89817452
vn 0.44702214 -0.41122252 0.79439741
vn 0.60974652 -0.41234720 0.67688918
vn 0.68250507 -0.44008961 0.58353072
vn 0.63205904 -0.42156598 0.65021813
vn 0.64316911 -0.42986795 0.63367748
vn 0.65799791 -0.30201980 0.68979913
vn 0.58203447 -0.11572936 0.80488670
vn 0.40617868 0.00973559 0.91374183
vn 0.20859499 -0.32194126 0.92349440
vn 0.38045216 -0.31578198 0.86921686
vn 0.43792018 -0.49230543 0.75223756
vn 0.26668045 -0.80709130 0.52676862
vn 0.39470914 -0.66404402 0.63501996
vn 0.40535960 -0.53470111 0.74147046
vn 0.30967879 -0.48928457 0.81529111
vn 0.32924050 0.76932657 0.54748285
vn 0.42010096 0.74897909 0.51239192
vn -0.79035127 -0.61010587 -0.05581930
vn -0.37431267 0.92676336 -0.03161744
vn -0.63341635 -0.76278532 -0.13016242
vn -0.52404332 -0.82862383 -0.19687867
vn -0.32589021 -0.90576607 -0.27089357
vn -0.08591043 0.97461802 -0.20673436
vn -0.13819298 0.98038280 -0.14054300
vn 0.38127783 -0.02490376 0.92412502
vn 0.25708872 -0.26984549 0.92794871
vn 0.98536146 0.11148529 0.12897258
vn 0.98536146 0.11148529 0.12897258
vn 0.97672474 -0.07562567 0.20072235
vn 0.90254420 -0.11295154 0.41551882
vn 0.78429163 -0.23054475 0.57596511
vn 0.63534206 -0.23862714 0.73443687
vn 0.40495941 -0.23209859 0.88438576
vn 0.20725740 -0.24851967 0.94619370
vn 0.21964602 -0.18970677 0.95695716
vn 0.33595514 0.05612478 0.94020432
vn 0.62576228 0.27387783 0.73035103
vn 0.62576228 0.27387783 0.73035103
vn 0.44863722 0.41253260 0.79280609
vn 0.44863722 0.41253260 0.79280609
vn 0.46359089 -0.44814807 0.76436031
vn 0.59743953 0.52355307 0.60741925
vn 0.88945997 0.04428378 0.45486248
vn 0.66483474 0.22932285 0.71091908
vn 0.58167577 -0.55472684 0.59492135
vn -0.58133709 0.73210388 0.35506490
vn -0.26151714 -0.94221246 0.20939071
vn 0.13223866 -0.87656552 0.46275902
vn 0.14994022 0.98643756 -0.06677575
vn 0.22849362 0.97336394 0.01879953
vn -0.00647012 -0.94894081 0.31538785
vn 0.06485234 -0.88757676 0.45607218
vn 0.88939828 -0.02139414 0.45663229
vn 0.92206138 -0.06967419 0.38072076
vn 0.90426916 -0.10101691 0.41484070
vn -0.73737407 0.28153950 -0.61401546
vn 0.91264480 -0.40715605 -0.03610416
vn 0.91264480 -0.40715605 -0.03610416
vn 0.99453813 0.05368211 0.08951087
vn 0.96150202 -0.25669554 0.09808816
vn 0.96150202 -0.25669554 0.09808816
vn 0.96150202 -0.25669554 0.09808816
vn 0.96931762 -0.16202599 0.18485427
vn 0.96931762 -0.16202599 0.18485427
vn 0.98288953 -0.07971518 0.16605297
vn 0.98288953 -0.07971518 0.16605297
vn 0.76238292 -0.53043306 0.37069273
vn 0.78352755 -0.55164027 0.28596789
vn 0.72453779 -0.66667241 0.17490843
vn 0.62256217 -0.78028560 0.05975669
vn 0.54482472 -0.83844781 -0.01309264
vn 0.54482472 -0.83844781 -0.01309264
vn 0.65683120 -0.09286949 0.74829680
vn 0.56497145 -0.13248385 0.81440490
vn 0.44106767 -0.16324875 0.88250160
vn 0.31364214 -0.22364208 0.92282873
vn 0.31751785 -0.24671414 0.91559523
vn 0.31751785 -0.24671414 0.91559523
vn 0.31401387 -0.22581285 0.92217344
vn 0.70865327 -0.01678550 0.70535719
vn 0.64761883 -0.09970644 0.75541288
vn 0.55175447 -0.13312425 0.82331336
vn 0.41176191 -0.17563666 0.89420575
vn 0.70852971 -0.01815882 0.70544732
vn 0.71325850 0.04626674 0.69937241
vn 0.71325850 0.04626674 0.69937241
vn 0.00552387 0.10763919 0.99417472
vn -0.01272651 0.23624912 0.97160918
vn 0.05334674 -0.10748696 0.99277425
vn 0.12580128 -0.17634150 0.97625697
vn 0.62260133 -0.45855811 0.63410729
vn 0.50677347 -0.45843089 0.73008347
vn 0.59650540 0.31053686 0.74010015
vn 0.65780658 0.17279859 0.73309696
vn 0.39174441 -0.46877486 0.79169846
vn 0.48360923 0.44466659 0.75391889
vn 0.38231379 -0.39171371 0.83689696
vn 0.42779213 0.51318580 0.74406600
vn 0.72428882 0.03891237 0.68839788
vn 0.75937283 -0.00534082 0.65063375
vn 0.46392044 0.31306466 0.82871491
vn 0.75442886 -0.18232031 0.63055241
vn 0.45406461 -0.10660356 0.88456833
vn 0.66999257 -0.44179893 0.59659338
vn -0.80125988 0.14908794 -0.57944393
vn -0.77250129 0.50979221 -0.37862083
vn -0.64868242 -0.73602796 -0.19358233
vn 0.82226354 0.01849429 0.56880629
vn 0.83253896 -0.21769494 0.50939947
vn 0.84712362 -0.36809301 -0.38326108
vn 0.93586642 -0.13800712 -0.32420376
vn 0.80470359 -0.35750365 -0.47396550
vn -0.31978038 0.05874950 -0.94566852
vn 0.73847628 -0.47018081 -0.48330414
vn -0.69418186 0.06634799 -0.71673530
vn -0.75194925 -0.04419102 -0.65773815
vn -0.22303413 0.53521478 -0.81473988
vn -0.54088902 -0.37822250 -0.75125676
vn -0.45559615 0.82631737 -0.33110684
vn 0.86272562 0.23805220 0.44613421
vn 0.42553338 0.05524029 0.90325511
vn 0.28080577 -0.48766389 0.82663900
vn 0.86833984 -0.39559332 -0.29915178
vn -0.69186670 0.68722785 0.22144620
vn -0.39375654 0.10999059 -0.91261053
vn -0.43996707 -0.24220163 -0.86473548
vn 0.82997131 0.50481910 -0.23728725
vn 0.61716062 -0.73130268 -0.29036030
vn 0.57087100 0.77803868 0.26222524
vn 0.89806962 0.34093440 0.27791145
vn 0.97807527 0.13907541 0.15500636
vn 0.49194542 0.59751266 0.63322061
vn 0.83018363 0.04583986 -0.55560225
vn 0.75122750 -0.36210904 -0.55184627
vn 0.85219496 -0.30559137 0.42470881
vn 0.90582204 0.18638326 0.38045749
vn 0.91439110 -0.36498123 0.17515071
vn 0.80412889 -0.06692936 0.59067523
vn 0.84720325 0.01495424 0.53105849
vn 0.74921030 -0.34150732 -0.56750035
vn 0.74921030 -0.34150732 -0.56750035
vn 0.25345886 -0.96277732 0.09390642
vn 0.61163914 0.27647516 0.74125504
vn 0.73085165 -0.30098382 0.61258847
vn 0.79712719 -0.42363504 0.43025762
vn 0.85625738 -0.50149775 0.12378743
vn 0.66058248 -0.10321506 0.74362457
vn 0.60767001 0.15393941 0.77912754
vn 0.96056950 -0.11930057 0.25114462
vn 0.65640306 -0.42128450 -0.62582296
vn 0.65640306 -0.42128450 -0.62582296
vn 0.77085239 0.44475538 0.45604745
vn 0.69508237 -0.40441436 -0.59439844
vn -0.72355193 0.43999702 0.53186011
vn -0.60379076 -0.49819452 -0.62228537
vn 0.66955864 -0.00485254 0.74274337
vn 0.62283957 -0.76869172 -0.14554693
vn -0.53631008 -0.20493498 0.81876326
vn -0.49956650 -0.85865384 -0.11466012
vn 0.52770489 -0.65701407 0.53838658
vn 0.60824162 0.14887118 0.77966630
vn -0.11988008 0.43618286 0.89183706
vn -0.25321838 0.12372512 0.95946479
vn 0.67099321 0.02133286 0.74115658
vn 0.73771572 -0.27726907 0.61554646
vn 0.60428464 0.70194679 0.37697598
vn 0.55181921 -0.67426252 0.49078065
vn 0.55407834 0.33098209 0.76383770
vn 0.42927891 0.52141547 0.73745883
vn 0.41381148 0.61044747 0.67536205
vn 0.66233629 0.01837280 0.74898136
vn 0.61688232 0.31214926 0.72250891
vn 0.34621507 -0.35219696 0.86953574
vn 0.97835594 -0.09164933 0.18552656
vn 0.97618401 -0.12933995 0.17417252
vn 0.97041583 -0.17078488 0.17066281
vn 0.77908957 -0.48998290 0.39107072
vn 0.86055946 -0.43267551 0.26875505
vn 0.95315289 -0.22669846 0.20026863
vn 0.91572195 -0.34147683 0.21177119
vn 0.14044932 -0.35960761 0.92247295
vn 0.20810948 0.77780879 0.59304643
vn -0.05896228 0.97019196 -0.23505561
vn 0.08359194 0.99232996 -0.09106913
vn 0.57870090 -0.35731620 0.73309642
vn 0.55019808 -0.52062511 0.65286422
vn -0.00112919 -0.97211409 -0.23450615
vn -0.37282500 -0.90447295 -0.20719621
vn 0.20579374 -0.92446947 -0.32094425
vn 0.30079502 -0.79978019 -0.51949394
vn 0.14600331 -0.98451519 0.09702016
vn 0.14600331 -0.98451519 0.09702016
vn 0.14600331 -0.98451519 0.09702016
vn 0.35038835 0.12125189 0.92872286
vn 0.35038835 0.12125189 0.92872286
vn 0.24714202 -0.04150570 0.96808994
vn 0.24714202 -0.04150570 0.96808994
vn 0.11737482 -0.15778154 0.98047346
vn 0.11737482 -0.15778154 0.98047346
vn 0.91656297 -0.39885995 0.02868837
vn 0.91656297 -0.39885995 0.02868837
vn 0.78681219 0.13147615 0.60302633
vn 0.78681219 0.13147615 0.60302633
vn 0.60568684 0.22071587 0.76447892
vn 0.60568684 0.22071587 0.76447892
vn -0.12979791 -0.69232672 0.70981419
vn -0.12979791 -0.69232672 0.70981419
vn 0.66873723 0.00866746 0.74344832
vn 0.66873723 0.00866746 0.74344832
vn 0.15860838 -0.09320569 0.98293239
vn 0.15860838 -0.09320569 0.98293239
vn 0.16108154 -0.07404013 0.98416001
vn 0.16388638 -0.05179054 0.98511881
vn 0.25996342 -0.01815899 0.96544766
vn 0.40064898 0.00088504 0.91623127
vn 0.50557983 0.01284855 0.86268413
vn 0.62258571 0.02346904 0.78219956
vn 0.71772140 0.03329651 0.69553393
vn 0.75437373 0.03537176 0.65549153
vn 0.74293011 0.02761992 0.66879892
vn 0.69810331 0.01522924 0.71583509
vn 0.69922775 0.01547329 0.71473157
vn 0.74536538 0.02850474 0.66604650
vn 0.75287414 0.03567676 0.65719694
vn 0.70645642 0.03192299 0.70703626
vn 0.59643769 0.02111932 0.80238158
vn 0.48760179 0.01110891 0.87299550
vn 0.36137372 -0.00415056 0.93241191
vn 0.21402770 -0.02502534 0.97650701
vn 0.55589771 -0.13272573 -0.82058614
vn 0.83159298 -0.17359443 -0.52755857
vn 0.92328042 -0.21540767 -0.31804526
vn 0.96339011 -0.24302198 -0.11322511
vn 0.94456476 -0.31950393 0.07559570
vn 0.55508590 0.11884234 -0.82325941
vn 0.83385706 0.16462284 -0.52686024
vn 0.93281859 0.22544514 -0.28111210
vn 0.97201020 0.23493780 -0.00061039
vn 0.92350900 0.20368470 0.32502878
vn 0.82622814 -0.44940194 -0.33968377
vn 0.75260603 -0.39305812 -0.52828914
vn 0.52804917 -0.33766830 -0.77919459
vn 0.85775900 -0.51121902 0.05389606
vn 0.85976166 -0.48684528 -0.15424500
vn 0.80104023 -0.57055843 -0.18110156
vn 0.86936098 -0.48677623 0.08520873
vn 0.45827067 -0.86484247 0.20502548
vn 0.55721754 -0.79844046 0.22803865
vn 0.67627376 -0.66815561 0.31019661
vn 0.74811363 -0.58443993 0.31425473
vn 0.29532856 0.10574698 0.94952548
vn 0.30586433 0.08972672 0.94783765
vn 0.66707981 0.12476084 0.73446530
vn 0.79365039 0.16736700 0.58489943
vn 0.69238371 -0.68768382 -0.21839371
vn 0.46291262 -0.88572329 -0.03473065
vn 0.34636262 -0.93770295 0.02731470
vn 0.48312607 -0.87301457 -0.06659388
vn 0.52990556 -0.84449792 -0.07761043
vn 0.96972394 0.01474088 0.24375859
vn 0.95548552 0.03677526 -0.29273722
vn 0.85803115 0.02502527 -0.51298761
vn 0.55849880 0.01406929 -0.82938606
vn 0.72495288 0.02621599 0.68829936
vn 0.25886363 0.00494411 0.96590132
vn 0.99756730 0.03790432 -0.05850450
vn 0.84721470 0.02209594 0.53079104
vn 0.35271013 -0.00524930 0.93571800
vn 0.40300110 0.03885046 0.91437459
vn 0.86968499 -0.08670603 0.48593220
vn 0.60732996 -0.22883216 0.76077998
vn 0.56436157 -0.42714712 0.70642865
vn 0.75229484 -0.07062110 0.65503061
vn 0.43798208 -0.39189798 0.80906594
vn 0.45012283 0.26316422 -0.85330772
vn 0.63006818 0.55792087 -0.54012823
vn 0.69017500 0.69005293 -0.21791147
vn 0.72077417 0.68793541 0.08502675
vn 0.67048180 0.60385782 0.43105671
vn 0.08047976 0.32771775 0.94134164
vn 0.26307625 0.28874299 0.92055327
vn 0.46337417 0.37468520 0.80305380
vn 0.57721412 0.49768046 0.64740878
vn 0.39555609 0.57744908 -0.71420443
vn 0.39961609 0.83921212 -0.36882243
vn 0.40215015 0.90617299 -0.13086589
vn 0.40838268 0.90527207 0.11707316
vn 0.39333469 0.83467633 0.38549119
vn 0.13086748 0.38359919 0.91418016
vn 0.20588419 0.43053785 0.87877691
vn 0.30827656 0.56988895 0.76170343
vn 0.37199700 0.69494981 0.61535609
vn 0.43120903 0.09143621 0.89760697
vn 0.31086394 0.06198358 0.94843113
vn 0.21302567 0.03695904 0.97634739
vn -0.90100807 -0.14920668 0.40733516
vn -0.44270602 0.09625637 0.89148533
vn -0.44725540 -0.86896646 0.21180160
vn -0.38319889 -0.90538222 0.18287095
vn -0.22910336 -0.96301544 0.14182007
vn 0.11954244 0.95539337 0.27006155
vn 0.03097682 0.83023971 0.55654508
vn 0.12647191 0.95973980 0.25080746
vn 0.02398802 0.98524821 -0.16944207
vn 0.06790408 0.93881601 -0.33765882
vn 0.10776338 0.86225963 -0.49486920
vn 0.14389803 0.75156575 -0.64377201
vn 0.17502715 0.61068761 -0.77228630
vn 0.19755185 0.45806512 -0.86668885
vn 0.21128568 0.30061591 -0.93004763
vn 0.22089958 0.11542446 -0.96844238
vn 0.07556405 0.98465198 -0.15732336
vn 0.15109986 0.93653840 -0.31633008
vn 0.22089824 0.85813987 -0.46346515
vn 0.28621429 0.74578083 -0.60157496
vn 0.34215572 0.60373962 -0.72001946
vn 0.38249516 0.45226169 -0.80570263
vn 0.40817258 0.29881993 -0.86261338
vn 0.42824203 0.10352030 -0.89771515
vn 0.10922828 0.98397011 -0.14096828
vn 0.21833238 0.93381804 -0.28339872
vn 0.31828713 0.85280448 -0.41402656
vn 0.41094723 0.73796546 -0.53528440
vn 0.48986036 0.59429634 -0.63784695
vn 0.54693079 0.44310522 -0.71029896
vn 0.58328235 0.29505932 -0.75678378
vn 0.61129600 0.08652142 -0.78665829
vn 0.13837302 0.98316872 -0.11929867
vn 0.27644232 0.93065047 -0.23972780
vn 0.40168917 0.84662348 -0.34910518
vn 0.51656431 0.72891545 -0.44926998
vn 0.61301017 0.58346754 -0.53271395
vn 0.67905807 0.43508548 -0.59125364
vn 0.71975911 0.29228008 -0.62969768
vn 0.75105220 0.07324658 -0.65616733
vn 0.16193467 0.98238122 -0.09329707
vn 0.32337835 0.92753059 -0.18738610
vn 0.46843824 0.84058851 -0.27198654
vn 0.60571563 0.71692783 -0.34514225
vn 0.71455801 0.57322121 -0.40102902
vn 0.78427726 0.43489575 -0.44246444
vn 0.83302790 0.29222357 -0.46975508
vn 0.87430346 0.05908445 -0.48177022
vn 0.17924111 0.98172128 -0.06399942
vn 0.35777870 0.92492038 -0.12851711
vn 0.51779538 0.83519912 -0.18528442
vn 0.67386842 0.70161057 -0.23161176
vn 0.78822374 0.56006086 -0.25501981
vn 0.86632419 0.42605102 -0.26069686
vn 0.92469180 0.28171986 -0.25608400
vn 0.96714056 0.05560525 -0.24808729
vn 0.18982835 0.98127818 -0.03253328
vn 0.37877536 0.92317909 -0.06534187
vn 0.54938298 0.83046836 -0.09219965
vn 0.71560788 0.68948370 -0.11188240
vn 0.83129007 0.54410160 -0.11362408
vn 0.91521186 0.39223367 -0.09241235
vn 0.96643889 0.24967429 -0.06048827
vn 0.99742454 0.05380514 -0.04742665
vn 0.19407277 0.98098463 0.00222792
vn 0.38637725 0.92233062 0.00433377
vn 0.56054199 0.82810187 0.00631743
vn 0.72706288 0.68653309 0.00720257
vn 0.84386438 0.53647196 0.00952209
vn 0.93261594 0.36019155 0.02212666
vn 0.97725779 0.20719539 0.04513801
vn 0.99659806 0.05591081 0.06054970
vn 0.18799581 0.98090470 0.04983720
vn 0.37017140 0.92364311 0.09928004
vn 0.53497195 0.83283979 0.14206710
vn 0.69122648 0.70181662 0.17221913
vn 0.80890971 0.55969048 0.18003240
vn 0.90944701 0.36571375 0.19788766
vn 0.95984894 0.18897286 0.20731470
vn 0.16306154 0.98227566 0.09244122
vn 0.32511917 0.92729002 0.18555565
vn 0.47076383 0.84017223 0.26924333
vn 0.60178369 0.72471625 0.33562306
vn 0.70752394 0.59924227 0.37459129
vn 0.81628817 0.41273716 0.40413085
vn 0.88511324 0.22455911 0.40761229
vn 0.90956765 0.13071430 0.39446238
vn 0.13840297 0.98316461 0.11929817
vn 0.27644232 0.93065047 0.23972780
vn 0.40166360 0.84663397 0.34910950
vn 0.50665486 0.73893911 0.44415087
vn 0.58652681 0.63004792 0.50894588
vn 0.67096674 0.48339507 0.56225699
vn 0.74354750 0.29329276 0.60092968
vn 0.10925844 0.98396683 0.14096780
vn 0.21833238 0.93381804 0.28339872
vn 0.31828713 0.85280448 0.41402656
vn 0.40258196 0.74372828 0.53366297
vn 0.44634965 0.63670057 0.62879598
vn 0.47304910 0.49392432 0.72956383
vn 0.48995227 0.30677712 0.81598687
vn 0.49700803 0.12290152 0.85899836
vn 0.07657289 0.98470473 0.15650289
vn 0.15333048 0.93658555 0.31511492
vn 0.22425605 0.85817313 0.46178803
vn 0.28828180 0.74774432 0.59814054
vn 0.31657922 0.61457211 0.72255021
vn 0.30448979 0.44603771 0.84162718
vn 0.28297019 0.26691729 0.92124003
vn 0.28874388 0.15134563 0.94536841
vn 0.05493421 0.98533654 0.16153708
vn 0.09152696 0.93828106 0.33354390
vn 0.12900513 0.86207902 0.49007913
vn 0.16770233 0.75284463 0.63647538
vn 0.19892611 0.59772450 0.77662981
vn 0.21330005 0.40566376 0.88878572
vn 0.22059345 0.24076669 0.94518250
vn 0.13541313 0.25199598 0.95820737
vn 0.11261757 0.39880046 0.91009647
vn -0.00405900 0.98526853 0.17096625
vn 0.02215701 0.94026917 0.33971035
vn 0.04876916 0.86502689 0.49934971
vn 0.07153769 0.75679183 0.64972949
vn 0.09308348 0.59841996 0.79575694
vn 0.49617979 -0.17566803 0.85026258
vn 0.32729214 -0.10123350 0.93948478
vn 0.10208514 -0.23749673 0.96600932
vn 0.18711327 -0.16288102 0.96874070
vn 0.15961504 -0.00387593 0.98717171
vn 0.25761393 0.06051989 0.96435076
vn 0.41088131 -0.09555592 0.90666729
vn 0.32176152 0.04806739 0.94559991
vn 0.94058388 -0.08945297 0.32756695
vn 0.68765467 -0.51665664 0.51009500
vn 0.53393424 -0.11005241 0.83833325
vn 0.62058538 -0.33339599 0.70973301
vn 0.85054290 -0.29561016 0.43496135
vn 0.97931379 -0.20142327 -0.01931832
vn 0.94341755 -0.30049461 0.14023690
vn 0.92846608 -0.32277486 0.18375827
vn 0.93155670 0.03186165 0.36219743
vn 0.60455292 -0.43770492 0.66553009
vn 0.66223896 -0.51766890 0.54171813
vn 0.35691956 0.02426260 0.93382001
vn 0.41976026 -0.12488434 0.89900231
vn 0.56958437 -0.29658794 0.76655680
vn 0.96026331 -0.24208012 0.13889392
vn 0.96456993 -0.19959778 0.17252694
vn 0.94949168 -0.16202796 0.26872405
vn 0.90113616 -0.23908629 0.36165079
vn 0.94759971 -0.24989361 0.19901760
vn 0.93743950 -0.30141142 0.17423630
vn 0.21494785 -0.25837690 -0.94182742
vn 0.40630692 -0.24730000 -0.87963480
vn 0.59641457 -0.23509268 -0.76747704
vn 0.74155122 -0.24262621 -0.62548727
vn 0.83177078 -0.24659529 -0.49734116
vn 0.94487709 -0.21748044 -0.24476467
vn 0.97377193 -0.22165999 -0.05133307
vn 0.94489837 -0.32279932 -0.05447639
vn 0.97792923 -0.20341100 -0.04773215
vn 0.99083263 -0.11707122 -0.06741667
vn 0.99446505 -0.09927865 0.03439503
vn 0.97948533 -0.20045055 -0.02069206
vn 0.22068122 -0.11343828 -0.96872675
vn 0.21723501 -0.02874900 -0.97569585
vn 0.42454764 -0.04275690 -0.90439546
vn 0.42556304 -0.11817126 -0.89717984
vn 0.60660887 -0.06631923 -0.79222953
vn 0.61083138 -0.13007061 -0.78100359
vn 0.95826399 -0.17322548 -0.22742710
vn 0.96355730 -0.12052097 -0.23881403
vn 0.85671383 -0.17600615 -0.48483333
vn 0.86735952 -0.10861831 -0.48568466
vn 0.74809831 -0.16309716 -0.64323270
vn 0.74557823 -0.09158740 -0.66009462
vn 0.96360987 -0.26682845 0.01608356
vn 0.99137712 -0.06811827 0.11194345
vn 0.98458892 -0.14856882 0.09226039
vn 0.97782964 -0.20566772 0.03936954
vn 0.15476148 -0.25257465 0.95512038
vn 0.17682961 -0.43709940 -0.88185906
vn 0.35268158 -0.39650738 -0.84758335
vn 0.56335914 -0.34767798 -0.74949753
vn 0.72398299 -0.30495059 -0.61875188
vn 0.81326091 -0.28004962 -0.51007730
vn 0.90759587 -0.24884956 -0.33814725
vn 0.96444243 -0.20811157 -0.16291238
vn 0.14075412 -0.54266024 -0.82807493
vn 0.32924169 -0.56423992 -0.75712162
vn 0.56088579 -0.55292028 -0.61618698
vn 0.66282278 -0.51547462 -0.54309475
vn 0.74345821 -0.46017495 -0.48529267
vn 0.84221613 -0.41817823 -0.34029245
vn 0.89421290 -0.37819406 -0.23948427
vn 0.20499414 -0.34455618 -0.91611046
vn 0.32957956 -0.48287874 -0.81129861
vn 0.69179714 -0.51646739 -0.50465661
vn 0.67224509 -0.46608827 -0.57519418
vn 0.70318925 -0.45290256 -0.54809147
vn 0.79381549 -0.51385897 -0.32527819
vn 0.82666767 -0.50524181 -0.24769208
vn 0.82212973 -0.47417888 -0.31505108
vn 0.01062061 0.05557507 -0.99839801
vn 0.73373425 -0.28144485 -0.61840355
vn 0.59051681 -0.01742649 -0.80683726
vn 0.77771211 -0.33286923 -0.53325605
vn 0.98517990 0.07376413 0.15485279
vn 0.77795219 0.11908398 0.61693555
vn 0.23078483 0.14878023 0.96156275
vn 0.13678618 0.14783405 0.97950739
vn 0.99875432 -0.00000000 -0.04989805
vn 0.99892491 0.00000000 0.04635871
vn 0.09607512 -0.92479920 0.36812514
vn 0.09607512 -0.92479920 0.36812514
vn -0.13465098 -0.82572907 -0.54775965
vn -0.13465098 -0.82572907 -0.54775965
vn -0.09653327 -0.90426314 -0.41592017
vn -0.09653327 -0.90426314 -0.41592017
vn 0.03476136 -0.90617579 -0.42147005
vn 0.03476136 -0.90617579 -0.42147005
vn 0.07407030 -0.93327963 -0.35142952
vn 0.07407030 -0.93327963 -0.35142952
vn 0.09500752 -0.90917891 0.40542239
vn 0.09500752 -0.90917891 0.40542239
vn 0.01757909 -0.97676873 -0.21357374
vn 0.01757909 -0.97676873 -0.21357374
vn 0.01757909 -0.97676873 -0.21357374
vn 0.01757909 -0.97676873 -0.21357374
vn 0.12759890 -0.98569471 -0.11011167
vn 0.12759890 -0.98569471 -0.11011167
vn 0.09936947 -0.97867942 0.17975619
vn 0.09936947 -0.97867942 0.17975619
vn 0.16938207 -0.96196800 0.21430646
vn 0.16938207 -0.96196800 0.21430646
vn 0.16727661 -0.95818573 0.23216075
vn 0.16727661 -0.95818573 0.23216075
vn 0.16727661 -0.95818573 0.23216075
vn 0.16727661 -0.95818573 0.23216075
vn 0.19218121 0.15662600 0.96877998
vn -0.13571678 0.28074172 -0.95013946
vn 0.07956287 0.31791577 -0.94477475
vn 0.40291503 0.34721738 -0.84681737
vn 0.60629457 0.32795942 -0.72446501
vn 0.46385440 0.24460775 0.85147291
vn 0.81925970 0.31923175 -0.47634506
vn 0.81925970 0.31923175 -0.47634506
vn 0.92531574 0.32680109 -0.19233286
vn 0.93717659 0.34013394 0.07751819
vn 0.87956822 0.34383121 0.32884619
vn 0.72495109 0.32386887 0.60791028
vn 0.72495109 0.32386887 0.60791028
vn -0.95116538 -0.06619642 0.30150047
vn -0.85604995 -0.06885023 0.51228714
vn -0.44893888 -0.02166870 0.89329976
vn 0.86722630 -0.01736528 0.49761137
vn 0.86722630 -0.01736528 0.49761137
vn 0.96954960 -0.01248216 0.24457711
vn 0.97428036 -0.21805643 0.05682590
vn 0.99056125 -0.00158700 -0.13706167
vn 0.86732674 0.04541265 -0.49566326
vn 0.86732674 0.04541265 -0.49566326
vn 0.52398276 0.00146492 0.85172760
vn 0.59848529 0.10040881 -0.79481661
vn 0.37380323 0.12970802 -0.91839373
vn 0.04580923 0.14359257 -0.98857611
vn 0.84267497 0.00790456 -0.53836465
vn 0.84267497 0.00790456 -0.53836465
vn 0.06625646 0.12207548 -0.99030685
vn -0.12589215 0.30745152 -0.94319916
vn 0.20469294 0.21433705 0.95507097
vn 0.97751474 -0.01580870 -0.21027403
vn 0.99528134 -0.01522891 0.09582924
vn 0.92826545 -0.01464911 0.37162971
vn 0.38127768 0.11020522 -0.91786820
vn 0.76460004 -0.01077331 0.64441508
vn 0.76460004 -0.01077331 0.64441508
vn 0.49355736 -0.00323504 0.86970723
vn 0.58181483 0.06665356 -0.81058544
vn -0.13687892 0.19886355 -0.97042125
vn 0.42916417 0.17240424 0.88661987
vn 0.72891480 0.26136434 0.63274950
vn 0.72891480 0.26136434 0.63274950
vn 0.65747249 0.23511897 -0.71585542
vn 0.45998392 0.23969702 -0.85496211
vn 0.18738756 0.10428392 0.97673476
vn 0.83899856 0.24888265 -0.48387912
vn 0.83899856 0.24888265 -0.48387912
vn 0.13025527 0.22535260 -0.96553087
vn 0.94120210 0.27018356 -0.20282844
vn 0.95563185 0.28324401 0.08087454
vn 0.89655316 0.28144512 0.34202507
vn 0.17459995 0.11557594 0.97783285
vn -0.11441547 0.02847416 -0.99302489
vn 0.16962355 0.02554425 -0.98517781
vn 0.48659185 0.05209560 -0.87207484
vn 0.67422998 0.09698999 -0.73212492
vn 0.39121950 0.14240035 0.90921372
vn 0.84470671 0.14807852 -0.51433778
vn 0.84470671 0.14807852 -0.51433778
vn 0.95644540 0.19330947 -0.21873207
vn 0.97536820 0.20331997 0.08554576
vn 0.91533762 0.19898646 0.35008794
vn 0.73771685 0.18732858 0.64859998
vn 0.73771685 0.18732858 0.64859998
vn -0.41595164 0.12165113 -0.90121323
vn 0.14777508 0.10532255 0.98339701
vn -0.19812840 -0.28211626 -0.93869889
vn 0.16550331 -0.14554402 -0.97541052
vn 0.45901436 -0.10855812 -0.88177145
vn 0.64407808 -0.03042768 -0.76435435
vn 0.38350236 0.16181198 0.90925407
vn 0.83162993 0.07205688 -0.55063552
vn 0.83162993 0.07205688 -0.55063552
vn 0.96262777 0.13510725 -0.23472100
vn 0.98530710 0.14536218 0.08966493
vn 0.92484313 0.14136331 0.35310304
vn 0.74872696 0.15061215 0.64554161
vn 0.74872696 0.15061215 0.64554161
vn -0.04611467 0.00421166 0.99892730
vn -0.47911936 -0.68054533 0.55434895
vn -0.68122125 -0.67786407 0.27647430
vn -0.87625152 -0.47955629 -0.04700036
vn -0.87625152 -0.47955629 -0.04700036
vn -0.82237005 -0.42775697 -0.37514189
vn -0.49630871 -0.46649113 -0.73216373
vn 0.00518821 0.07535113 0.99714357
vn -0.28883815 -0.17280236 -0.94165385
vn 0.14087588 -0.10605366 -0.98433053
vn 0.38682812 -0.04480187 -0.92106295
vn 0.55788851 0.02789442 -0.82944703
vn 0.41741320 0.16617788 0.89339310
vn 0.80466396 0.09228945 -0.58651406
vn 0.80466396 0.09228945 -0.58651406
vn 0.96690404 0.11221850 -0.22913691
vn 0.99061424 0.10699940 0.08505628
vn 0.93679172 0.12207744 0.32789999
vn 0.78909993 0.16062161 0.59289306
vn 0.78909993 0.16062161 0.59289306
vn -0.25880143 -0.06994963 0.96339452
vn -0.84623992 -0.18888412 0.49819750
vn -0.97664249 -0.08444642 0.19758081
vn -0.99867117 -0.04889134 -0.01629711
vn -0.99867117 -0.04889134 -0.01629711
vn -0.96317184 -0.10614422 -0.24704932
vn -0.74054527 -0.18610530 -0.64572257
vn -0.58770978 -0.19111173 0.78617656
vn -0.16318738 -0.29194888 -0.94240952
vn 0.20350279 -0.19254635 -0.95995444
vn -0.94858730 -0.23697896 0.20981720
vn -0.99284232 -0.11881026 -0.01217706
vn -0.99284232 -0.11881026 -0.01217706
vn 0.07074284 0.09686702 0.99278009
vn -0.10654051 -0.10733400 0.98849815
vn 0.81040728 0.05841378 -0.58294755
vn 0.81040728 0.05841378 -0.58294755
vn 0.96354216 0.11676525 -0.24073295
vn -0.70820576 -0.44122088 0.55115223
vn 0.98848397 0.12265638 0.08862755
vn -0.70509434 -0.27855241 -0.65211236
vn 0.92924684 0.12592198 0.34733835
vn 0.42861000 -0.13754950 -0.89295775
vn -0.94579911 -0.18049230 -0.26997542
vn 0.76962829 0.15418202 0.61959684
vn 0.76962829 0.15418202 0.61959684
vn 0.39955074 0.17691685 0.89947748
vn 0.59625810 -0.04913628 -0.80128759
vn -0.32081458 -0.36445659 0.87421358
vn -0.99790591 -0.04998991 -0.04104787
vn -0.99790591 -0.04998991 -0.04104787
vn -0.95476758 -0.01541228 -0.29695335
vn -0.82436383 0.04678649 -0.56412357
vn -0.68756610 -0.05081440 0.72434169
vn -0.65183872 -0.10626942 0.75087494
vn -0.61783737 -0.12412293 0.77644742
vn 0.82339108 0.09250522 -0.55988395
vn 0.82339108 0.09250522 -0.55988395
vn 0.84506923 0.04071226 -0.53310472
vn 0.84506923 0.04071226 -0.53310472
vn -0.77568078 -0.11136525 -0.62122220
vn -0.78070885 -0.07437503 -0.62045312
vn 0.50169474 0.03155620 0.86446893
vn 0.46551514 0.10456008 0.87884176
vn -0.95298910 -0.11093689 -0.28196588
vn -0.94442517 -0.10352205 -0.31200054
vn -0.99619687 -0.07443552 -0.04529000
vn -0.99619687 -0.07443552 -0.04529000
vn -0.99886346 -0.03769124 -0.02917637
vn -0.99886346 -0.03769124 -0.02917637
vn 0.55843329 0.08862665 -0.82480150
vn 0.58141625 0.06494430 -0.81101018
vn 0.36869642 0.07464874 -0.92654765
vn 0.35801747 0.07101753 -0.93101025
vn -0.84910417 -0.13162915 0.51156223
vn -0.83937770 -0.13233252 0.52719373
vn -0.38350126 0.01342834 -0.92344272
vn -0.35493380 -0.05081383 -0.93350953
vn 0.05652067 0.02261437 -0.99814528
vn 0.04892275 0.06277860 -0.99682772
vn -0.01721283 0.00494411 0.99983966
vn -0.00988829 0.04309340 0.99902213
vn -0.36482158 -0.04666322 0.92990738
vn -0.40181395 -0.05383562 0.91413748
vn 0.97735912 0.07553597 -0.19764483
vn 0.98652565 0.01370302 -0.16303232
vn 0.99516857 0.06122142 0.07675567
vn 0.99824756 0.00024415 0.05917644
vn 0.95504123 0.07596260 0.28657645
vn 0.96823174 0.00201429 0.25004640
vn -0.96811122 -0.06879111 0.24089092
vn -0.95322365 -0.09585950 0.28666294
vn 0.82653630 0.10535035 0.55293673
vn 0.82653630 0.10535035 0.55293673
vn 0.85151911 0.01702977 0.52404696
vn 0.85151911 0.01702977 0.52404696
vn -0.68524563 -0.69086111 0.23054136
vn -0.62814701 -0.67578757 0.38567168
vn -0.35045424 -0.66758132 0.65689951
vn 0.63405544 -0.68325150 0.36213428
vn 0.63405544 -0.68325150 0.36213428
vn 0.68817466 -0.70285434 0.18003203
vn 0.59354115 -0.67994153 0.43056756
vn 0.72372872 -0.68075794 -0.11307308
vn 0.67712748 -0.60256928 -0.42238444
vn 0.67712748 -0.60256928 -0.42238444
vn 0.39799929 -0.64572263 0.65164328
vn 0.48647645 -0.57583678 -0.65707892
vn 0.31014043 -0.54532468 -0.77873874
vn 0.03512736 -0.51674759 -0.85541683
vn -0.35024190 -0.51809919 -0.78032285
vn -0.05090598 -0.63711828 0.76908320
vn -0.74773920 -0.66262245 -0.04263465
vn -0.74773920 -0.66262245 -0.04263465
vn -0.71864218 -0.65381879 -0.23680064
vn -0.66891629 -0.56472433 -0.48336059
vn -0.52328384 -0.66306221 0.53527796
vn 0.66888344 -0.66396993 -0.33427387
vn 0.13272694 0.62243408 -0.77133608
vn 0.13272694 0.62243408 -0.77133608
vn 0.13272694 0.62243408 -0.77133608
vn 0.27461067 0.67312884 -0.68664885
vn 0.27461067 0.67312884 -0.68664885
vn 0.25425690 0.82277185 -0.50833070
vn 0.27625674 0.95850593 0.07034598
vn 0.27625674 0.95850593 0.07034598
vn 0.19037867 0.80103701 0.56753474
vn 0.08108824 0.50777048 0.85766762
vn 0.02105808 0.45506820 0.89020759
vn 0.32655245 0.71371549 -0.61965621
vn 0.19529212 0.44982192 0.87150520
vn 0.11987793 0.41658193 0.90115976
vn 0.46118405 0.88400483 0.07645199
vn 0.42186794 0.71689779 0.55505407
vn 0.42110690 0.77272117 -0.47494319
vn 0.15790513 0.59142709 -0.79074645
vn 0.22834551 0.84645313 -0.48101491
vn 0.25602311 0.96247476 0.08996974
vn 0.25602311 0.96247476 0.08996974
vn 0.19376667 0.78013283 0.59485054
vn 0.18384631 0.43260649 0.88263935
vn 0.19116990 0.46947101 -0.86200404
vn 0.32829416 0.82908243 -0.45259854
vn 0.39033791 0.91270089 0.12088573
vn 0.39033791 0.91270089 0.12088573
vn 0.29579335 0.72748923 0.61908466
vn 0.39309332 0.22694427 0.89105225
vn 0.30476454 0.26066431 -0.91606367
vn 0.52456486 0.70764977 -0.47335353
vn 0.60336781 0.78660613 0.13114171
vn 0.60336781 0.78660613 0.13114171
vn 0.45288000 0.60572201 0.65421760
vn 0.50774413 0.05914577 0.85947531
vn 0.34419626 0.50643671 0.79060155
vn 0.37536159 0.53629196 0.75597262
vn 0.11389608 0.51576734 0.84912407
vn 0.18976840 0.37675956 0.90666437
vn 0.27381510 0.22422194 0.93528062
vn 0.40264484 0.14777583 -0.90334904
vn 0.40264484 0.14777583 -0.90334904
vn 0.12979877 0.31761482 0.93929392
vn 0.69101137 0.49153915 -0.52999312
vn 0.69101137 0.49153915 -0.52999312
vn 0.82810557 0.55071735 0.10465003
vn 0.82810557 0.55071735 0.10465003
vn 0.82810557 0.55071735 0.10465003
vn 0.66251236 0.36464426 0.65430272
vn 0.66251236 0.36464426 0.65430272
vn 0.72867846 -0.10632920 0.67655146
vn 0.72867846 -0.10632920 0.67655146
vn 0.34925887 0.07330651 0.93415445
vn 0.34925887 0.07330651 0.93415445
vn 0.27118924 0.11725287 0.95535761
vn 0.06021451 -0.00668372 0.99816316
vn 0.41142792 -0.01214660 0.91136134
vn 0.13397773 -0.07818928 0.98789495
vn 0.53702420 -0.11957610 0.83504891
vn 0.16218022 -0.09277905 0.98238975
vn 0.02270662 0.30180877 -0.95309806
vn 0.14209674 0.24461026 -0.95915300
vn 0.48036787 0.07751808 -0.87363476
vn -0.04510775 -0.12772390 -0.99078345
vn -0.04510775 -0.12772390 -0.99078345
vn -0.00280775 0.17850606 -0.98393488
vn 0.00833181 0.13675761 -0.99056953
vn 0.14691901 0.06625699 -0.98692703
vn 0.49502125 -0.07202528 -0.86589044
vn -0.03006128 -0.04248254 -0.99864489
vn 0.02523951 -0.07266659 -0.99703687
vn 0.16599098 -0.13165750 -0.97729897
vn 0.53933787 -0.15574022 -0.82756257
vn 0.90789354 -0.10196558 -0.40661103
vn 0.90789354 -0.10196558 -0.40661103
vn -0.93618721 -0.19556928 -0.29207212
vn 0.99657464 0.00192271 -0.08267657
vn -0.99974036 0.00305190 0.02258404
vn 0.99930155 0.03680545 0.00646995
vn -0.88282746 0.03830153 0.46813324
vn 0.99088603 -0.02056970 0.13312322
vn 0.55029523 -0.09091727 0.83000553
vn 0.89777869 -0.16370413 0.40889415
vn 0.89777869 -0.16370413 0.40889415
vn 0.87972194 -0.08746862 -0.46737424
vn 0.87972194 -0.08746862 -0.46737424
vn 0.98950076 -0.04059083 -0.13871078
vn 0.99900597 -0.03994925 0.01977625
vn 0.95993900 -0.04599187 0.27640897
vn 0.83212501 -0.06723287 0.55049777
vn 0.83212501 -0.06723287 0.55049777
vn 0.15262586 -0.05517847 0.98674244
vn 0.01538180 -0.04757983 -0.99874908
vn 0.09717176 -0.05707010 -0.99363005
vn 0.25276235 -0.07285000 -0.96478194
vn 0.53985876 -0.06601359 -0.83916318
vn 0.53131443 -0.04031629 0.84621489
vn 0.85913199 -0.03769060 -0.51036429
vn 0.85913199 -0.03769060 -0.51036429
vn 0.98982549 -0.02578863 -0.13993001
vn 0.99932319 -0.03119070 0.01950182
vn 0.95493108 -0.03183104 0.29511613
vn 0.81628412 -0.03012197 0.57686472
vn 0.81628412 -0.03012197 0.57686472
vn 0.34086552 0.07071228 -0.93744892
vn 0.80178994 0.27787367 -0.52907389
vn 0.96100616 0.27366197 0.03970494
vn 0.79613972 0.12939902 0.59111547
vn -0.29823196 -0.01397772 0.95439112
vn 0.34598914 0.01120032 0.93817163
vn -0.56760216 -0.20448084 -0.79750568
vn -0.86551446 -0.28812838 -0.40971547
vn -0.99691224 -0.06592164 0.04266595
vn -0.79167461 -0.04407009 0.60935140
vn 0.24671569 0.01644975 -0.96894825
vn 0.73081368 0.13111064 -0.66986680
vn 0.99015558 0.10529024 -0.09222815
vn 0.89226300 0.04788482 0.44896978
vn -0.16599095 -0.04922659 0.98489791
vn 0.40792459 0.02865788 0.91256577
vn -0.52527308 -0.18522353 -0.83053023
vn -0.90007621 -0.16312584 -0.40404546
vn -0.97600371 -0.21149798 0.05182158
vn -0.77994323 -0.18485349 0.59792793
vn 0.28590813 -0.28413796 0.91516238
vn -0.35438535 -0.27381548 0.89411193
vn -0.86874402 -0.30491185 0.39027253
vn -0.89493352 -0.39012191 -0.21656147
vn 0.10782439 -0.51342475 -0.85133356
vn -0.48308659 -0.47554836 -0.73517418
vn 0.78587359 -0.27073726 0.55597126
vn 0.97312415 -0.21109891 0.09201434
vn 0.97312415 -0.21109891 0.09201434
vn 0.96207941 -0.23713222 -0.13480219
vn 0.65061218 -0.46960172 -0.59680653
vn 0.14694752 0.00244150 0.98914135
vn 0.03317447 0.03415109 -0.99886590
vn 0.11670585 0.04812895 -0.99199969
vn 0.29249763 0.05185241 -0.95485944
vn 0.54524851 0.04013220 -0.83731323
vn 0.52245176 0.01272635 0.85257387
vn 0.84754580 0.04852536 -0.52849925
vn 0.84754580 0.04852536 -0.52849925
vn 0.98534369 0.07431430 -0.15354221
vn 0.99587977 0.08789597 0.02230971
vn 0.94718122 0.06122069 0.31480134
vn 0.80805141 0.03122093 0.58828413
vn 0.80805141 0.03122093 0.58828413
vn 0.19581023 0.78894794 -0.58242553
vn -0.56481820 -0.07577908 0.82172859
vn -0.61709946 0.01425250 -0.78675604
vn -0.56338251 0.05563631 -0.82432073
vn -0.94369370 -0.32872564 0.03717276
vn -0.84264278 -0.18546687 -0.50552469
vn -0.82519388 -0.23033282 0.51575381
vn -0.14148581 0.98573124 0.09119060
vn -0.74240953 0.63724047 0.20676745
vn -0.75571358 0.56203943 -0.33616769
vn -0.52645499 0.83985591 0.13223939
vn -0.56841546 0.73996246 0.35966584
vn -0.38643053 0.92194587 0.02621575
vn 0.37344062 0.54819715 -0.74834615
vn 0.10913554 0.59313458 0.79767209
vn -0.02856574 0.80423540 0.59362411
vn 0.51794213 0.85533237 0.01193303
vn 0.40614474 0.76342881 0.50221801
vn 0.53320402 0.71183395 -0.45714974
vn 0.57455254 0.68347520 -0.45027879
vn 0.53256100 0.84639043 0.00140389
vn 0.41603681 0.46794981 -0.77970278
vn 0.18934041 0.50927204 0.83951902
vn 0.40050578 0.74436760 0.53433329
vn 0.09701981 0.46980903 0.87742043
vn 0.53930652 0.84169179 -0.02652127
vn 0.39919534 0.51297212 -0.75993603
vn 0.19684716 0.55596358 0.80756164
vn 0.41536546 0.74243903 0.52560055
vn 0.05090659 0.50393862 0.86223799
vn 0.54413503 0.69044626 -0.47665605
vn -0.04052914 0.63613659 0.77051133
vn 0.14084549 0.08948190 0.98597956
vn 0.00375379 0.22266413 -0.97488797
vn 0.11862996 0.26103473 -0.95801240
vn 0.33204794 0.25764236 -0.90739435
vn 0.57361084 0.21574117 -0.79020655
vn 0.51517010 0.10343077 0.85082418
vn 0.82676184 0.23838452 -0.50954658
vn 0.82676184 0.23838452 -0.50954658
vn 0.94960517 0.25300425 -0.18503797
vn 0.97398174 0.22364284 0.03665325
vn 0.91570145 0.17856851 0.36000586
vn 0.78376192 0.12683754 0.60797167
vn 0.78376192 0.12683754 0.60797167
vn 0.14987798 0.07345882 0.98597181
vn -0.05270689 0.16202715 -0.98537767
vn 0.10223968 0.16999251 -0.98012739
vn 0.37248558 0.15415198 -0.91514575
vn 0.59531450 0.13675813 -0.79176891
vn 0.52502739 0.07077478 0.84813750
vn 0.82573879 0.13431683 -0.54782712
vn 0.82573879 0.13431683 -0.54782712
vn 0.96926546 0.12744899 -0.21043123
vn 0.99236912 0.10626858 0.06253427
vn 0.91123354 0.08987817 0.40196452
vn 0.77353692 0.07391724 0.62942576
vn 0.77353692 0.07391724 0.62942576
vn 0.15915708 -0.07974640 0.98402727
vn -0.09729504 -0.11615588 -0.98845416
vn 0.07852594 -0.14740780 -0.98595369
vn 0.36863917 -0.21473178 -0.90443099
vn 0.55661964 -0.26686487 -0.78673869
vn 0.52698326 -0.19679087 0.82677805
vn 0.77161890 -0.33174455 -0.54272437
vn 0.77161890 -0.33174455 -0.54272437
vn 0.90436625 -0.37587065 -0.20209610
vn 0.92444837 -0.37037754 0.09064117
vn 0.85310239 -0.32399154 0.40895692
vn 0.73721665 -0.27888253 0.61541539
vn 0.73721665 -0.27888253 0.61541539
vn -0.10934935 -0.82684946 -0.55169076
vn 0.00805703 -0.86191875 0.50698233
vn -0.13147736 -0.80363548 0.58041698
vn -0.32350257 -0.74387282 0.58480716
vn -0.50857174 -0.65619308 0.55746353
vn -0.32185894 -0.82863557 -0.45800653
vn -0.72022682 -0.55288905 0.41903105
vn -0.72022682 -0.55288905 0.41903105
vn -0.88290960 -0.43797562 0.16925740
vn -0.86400318 -0.49658054 -0.08310422
vn -0.73498422 -0.59990805 -0.31608322
vn -0.60846066 -0.67465675 -0.41786847
vn -0.60846066 -0.67465675 -0.41786847
vn -0.95097446 -0.19327733 0.24143642
vn 0.44146305 -0.03415120 -0.89662933
vn -0.96444505 -0.21394134 -0.15516087
vn 0.98763776 0.01669410 0.15586248
vn 0.94287086 0.00219741 -0.33315134
vn -0.79264605 -0.13077500 0.59549165
vn -0.30479562 -0.03586011 0.95174241
vn -0.30479562 -0.03586011 0.95174241
vn -0.41481811 -0.12287062 -0.90157014
vn -0.41481811 -0.12287062 -0.90157014
vn -0.82703984 -0.19422422 -0.52752441
vn -0.38353536 -0.27320826 0.88218927
vn -0.85949159 -0.30247927 0.41204447
vn -0.91398817 -0.37602672 -0.15241274
vn 0.25767127 -0.28336820 0.92374671
vn 0.78904063 -0.27033812 0.55166310
vn 0.97171956 -0.21256363 0.10284846
vn 0.97171956 -0.21256363 0.10284846
vn 0.96510118 -0.23069285 -0.12393751
vn 0.76244867 -0.42274505 -0.48985571
vn 0.40435281 -0.04147600 -0.91366220
vn 0.91473556 0.02999983 -0.40293777
vn 0.97946131 0.03506687 0.19855969
vn -0.26331505 -0.12216621 -0.95694333
vn -0.26331505 -0.12216621 -0.95694333
vn -0.79020685 -0.16575053 -0.58999991
vn -0.97965342 -0.15650038 -0.12564589
vn -0.97028571 -0.16223818 0.17951186
vn -0.73816454 -0.20505758 0.64270091
vn 0.41747543 0.00210584 -0.90868586
vn 0.89703995 0.13623606 -0.42042738
vn 0.96751130 0.13904427 0.21116053
vn -0.27021784 -0.11484410 -0.95592529
vn -0.27021784 -0.11484410 -0.95592529
vn -0.76587772 -0.14401980 -0.62664944
vn -0.97950357 -0.11432374 -0.16583963
vn -0.96016496 -0.12662421 0.24909779
vn -0.72953153 -0.20490606 0.65253150
vn 0.40215409 0.06055048 -0.91356760
vn 0.89086467 0.19373791 -0.41088426
vn 0.95023614 0.22052950 0.22004120
vn -0.30537742 -0.04928888 -0.95095497
vn -0.30537742 -0.04928888 -0.95095497
vn -0.77032608 -0.08859620 -0.63146538
vn -0.97886127 -0.07040697 -0.19202454
vn -0.94669223 -0.07165807 0.31406865
vn -0.70368403 -0.09717353 0.70383668
vn 0.38729048 0.05353093 -0.92040235
vn 0.89363533 0.13626863 -0.42760578
vn 0.95829284 0.15726380 0.23862714
vn -0.29606506 -0.03189238 -0.95463520
vn -0.29606506 -0.03189238 -0.95463520
vn -0.76074415 -0.07852509 -0.64428413
vn -0.97413921 -0.09671503 -0.20420331
vn -0.93778622 -0.08688745 0.33616620
vn -0.69045699 -0.05038651 0.72161657
vn 0.39207649 0.01068162 -0.91987062
vn 0.90214825 0.06039755 -0.42717758
vn 0.96946299 0.07013240 0.23499544
vn -0.29786310 -0.05929795 -0.95276517
vn -0.29786310 -0.05929795 -0.95276517
vn -0.75947785 -0.10773384 -0.64155042
vn -0.97030091 -0.13233179 -0.20249574
vn -0.93711269 -0.12546311 0.32569748
vn -0.69595867 -0.08936007 0.71250004
vn 0.40700558 -0.05606398 -0.91170353
vn 0.91010541 -0.02230935 -0.41377583
vn 0.97612643 -0.01541220 0.21665588
vn -0.30098203 -0.12363397 -0.94558161
vn -0.30098203 -0.12363397 -0.94558161
vn -0.76608884 -0.17697990 -0.61788839
vn -0.96024138 -0.20359047 -0.19101675
vn -0.93248880 -0.19834538 0.30186707
vn -0.71094316 -0.16150723 0.68445253
vn 0.43278924 -0.07181109 -0.89863044
vn 0.92576206 -0.02264507 -0.37742794
vn 0.98224860 -0.01242116 0.18717200
vn -0.33189571 -0.15424377 -0.93062025
vn -0.33189571 -0.15424377 -0.93062025
vn -0.79191160 -0.20371550 -0.57565278
vn -0.96016741 -0.22047135 -0.17167102
vn -0.93785739 -0.21357387 0.27351373
vn -0.74305153 -0.18122315 0.64423031
vn 0.38695607 0.32610029 -0.86251009
vn 0.93170875 0.22303148 -0.28666320
vn 0.97055930 0.19763982 0.13767035
vn -0.23454081 0.45791155 0.85750079
vn -0.23454081 0.45791155 0.85750079
vn -0.52861750 0.25794554 -0.80871975
vn -0.52861750 0.25794554 -0.80871975
vn -0.89802599 0.10257487 -0.42781746
vn -0.99022847 0.03344913 -0.13538352
vn -0.98628467 0.09872918 0.13226964
vn -0.85975343 0.26600444 0.43596524
vn 0.97578323 0.14487357 0.16388689
vn -0.82193696 -0.05832176 0.56658471
vn -0.35313499 0.05774189 0.93378884
vn -0.35313499 0.05774189 0.93378884
vn -0.54589695 0.03595162 -0.83708072
vn -0.54589695 0.03595162 -0.83708072
vn -0.88053203 -0.07370321 -0.46822134
vn 0.94637126 0.14853716 -0.28691143
vn -0.98473704 -0.12378644 -0.12235203
vn 0.36976781 0.16638942 -0.91410416
vn -0.96337175 -0.11740769 0.24110237
vn -0.98836458 -0.03701980 -0.14752986
vn -0.93087125 0.07294129 -0.35799217
vn 0.04855611 0.66016167 0.74955249
vn 0.04855611 0.66016167 0.74955249
vn 0.46163061 0.33558708 -0.82114458
vn 0.94398385 0.14511794 -0.29637021
vn -0.99257988 0.11521044 -0.03888161
vn -0.48729703 0.31715354 -0.81360632
vn -0.48729703 0.31715354 -0.81360632
vn 0.98584712 0.11703940 0.12003023
vn -0.79553020 0.48734081 0.36004260
vn -0.97876453 -0.17966345 -0.09869741
vn 0.72621411 0.19492877 0.65925407
vn 0.51063752 0.24662095 -0.82366705
vn -0.98185420 -0.11646014 -0.14966470
vn -0.46056440 0.18564796 -0.86799496
vn -0.46056440 0.18564796 -0.86799496
vn 0.99403262 0.06109892 0.09036659
vn -0.99549997 0.00000000 0.09476156
vn -0.95821303 -0.04907496 -0.28181481
vn 0.95756179 0.09863716 -0.27082494
vn -0.98195475 -0.18485470 -0.03991909
vn -0.98438179 -0.17554377 -0.01330617
vn 0.66284394 -0.29045013 0.69012803
vn 0.18674593 -0.15985864 0.96931481
vn 0.55819780 0.06048923 -0.82750005
vn 0.59185833 -0.07077396 -0.80292892
vn -0.95805353 -0.23362322 -0.16599303
vn -0.96143645 -0.25297105 -0.10791478
vn -0.45077384 -0.04046893 -0.89172041
vn -0.45077384 -0.04046893 -0.89172041
vn -0.44384161 -0.21967764 -0.86876136
vn -0.44384161 -0.21967764 -0.86876136
vn 0.99619800 0.02966437 0.08191273
vn 0.99669778 0.04480226 0.06772222
vn -0.93822682 -0.34352618 -0.04147584
vn -0.94520164 -0.30051985 0.12759961
vn -0.95213574 -0.21058197 -0.22156888
vn -0.96355766 -0.13767290 -0.22935311
vn -0.58904725 -0.29856738 0.75092000
vn -0.58904725 -0.29856738 0.75092000
vn -0.28416628 -0.69691086 0.65845639
vn -0.28416628 -0.69691086 0.65845639
vn 0.97845036 0.02780313 -0.20460171
vn 0.97140396 0.05527075 -0.23091026
vn 0.13040988 0.60248572 0.78740346
vn 0.13040988 0.60248572 0.78740346
vn -0.69336510 0.38713571 0.60775882
vn 0.86541253 0.13263799 0.48318562
vn -0.98648590 -0.08578802 0.13959245
vn 0.01562558 -0.98041397 -0.19632694
vn 0.01562558 -0.98041397 -0.19632694
vn 0.86104035 -0.44732106 0.24189579
vn -0.80161422 -0.57232440 -0.17279905
vn 0.11655152 0.57653183 0.80871934
vn 0.11655152 0.57653183 0.80871934
vn -0.76693732 0.31263453 0.56041664
vn 0.94190562 0.19077380 0.27644041
vn -0.99326688 -0.09451691 0.06698890
vn 0.10233149 -0.76710474 -0.63330770
vn 0.10233149 -0.76710474 -0.63330770
vn 0.88119090 -0.36040533 -0.30595842
vn -0.77482134 -0.49880573 -0.38838729
vn 0.09616584 0.65961039 0.74543029
vn 0.09616584 0.65961039 0.74543029
vn -0.79069871 0.37761754 0.48187208
vn 0.94688922 0.24006414 0.21393971
vn -0.99866605 -0.03442518 0.03848418
vn 0.12317514 -0.62359703 -0.77198100
vn 0.12317514 -0.62359703 -0.77198100
vn 0.87947887 -0.26643476 -0.39437228
vn -0.78392524 -0.42843351 -0.44933939
vn 0.11002113 0.62310719 0.77435952
vn 0.11002113 0.62310719 0.77435952
vn -0.78128827 0.37132555 0.50170308
vn 0.95248652 0.20627543 0.22409831
vn -0.99916071 -0.02166847 0.03476111
vn 0.11612482 -0.66546685 -0.73733914
vn 0.11612482 -0.66546685 -0.73733914
vn 0.87791729 -0.30854982 -0.36613971
vn -0.77016717 -0.45016709 -0.45187619
vn 0.09061240 0.43972495 0.89354986
vn 0.09061240 0.43972495 0.89354986
vn -0.74543893 0.08200591 0.66151029
vn 0.95319837 0.15494472 0.25962472
vn -0.92742354 -0.30519399 0.21619944
vn 0.10461953 -0.85484046 -0.50823480
vn 0.10461953 -0.85484046 -0.50823480
vn 0.85336584 -0.43214577 -0.29157636
vn -0.68641227 -0.68738890 -0.23734954
vn 0.12616603 -0.80820733 0.57522434
vn 0.12616603 -0.80820733 0.57522434
vn 0.22562616 -0.10770116 0.96824235
vn 0.22562616 -0.10770116 0.96824235
vn -0.42085624 -0.41282976 0.80774486
vn 0.80048221 -0.31690902 0.50872076
vn -0.47901005 -0.71779788 0.50528771
vn 0.21964741 -0.97493899 -0.03534135
vn 0.21964741 -0.97493899 -0.03534135
vn 0.72903728 -0.67590374 0.10797612
vn -0.36296013 -0.91000968 0.20035595
vn -0.97444856 -0.20267823 -0.09680700
vn -0.97523439 -0.22034712 0.01910489
vn -0.74088585 -0.13208741 0.65851438
vn -0.74088585 -0.13208741 0.65851438
vn -0.05871940 -0.03698956 0.99758899
vn 0.75410366 0.03915638 0.65558708
vn 0.99593484 -0.05453791 0.07168973
vn 0.94897282 -0.31245846 0.04266624
vn 0.94897282 -0.31245846 0.04266624
vn -0.97942138 -0.20148760 0.01168884
vn -0.97942138 -0.20148760 0.01168884
vn -0.96717507 -0.21851547 0.12970541
vn 0.99736911 -0.06018396 0.04040749
vn 0.98017102 -0.19318375 0.04409961
vn -0.94005227 -0.33906823 0.03653148
vn -0.97665900 -0.20819847 -0.05282785
vn 0.99720901 0.04941029 -0.05597188
vn 0.97640240 0.04043801 -0.21213932
vn 0.97640240 0.04043801 -0.21213932
vn -0.42314440 -0.19580920 -0.88465106
vn -0.42314440 -0.19580920 -0.88465106
vn -0.93751740 -0.25825295 -0.23316623
vn 0.66576236 -0.02386551 -0.74578208
vn -0.38036191 -0.06814957 -0.92232341
vn -0.94953352 -0.16968490 -0.26380509
vn -0.89700758 -0.16165791 0.41139299
vn -0.89700758 -0.16165791 0.41139299
vn -0.35118893 -0.07355221 0.93341118
vn 0.56406677 0.02972627 0.82519394
vn 0.96251601 0.05279829 0.26603627
vn 0.96634066 0.07080537 -0.24733046
vn 0.53576589 0.05157758 -0.84278983
vn 0.53576589 0.05157758 -0.84278983
vn -0.54583418 -0.09961436 -0.83195084
vn -0.54583418 -0.09961436 -0.83195084
vn -0.95515722 -0.17865899 -0.23612653
vn -0.95626146 -0.17746975 0.23252659
vn -0.58126938 -0.12357239 0.80427343
vn 0.38108647 0.01123087 0.92447120
vn 0.38108647 0.01123087 0.92447120
vn 0.93953514 0.05884111 0.33735979
vn 0.95416141 0.05542341 -0.29411635
vn 0.41201037 0.02566672 -0.91081762
vn -0.45168489 -0.11176149 -0.88514984
vn -0.93511784 -0.19294436 -0.29719898
vn -0.95791048 -0.22260807 0.18125436
vn -0.46116892 -0.14728352 0.87500328
vn -0.46116892 -0.14728352 0.87500328
vn 0.53175545 0.02807708 0.84643239
vn 0.93502504 0.06238180 0.34905118
vn 0.98365039 0.05423184 -0.17172910
vn 0.55605561 0.01174980 -0.83106202
vn 0.55605561 0.01174980 -0.83106202
vn -0.45162106 -0.07889177 -0.88871509
vn -0.45162106 -0.07889177 -0.88871509
vn -0.92404079 -0.18107255 -0.33669180
vn -0.94065940 -0.18592231 0.28388858
vn -0.46484119 -0.07767190 0.88198054
vn 0.43779871 0.00338764 0.89906669
vn 0.43779871 0.00338764 0.89906669
vn 0.98360884 0.05487383 0.17176303
vn 0.91957510 0.08096754 -0.38448134
vn 0.45350975 0.03924721 -0.89038676
vn -0.33900505 -0.03048848 -0.94029039
vn -0.94624227 -0.08411042 -0.31233168
vn -0.94291568 -0.08475132 0.32206723
vn -0.94291568 -0.08475132 0.32206723
vn -0.42733240 -0.03903429 0.90325159
vn 0.50567693 0.05075387 0.86122876
vn 0.94313657 0.09625773 0.31816325
vn 0.96292925 0.09839262 -0.25116974
vn 0.53701633 0.05398851 -0.84184247
vn 0.53701633 0.05398851 -0.84184247
vn -0.49084601 -0.04443647 -0.87011248
vn -0.49084601 -0.04443647 -0.87011248
vn -0.97075313 -0.08588090 -0.22419368
vn -0.95976079 -0.08527002 0.26755986
vn -0.55895203 -0.05084434 0.82763970
vn 0.36012170 0.03714136 0.93216574
vn 0.36012170 0.03714136 0.93216574
vn 0.93266076 0.09637901 0.34764197
vn 0.93991846 0.09704983 -0.32731426
vn 0.42632201 0.04361187 -0.90351951
vn -0.39839160 -0.03601211 -0.91650820
vn -0.94265646 -0.08377608 -0.32307965
vn -0.95337981 -0.08465942 0.28965485
vn -0.42119357 -0.03805727 0.90617192
vn -0.42119357 -0.03805727 0.90617192
vn 0.48390678 0.04886067 0.87375450
vn 0.92980260 0.09525090 0.35551992
vn 0.97244185 0.09979866 -0.21070641
vn 0.52453917 0.05316502 -0.84972477
vn 0.52453917 0.05316502 -0.84972477
vn -0.44085485 -0.04049945 -0.89666432
vn -0.44085485 -0.04049945 -0.89666432
vn -0.93324310 -0.08411059 -0.34926042
vn -0.95362550 -0.08563616 0.28855661
vn -0.45133984 -0.04147480 0.89138782
vn 0.45870030 0.04657196 0.88736981
vn 0.45870030 0.04657196 0.88736981
vn 0.97198558 0.09879168 0.21327040
vn 0.92324775 0.09329835 -0.37270510
vn 0.45097971 0.04498505 -0.89139980
vn -0.37611458 -0.01623604 -0.92643088
vn -0.95384264 -0.02530030 -0.29923937
vn -0.94855917 -0.02667355 0.31547427
vn -0.94855917 -0.02667355 0.31547427
vn -0.45779192 -0.02197401 0.88878775
vn 0.50098062 0.03116060 0.86489737
vn 0.94487745 0.08087613 0.31727859
vn 0.96461689 0.08371387 -0.25001240
vn 0.53350776 0.03479199 -0.84507930
vn 0.53350776 0.03479199 -0.84507930
vn -0.52349842 -0.01544279 -0.85188663
vn -0.52349842 -0.01544279 -0.85188663
vn -0.97620302 -0.01443537 -0.21637790
vn -0.96473175 -0.01406919 0.26285893
vn -0.58962733 -0.01812829 0.80747205
vn 0.35984778 0.02459819 0.93268669
vn 0.35984778 0.02459819 0.93268669
vn 0.93573153 0.08169836 0.34312087
vn 0.94245762 0.08224872 -0.32405084
vn 0.42583638 0.02856611 -0.90434915
vn -0.43376252 -0.01779241 -0.90085149
vn -0.94955021 -0.02310319 -0.31276286
vn -0.95971495 -0.02282856 0.28004658
vn -0.45686960 -0.01785362 0.88935447
vn -0.45686960 -0.01785362 0.88935447
vn 0.48284656 0.03222843 0.87511170
vn 0.93136352 0.08163966 0.35481969
vn 0.97402412 0.08679695 -0.20914890
vn 0.52370375 0.03668367 -0.85111022
vn 0.52370375 0.03668367 -0.85111022
vn -0.46834612 -0.02148545 -0.88328385
vn -0.46834612 -0.02148545 -0.88328385
vn -0.93960273 -0.02612466 -0.34126860
vn -0.96020341 -0.02627726 0.27806285
vn -0.47637370 -0.02139394 0.87898260
vn 0.46001670 0.02893225 0.88743883
vn 0.46001670 0.02893225 0.88743883
vn 0.97410464 0.07654160 0.21274778
vn 0.92530227 0.06976619 -0.37275776
vn 0.44438571 0.02392682 -0.89551604
vn -0.37849978 -0.07489425 -0.92256641
vn -0.94163764 -0.16254495 -0.29478440
vn -0.93654358 -0.15638053 0.31373766
vn -0.93654358 -0.15638053 0.31373766
vn -0.46191132 -0.08218879 0.88310981
vn 0.49596369 0.03302151 0.86771518
vn 0.94590688 0.06427308 0.31800833
vn 0.96583986 0.06518893 -0.25080645
vn 0.52858663 0.03592069 -0.84811902
vn 0.52858663 0.03592069 -0.84811902
vn -0.52670002 -0.09070301 -0.84519821
vn -0.52670002 -0.09070301 -0.84519821
vn -0.96337223 -0.16144709 -0.21412341
vn -0.95198947 -0.15873104 0.26176432
vn -0.59176904 -0.09778380 0.80015481
vn 0.35030329 0.01248249 0.93655312
vn 0.35030329 0.01248249 0.93655312
vn 0.93721658 0.04980746 0.34517303
vn 0.94405103 0.05105866 -0.32582319
vn 0.41698283 0.01941017 -0.90870708
vn -0.43590990 -0.08179224 -0.89626592
vn -0.93662238 -0.16278733 -0.31022373
vn -0.94643712 -0.16443853 0.27787915
vn -0.45860958 -0.08499552 0.88456374
vn -0.45860958 -0.08499552 0.88456374
vn 0.47713825 0.03006148 0.87831396
vn 0.93263751 0.06088589 0.35564071
vn 0.97573298 0.06271719 -0.20978978
vn 0.51855201 0.03201466 -0.85444653
vn 0.51855201 0.03201466 -0.85444653
vn -0.47215953 -0.07995979 -0.87787914
vn -0.47215953 -0.07995979 -0.87787914
vn -0.92867035 -0.15055147 -0.33897734
vn -0.94886446 -0.15479207 0.27512828
vn -0.47885382 -0.08072456 0.87417531
vn 0.45098591 0.02295063 0.89223599
vn 0.45098591 0.02295063 0.89223599
vn 0.97488981 0.06469968 0.21308166
vn 0.92489743 0.06564772 -0.37450638
vn 0.43623704 0.02813842 -0.89939177
vn -0.37849683 -0.01797570 -0.92542803
vn -0.95399481 -0.02673468 -0.29862884
vn -0.94864082 -0.02798647 0.31511492
vn -0.94864082 -0.02798647 0.31511492
vn -0.45989275 -0.02404907 0.88764882
vn 0.49948081 0.03170968 0.86574441
vn 0.94439590 0.08517996 0.31758606
vn 0.96415150 0.08822999 -0.25025457
vn 0.53204393 0.03564661 -0.84596604
vn 0.53204393 0.03564661 -0.84596604
vn -0.52640331 -0.02230988 -0.84994233
vn -0.52640331 -0.02230988 -0.84994233
vn -0.97613144 -0.02304212 -0.21595502
vn -0.96464205 -0.02233985 0.26261529
vn -0.59222519 -0.02542250 0.80537134
vn 0.35664293 0.02499491 0.93390638
vn 0.35664293 0.02499491 0.93390638
vn 0.93462110 0.09021486 0.34401280
vn 0.94139862 0.09100857 -0.32478648
vn 0.42268306 0.02963359 -0.90579295
vn -0.43605870 -0.01950179 -0.89970684
vn -0.94969380 -0.02423218 -0.31224105
vn -0.95983106 -0.02392711 0.27955654
vn -0.45913762 -0.01944102 0.88815242
vn -0.45913762 -0.01944102 0.88815242
vn 0.48143500 0.03299088 0.87586075
vn 0.93085462 0.08603255 0.35511699
vn 0.97354460 0.09152828 -0.20936444
vn 0.52227455 0.03772169 -0.85194272
vn 0.52227455 0.03772169 -0.85194272
vn -0.47009319 -0.02508710 -0.88226020
vn -0.47009319 -0.02508710 -0.88226020
vn -0.93967438 -0.02905391 -0.34083414
vn -0.96026504 -0.02932923 0.27754417
vn -0.47793365 -0.02490382 0.87804288
vn 0.45861179 0.02786401 0.88819981
vn 0.45861179 0.02786401 0.88819981
vn 0.97379190 0.07928768 0.21317339
vn 0.92496520 0.07223811 -0.37312341
vn 0.44277152 0.02270623 -0.89634687
vn -0.31007722 -0.41897044 -0.85341430
vn -0.83422059 -0.46881041 -0.29033223
vn -0.84148562 -0.44906497 0.30040413
vn -0.84148562 -0.44906497 0.30040413
vn -0.38225469 -0.41478831 0.82573116
vn 0.47530982 -0.28309834 0.83302814
vn 0.93609303 -0.12372591 0.32927451
vn 0.95964491 -0.10907553 -0.25919935
vn 0.50621963 -0.26563787 -0.82047439
vn 0.50621963 -0.26563787 -0.82047439
vn -0.44151962 -0.42992237 -0.78754497
vn -0.44151962 -0.42992237 -0.78754497
vn -0.85829151 -0.46956846 -0.20698123
vn -0.84919798 -0.46612042 0.24818249
vn -0.50286967 -0.43023333 0.74968088
vn 0.34743264 -0.31245741 0.88411593
vn 0.34743264 -0.31245741 0.88411593
vn 0.91865337 -0.17893308 0.35222018
vn 0.92931777 -0.16425577 -0.33073947
vn 0.40657473 -0.30201647 -0.86225462
vn -0.36501125 -0.41173637 -0.83500898
vn -0.83439159 -0.46437833 -0.29688960
vn -0.84605396 -0.46242732 0.26524261
vn -0.38826880 -0.40798435 0.82631481
vn -0.38826880 -0.40798435 0.82631481
vn 0.46292457 -0.26353863 0.84631449
vn 0.92257994 -0.13016653 0.36318445
vn 0.96849287 -0.12051989 -0.21793681
vn 0.49935564 -0.26405239 -0.82517898
vn 0.49935564 -0.26405239 -0.82517898
vn -0.41118768 -0.37859300 -0.82921171
vn -0.41118768 -0.37859300 -0.82921171
vn -0.84214610 -0.43120542 -0.32380846
vn -0.86103225 -0.43459040 0.26411131
vn -0.41887853 -0.37816563 0.82554930
vn 0.43935668 -0.24568082 0.86406398
vn 0.43935668 -0.24568082 0.86406398
vn 0.96823931 -0.09289920 0.23212594
vn 0.92086703 -0.07117165 -0.38332582
vn 0.42000550 -0.23072532 -0.87770230
vn -0.06088478 -0.87210190 -0.48552176
vn -0.39995611 -0.90608895 -0.13797799
vn -0.42446539 -0.88857567 0.17396124
vn -0.42446539 -0.88857567 0.17396124
vn -0.13345933 -0.87430680 0.46666518
vn 0.44475850 -0.74540466 0.49654984
vn 0.74821448 -0.63108087 0.20472436
vn 0.76776314 -0.61901420 -0.16541226
vn 0.47432968 -0.72617429 -0.49767691
vn 0.47432968 -0.72617429 -0.49767691
vn -0.15116084 -0.88364840 -0.44307551
vn -0.15116084 -0.88364840 -0.44307551
vn -0.40809941 -0.90641278 -0.10895265
vn -0.40728328 -0.90270686 0.13871130
vn -0.19510789 -0.88328052 0.42631972
vn 0.33293748 -0.78786147 0.51809943
vn 0.33293748 -0.78786147 0.51809943
vn 0.70214468 -0.68377239 0.19861598
vn 0.70961231 -0.67643744 -0.19718745
vn 0.38193986 -0.77340156 -0.50593680
vn -0.10403974 -0.86622465 -0.48870292
vn -0.39800212 -0.90291333 -0.16230160
vn -0.40801230 -0.90080714 0.14856786
vn -0.12033547 -0.86142260 0.49342731
vn -0.12033547 -0.86142260 0.49342731
vn 0.42754620 -0.73655510 0.52410954
vn 0.73020017 -0.64270192 0.23182313
vn 0.76439846 -0.63084388 -0.13315780
vn 0.46120664 -0.73139340 -0.50234658
vn 0.46120664 -0.73139340 -0.50234658
vn -0.15836348 -0.82966107 -0.53533506
vn -0.15836348 -0.82966107 -0.53533506
vn -0.44725668 -0.87137991 -0.20163935
vn -0.45699793 -0.87419862 0.16410297
vn -0.16571800 -0.82944453 0.53344101
vn 0.42897227 -0.70644915 0.56294978
vn 0.42897227 -0.70644915 0.56294978
vn 0.80429190 -0.57894117 0.13394691
vn 0.77995270 -0.56262434 -0.27409437
vn 0.43813685 -0.67765325 -0.59061182
vn 0.12012216 -0.99274749 0.00482198
vn 0.12012216 -0.99274749 0.00482198
vn 0.45221049 0.04553540 -0.89074808
vn 0.92323196 0.09299157 -0.37282079
vn 0.97204489 0.09787592 0.21342261
vn 0.45919228 0.04623663 0.88713282
vn 0.45919228 0.04623663 0.88713282
vn 0.52498740 0.05288938 -0.84946519
vn 0.52498740 0.05288938 -0.84946519
vn 0.97257274 0.09793479 -0.21097639
vn 0.92987216 0.09363424 0.35576734
vn 0.10492610 -0.99447846 0.00180065
vn 0.10492610 -0.99447846 0.00180065
vn 0.48437488 0.04880067 0.87349844
vn -0.41579005 -0.04205510 0.90848774
vn -0.41579005 -0.04205510 0.90848774
vn -0.95184201 -0.09586174 0.29121703
vn -0.94103789 -0.09476301 -0.32475787
vn -0.39305514 -0.03976635 -0.91865462
vn -0.33357182 -0.03378445 -0.94211912
vn 0.53771734 0.05417154 -0.84138310
vn 0.53771734 0.05417154 -0.84138310
vn 0.12213650 -0.99250400 0.00430316
vn 0.12213650 -0.99250400 0.00430316
vn 0.96300662 0.09699040 -0.25141814
vn 0.94318563 0.09497472 0.31840336
vn 0.50651830 0.05102721 0.86071801
vn -0.42250767 -0.04272687 0.90535176
vn -0.94155425 -0.09485432 0.32323104
vn -0.94155425 -0.09485432 0.32323104
vn -0.94450557 -0.09506703 -0.31443843
vn 0.93998975 0.09467040 -0.32780617
vn 0.12500766 -0.99209565 -0.01092596
vn 0.12500766 -0.99209565 -0.01092596
vn 0.93268609 0.09390645 0.34825042
vn 0.36086175 0.03634864 0.93191081
vn 0.36086175 0.03634864 0.93191081
vn -0.55400765 -0.05594095 0.83063000
vn -0.95844859 -0.09659258 0.26841444
vn -0.96934110 -0.09759942 -0.22550412
vn 0.42702514 0.04300160 -0.90321678
vn -0.48564586 -0.04907425 -0.87277704
vn -0.48564586 -0.04907425 -0.87277704
vn -0.43648243 -0.04409992 -0.89863133
vn -0.43648243 -0.04409992 -0.89863133
vn -0.93180001 -0.09384531 -0.35063049
vn -0.95214373 -0.09583086 0.29023933
vn -0.44731808 -0.04519874 0.89323223
vn 0.62284225 0.02792536 0.78184891
vn -0.58627272 -0.47100192 -0.65912187
vn 0.64914036 -0.03564626 0.75983298
vn 0.58798391 -0.02954264 0.80833292
vn 0.55727720 0.07248266 0.82715678
vn 0.52679116 0.10373462 0.84364104
vn 0.54275084 0.03601248 0.83912140
vn 0.56417483 -0.04532076 0.82441062
vn 0.58978379 -0.05285928 0.80582941
vn 0.67295825 0.31691602 0.66834974
vn 0.58096004 0.16410078 0.79721785
vn 0.69535834 0.39443520 0.60074759
vn 0.84450835 0.16898713 0.50818211
vn 0.87355357 -0.05447693 0.48366973
vn 0.80939955 -0.00305192 0.58725035
vn 0.07242095 -0.50856411 -0.85797310
vn -0.10037784 -0.15454951 0.98287278
vn -0.10037784 -0.15454951 0.98287278
vn -0.15964337 -0.21253227 0.96402496
vn -0.15964337 -0.21253227 0.96402496
vn -0.22626655 -0.07544253 0.97113949
vn -0.22626655 -0.07544253 0.97113949
vn -0.22266841 0.01242133 0.97481519
vn -0.22266841 0.01242133 0.97481519
vn -0.21836221 -0.03357071 0.97529018
vn -0.21836221 -0.03357071 0.97529018
vn -0.22587492 -0.10782545 0.96817052
vn -0.22587492 -0.10782545 0.96817052
vn -0.25464907 -0.12860632 0.95844364
vn -0.25464907 -0.12860632 0.95844364
vn -0.24274886 -0.76395392 0.59786904
vn -0.32969457 -0.48726308 0.80862606
vn -0.53466254 -0.46425515 0.70611835
vn -0.39284432 -0.75355184 0.52709866
vn 0.34846920 -0.81001240 -0.47164506
vn 0.45366684 -0.44823444 -0.77024174
vn 0.65747589 -0.43264070 -0.61688530
vn 0.48574734 -0.79353583 -0.36653841
vn 0.80098486 -0.43328562 -0.41314277
vn 0.59436107 -0.77717102 -0.20673694
vn -0.68702060 -0.72016460 0.09677679
vn -0.91652119 -0.37956697 0.12616625
vn -0.78719401 -0.61509359 -0.04455873
vn -0.70032656 -0.71259528 -0.04184197
vn 0.59069556 -0.80686182 0.00726353
vn 0.59069556 -0.80686182 0.00726353
vn 0.90617639 -0.42235535 0.02145501
vn 0.90617639 -0.42235535 0.02145501
vn 0.87478030 -0.44283783 0.19660659
vn 0.62082064 -0.78089362 0.06918692
vn 0.76988924 -0.47229195 0.42919812
vn 0.58120495 -0.78321058 0.22086641
vn -0.57377154 -0.74663544 0.33663297
vn -0.57377154 -0.74663544 0.33663297
vn -0.79228818 -0.41451684 0.44772214
vn -0.79228818 -0.41451684 0.44772214
vn 0.06793424 -0.83077544 -0.55244642
vn 0.07507674 -0.45125389 -0.88923198
vn 0.39894912 -0.50829995 0.76319772
vn 0.30589378 -0.80186105 0.51327163
vn -0.89623249 -0.37840992 -0.23145907
vn -0.67584199 -0.72003341 -0.15744720
vn -0.03088543 -0.50265115 0.86393738
vn -0.02499516 -0.78193027 0.62286460
vn 0.88383049 -0.40504831 -0.23405027
vn 0.61269939 -0.78357524 -0.10300162
vn -0.79576409 -0.38836002 -0.46468917
vn -0.79576409 -0.38836002 -0.46468917
vn -0.57894349 -0.75171107 -0.31584010
vn -0.57894349 -0.75171107 -0.31584010
vn -0.46791604 -0.42045912 -0.77734733
vn -0.31669804 -0.80683696 -0.49871477
vn -0.32775030 -0.78203493 -0.53009540
vn 0.03900349 -0.78882879 -0.61337411
vn -0.67911685 -0.71226090 -0.17743957
vn -0.58883065 -0.73519903 -0.33579892
vn -0.58883065 -0.73519903 -0.33579892
vn 0.63864815 -0.74925029 0.17536424
vn 0.43700787 -0.84670085 0.30351585
vn 0.59931302 -0.73057771 -0.32723093
vn 0.65311086 -0.73429197 -0.18509895
vn 0.31214851 -0.74866194 -0.58486634
vn -0.01980675 -0.87494570 0.48381576
vn -0.19419612 -0.84878021 0.49179262
vn -0.51544225 -0.66932112 -0.53509676
vn 0.64147854 -0.76712525 0.00491356
vn 0.64147854 -0.76712525 0.00491356
vn -0.49266770 -0.81687075 0.30000144
vn -0.49266770 -0.81687075 0.30000144
vn 0.19590496 -0.87945127 0.43380484
vn -0.66984564 -0.73515773 0.10416363
vn -0.60852516 -0.65055025 0.45440245
vn -0.33454835 -0.82599437 0.45366365
vn 0.46257985 -0.75330597 -0.46749344
vn -0.00711093 -0.10855608 -0.99406487
vn -0.00711093 -0.10855608 -0.99406487
vn -0.42184079 -0.09451894 -0.90172970
vn -0.73807615 -0.05325599 -0.67261243
vn -0.92857289 -0.00241101 -0.37114227
vn -0.99879354 0.04574790 -0.01785358
vn -0.94582343 0.06766127 0.31755325
vn -0.80908799 0.05935936 0.58468211
vn -0.52890086 0.04318492 0.84758425
vn -0.05038693 0.03561572 0.99809456
vn 0.45547223 0.04355125 0.88918412
vn 0.79743326 0.05829146 0.60058510
vn 0.95346886 0.06424211 0.29456764
vn 0.99869543 0.04730406 -0.01922681
vn 0.93180901 0.00747718 -0.36287203
vn 0.73618007 -0.04254353 -0.67544723
vn 0.41341415 -0.08716306 -0.90636158
vn -0.00515773 -0.11978747 -0.99278623
vn -0.00515773 -0.11978747 -0.99278623
vn -0.41189000 -0.09949329 -0.90578568
vn -0.73508126 -0.07461903 -0.67386019
vn -0.93261236 -0.06018429 -0.35582587
vn -0.99837363 -0.05700981 0.00021363
vn -0.94394314 -0.05267527 0.32587859
vn -0.80420381 -0.04849454 0.59237200
vn -0.51900584 -0.05490365 0.85300559
vn -0.04974548 -0.06857552 0.99640501
vn 0.44066513 -0.07736589 0.89433140
vn 0.78260511 -0.07867862 0.61752653
vn 0.94710922 -0.07916737 0.31099290
vn 0.99643344 -0.08423143 -0.00506609
vn 0.92725229 -0.09518810 -0.36213592
vn 0.72418416 -0.11050912 -0.68069458
vn 0.40581295 -0.12290054 -0.90565526
vn 0.00216683 -0.19058982 -0.98166740
vn 0.00216683 -0.19058982 -0.98166740
vn -0.38558182 -0.18860975 -0.90319043
vn -0.70734459 -0.17682852 -0.68439412
vn -0.91631025 -0.16562802 -0.36461356
vn -0.98707491 -0.15988885 -0.01089527
vn -0.93943930 -0.15338905 0.30647290
vn -0.80126625 -0.15427749 0.57807511
vn -0.51092154 -0.16794702 0.84306175
vn -0.04840386 -0.17591414 0.98321480
vn 0.43223801 -0.16611391 0.88632751
vn 0.77601081 -0.14929976 0.61279434
vn 0.94207364 -0.14441793 0.30272222
vn 0.98784798 -0.15479377 -0.01397783
vn 0.91480011 -0.16767572 -0.36745828
vn 0.71023369 -0.17410980 -0.68209529
vn 0.39540619 -0.18219937 -0.90025407
vn 0.99997401 -0.00518817 -0.00500506
vn 0.93520927 -0.03357146 -0.35250032
vn -0.94350129 0.03412047 0.32960746
vn -0.80395931 0.02810790 0.59401977
vn 0.74043500 -0.06973720 -0.66850042
vn -0.52101868 0.01199393 0.85346103
vn 0.41912133 -0.10147662 -0.90224153
vn -0.04654132 -0.00210580 0.99891418
vn -0.00543237 -0.11197396 -0.99369627
vn -0.00543237 -0.11197396 -0.99369627
vn -0.42516211 -0.09222884 -0.90040606
vn 0.45152700 -0.00357071 0.89225036
vn -0.74445832 -0.05371404 -0.66550481
vn 0.79216325 0.00375389 0.61029768
vn -0.93483186 -0.01318427 -0.35484606
vn 0.95200282 0.00689724 0.30601180
vn -0.99980134 0.01992888 -0.00024415
vn 0.00000000 1.00000000 -0.00000000
vn 0.00000000 1.00000000 -0.00000000
vn 0.00000000 1.00000000 -0.00000000
vn 0.00000000 1.00000000 -0.00000000
vn 0.00000000 1.00000000 -0.00000000
vn 0.00000000 1.00000000 -0.00000000
vn 0.00000000 1.00000000 -0.00000000
vn 0.00000000 1.00000000 -0.00000000
vn 0.00000000 1.00000000 -0.00000000
vn 0.00000000 1.00000000 -0.00000000
vn 0.00000000 1.00000000 -0.00000000
vn 0.00000000 1.00000000 -0.00000000
vn 0.00000000 1.00000000 -0.00000000
vn 0.00000000 1.00000000 -0.00000000
vn 0.00000000 1.00000000 -0.00000000
vn 0.00000000 1.00000000 -0.00000000
vn 0.00000000 1.00000000 -0.00000000
vn 0.00000000 -0.99999982 0.00067143
vn 0.00000000 -0.99999982 0.00067143
vn 0.00027467 -0.99999982 0.00064091
vn 0.00051883 -0.99999970 0.00048831
vn 0.00070195 -0.99999970 0.00024416
vn 0.00082402 -0.99999964 0.00000000
vn 0.00082402 -0.99999964 -0.00027467
vn 0.00073247 -0.99999964 -0.00051883
vn 0.00045779 -0.99999964 -0.00076299
vn 0.00006104 -0.99999964 -0.00085454
vn -0.00030519 -0.99999970 -0.00070195
vn -0.00054935 -0.99999982 -0.00042727
vn -0.00067143 -0.99999982 -0.00018312
vn -0.00067143 -0.99999982 0.00000000
vn -0.00061039 -0.99999982 0.00018312
vn -0.00045779 -0.99999982 0.00039675
vn -0.00024416 -0.99999982 0.00057987
vn 0.01001033 0.10880125 -0.99401313
vn 0.01001033 0.10880125 -0.99401313
vn -0.38643467 0.09619666 -0.91728646
vn -0.68500727 0.07120169 -0.72504860
vn -0.91183513 0.04532165 -0.40804750
vn -0.99980867 0.00851485 0.01760957
vn -0.94786024 -0.02896257 0.31736746
vn -0.82770449 -0.04110903 0.55965656
vn -0.52724940 -0.03799638 0.84886056
vn -0.04107916 -0.03607398 0.99850446
vn 0.45845854 -0.03750803 0.88792390
vn 0.80522203 -0.03579917 0.59189188
vn 0.94907522 -0.01461853 0.31471038
vn 0.99935585 0.03039726 0.01907459
vn 0.92235601 0.06344974 -0.38109523
vn 0.71346974 0.07919642 -0.69619602
vn 0.41386840 0.09860695 -0.90498042
vn 0.00231946 -0.15110038 -0.98851573
vn 0.00231946 -0.15110038 -0.98851573
vn -0.40611342 -0.14737520 -0.90186054
vn -0.70073271 -0.13727768 -0.70009178
vn -0.91693902 -0.11966443 -0.38066170
vn -0.99637890 -0.07928793 0.03070195
vn -0.94731700 -0.03821008 0.31801042
vn -0.82874370 -0.01657183 0.55938292
vn -0.52953684 -0.00381489 0.84827834
vn -0.04092598 0.00100713 0.99916166
vn 0.46050295 -0.00415060 0.88764846
vn 0.80356848 -0.01800628 0.59493983
vn 0.94699067 -0.04107929 0.31862393
vn 0.99643278 -0.07889061 0.02996928
vn 0.92421722 -0.11130404 -0.36528602
vn 0.72105449 -0.12653399 -0.68122655
vn 0.42101043 -0.14093703 -0.89603966
vn -0.00851477 -0.18463930 -0.98276949
vn -0.00851477 -0.18463930 -0.98276949
vn -0.45061648 -0.18091802 -0.87419301
vn -0.75385422 -0.17200607 -0.63412750
vn -0.93445963 -0.15326616 -0.32139504
vn -0.99334127 -0.11356221 0.01941026
vn -0.95222831 -0.07547387 0.29591373
vn -0.82950377 -0.05056982 0.55620700
vn -0.53802568 -0.03164857 0.84233415
vn -0.04248272 -0.02301147 0.99883217
vn 0.46898130 -0.03189207 0.88263214
vn 0.80493337 -0.05227871 0.59105766
vn 0.95199013 -0.07806850 0.29600719
vn 0.99333012 -0.11349991 0.02032561
vn 0.94117826 -0.14728513 -0.30412272
vn 0.76063377 -0.16355319 -0.62824088
vn 0.44111857 -0.17591029 -0.88003975
vn -0.01455750 -0.05798586 -0.99821132
vn -0.01455750 -0.05798586 -0.99821132
vn -0.50485015 -0.05523992 -0.86143768
vn -0.80024445 -0.04986840 -0.59759682
vn -0.95159662 -0.04312399 -0.30430952
vn -0.99932063 -0.03674512 -0.00283829
vn -0.96254987 -0.03274726 0.26911965
vn -0.85196131 -0.02926748 0.52278614
vn -0.57983369 -0.02526987 0.81434298
vn -0.04742621 -0.02319428 0.99860543
vn 0.51027602 -0.02572743 0.85962588
vn 0.83185738 -0.03024437 0.55416471
vn 0.96321988 -0.03351020 0.26661667
vn 0.99932688 -0.03668430 -0.00033571
vn 0.95837110 -0.04236097 -0.28236574
vn 0.80216372 -0.05008182 -0.59500015
vn 0.48052806 -0.05575896 -0.87520498
vn -0.01522883 -0.00000000 -0.99988413
vn -0.01522883 -0.00000000 -0.99988413
vn -0.52053744 -0.00000000 -0.85383892
vn -0.80752414 -0.00000000 -0.58983445
vn -0.95252621 -0.00000000 -0.30445680
vn -0.99998975 -0.00000000 -0.00454735
vn -0.96437478 0.00000000 0.26454005
vn -0.86186439 0.00000000 0.50713891
vn -0.60037106 0.00000000 0.79972154
vn -0.04977627 0.00000000 0.99876040
vn 0.53119177 0.00000000 0.84725159
vn 0.84376580 0.00000000 0.53671163
vn 0.96539766 0.00000000 0.26078221
vn 0.99999821 -0.00000000 -0.00192272
vn 0.95928043 -0.00000000 -0.28245547
vn 0.80905527 -0.00000000 -0.58773249
vn 0.49587598 -0.00000000 -0.86839336
vn -0.34398437 -0.19880350 -0.91768837
vn 0.00927792 -0.21012655 -0.97763026
vn 0.00927792 -0.21012655 -0.97763026
vn -0.69177908 -0.20698135 -0.69180959
vn -0.90455192 -0.24619658 -0.34809941
vn -0.97163832 -0.23057221 -0.05249294
vn -0.95557451 -0.14011186 0.25931835
vn -0.80293113 -0.06760015 0.59222615
vn -0.50371778 -0.03759953 0.86304969
vn -0.04321497 -0.01052907 0.99901038
vn 0.43477970 -0.00064091 0.90053666
vn 0.78488427 -0.00469991 0.61962456
vn 0.95845491 -0.02649065 0.28401148
vn 0.99806792 -0.05685719 -0.02505623
vn 0.93056583 -0.07080492 -0.35921291
vn 0.69995391 -0.10583999 -0.70630193
vn 0.36183301 -0.17084526 -0.91645443
vn 0.01391682 0.03213688 -0.99938667
vn 0.01391682 0.03213688 -0.99938667
vn -0.34941253 0.00268568 -0.93696523
vn -0.71325642 -0.01174976 -0.70080477
vn -0.93969274 0.02527007 -0.34108496
vn -0.99860626 0.01239064 -0.05130214
vn -0.96706623 -0.07324640 0.24375793
vn -0.80991119 -0.13910526 0.56981885
vn -0.50082135 -0.16837487 0.84901589
vn -0.03988878 -0.18369591 0.98217344
vn 0.44017380 -0.16590062 0.88245344
vn 0.80338430 -0.11862767 0.58352482
vn 0.97016102 -0.04730409 0.23780221
vn 0.99892598 0.02160764 -0.04098737
vn 0.94861674 0.03018312 -0.31498483
vn 0.74319839 0.00210581 -0.66906780
vn 0.38067129 0.01480202 -0.92459202
vn 0.51223201 -0.72345448 0.46285218
vn -0.02374391 -0.83939892 0.54299688
vn 0.91741693 -0.32359850 0.23158215
vn 0.97758102 -0.02356058 0.20923750
vn 0.99817848 0.02182095 -0.05624615
vn 0.95027894 0.02591087 -0.31032011
vn 0.73753029 0.00415063 -0.67530137
vn 0.37575400 -0.00045779 -0.92671943
vn 0.01178040 0.00094609 -0.99993014
vn 0.01178040 0.00094609 -0.99993014
vn -0.35152134 -0.01852522 -0.93599659
vn -0.71562195 -0.02124159 -0.69816476
vn -0.94335109 0.00375387 -0.33177513
vn -0.99692702 -0.00366226 -0.07825019
vn -0.97704613 -0.06189322 0.20383868
vn -0.90677691 -0.34080431 0.24821004
vn -0.54035062 -0.70924640 0.45275915
vn 0.51684695 0.71876359 0.46502486
vn -0.02691823 0.82643837 0.56238341
vn 0.91828042 0.32960314 0.21936920
vn 0.96783239 -0.02374412 0.25047299
vn 0.99727750 -0.06509756 -0.03463935
vn 0.93856233 -0.07300235 -0.33730012
vn 0.70975292 -0.07416149 -0.70053613
vn 0.36122230 -0.09622625 -0.92750150
vn 0.01199403 -0.12229028 -0.99242198
vn 0.01199403 -0.12229028 -0.99242198
vn -0.34605452 -0.12338816 -0.93006539
vn -0.70133054 -0.14362322 -0.69821757
vn -0.92430729 -0.17600475 -0.33864209
vn -0.98300296 -0.16739951 -0.07538319
vn -0.96960306 -0.10236225 0.22224268
vn -0.93743402 0.25294483 0.23924161
vn -0.58337349 0.66711801 0.46328062
vn 0.43122730 0.27662024 0.85879230
vn 0.41991660 -0.32100320 0.84889752
vn -0.03466994 0.26921085 0.96245706
vn -0.03244191 -0.33238468 0.94258577
vn 0.77195859 0.12110112 0.62403089
vn 0.76227409 -0.13309354 0.63342267
vn -0.80033499 0.06836297 0.59564281
vn -0.77918673 -0.16910711 0.60354853
vn -0.48898628 0.24403535 0.83745992
vn -0.46841377 -0.32762715 0.82051760
vn 0.99609250 0.01284867 0.08737707
vn 0.98141277 -0.00973569 0.19166191
vn 0.99761444 -0.02572776 -0.06405998
vn 0.94878823 -0.02639931 -0.31480798
vn 0.72052580 -0.01852510 -0.69318068
vn 0.35454577 -0.01904421 -0.93484473
vn 0.01178034 -0.03042747 -0.99946755
vn 0.01178034 -0.03042747 -0.99946755
vn -0.34035054 -0.04150616 -0.93938214
vn -0.71806020 -0.05353101 -0.69391936
vn -0.94564927 -0.06018461 -0.31957051
vn -0.99245858 -0.06167959 -0.10593265
vn -0.98464429 -0.05792563 0.16468215
vn -0.99023569 -0.04745636 0.13107722
vn 0.41569862 -0.02383530 0.90919006
vn -0.03650115 -0.04150633 0.99847132
vn 0.78818941 -0.00393698 0.61542010
vn -0.80598247 -0.05221841 0.58963162
vn -0.48390979 -0.05087523 0.87363780
vn -0.02615512 -0.71647334 0.69712400
vn -0.49920219 -0.63461578 0.58996618
vn -0.88682556 -0.29765332 0.35347286
vn 0.47415125 -0.63975018 0.60489690
vn 0.48229805 0.62274832 0.61609507
vn -0.02890162 0.68845052 0.72470731
vn -0.91287571 0.21305825 0.34823015
vn -0.53131682 0.58396322 0.61375040
vn 0.89866531 0.27711341 0.34001324
vn 0.89786828 -0.26923841 0.34834358
vn 0.96846962 0.00961359 0.24894609
vn -0.95970106 -0.04901355 0.27671596
vn 0.00000000 1.00000000 -0.00000000
vn 0.00000000 1.00000000 -0.00000000
vn 0.00000000 1.00000000 -0.00000000
vn 0.00000000 1.00000000 -0.00000000
vn 0.00000000 1.00000000 -0.00000000
vn 0.00000000 1.00000000 -0.00000000
vn 0.00000000 1.00000000 -0.00000000
vn 0.00000000 1.00000000 -0.00000000
vn 0.00000000 1.00000000 -0.00000000
vn 0.00000000 1.00000000 -0.00000000
vn 0.00000000 1.00000000 -0.00000000
vn 0.00000000 1.00000000 -0.00000000
vn 0.00000000 1.00000000 -0.00000000
vn 0.00000000 1.00000000 -0.00000000
vn 0.00000000 1.00000000 -0.00000000
vn 0.00000000 1.00000000 -0.00000000
vn 0.00000000 1.00000000 -0.00000000
vn -0.01162797 0.64616126 -0.76311243
vn -0.01162797 0.64616126 -0.76311243
vn -0.39156133 0.65887892 -0.64230704
vn -0.59742236 0.67280591 -0.43637007
vn -0.70470977 0.67278707 -0.22525930
vn -0.73672926 0.67617953 -0.00335709
vn -0.70761520 0.67941558 0.19410132
vn -0.63363475 0.67785674 0.37285021
vn -0.45431492 0.65373015 0.60517341
vn -0.03824077 0.64005226 0.76737911
vn 0.40328491 0.65082878 0.64325994
vn 0.62558204 0.67105561 0.39790899
vn 0.70927709 0.67839116 0.19160247
vn 0.73456752 0.67853421 -0.00140388
vn 0.70813674 0.67459613 -0.20847659
vn 0.60281390 0.66696507 -0.43791899
vn 0.37315857 0.65851337 -0.65353876
vn -0.01547319 0.04016314 -0.99907333
vn -0.01547319 0.04016314 -0.99907333
vn -0.52789539 0.03174026 -0.84871614
vn -0.81389534 0.01721303 -0.58075649
vn -0.95448476 0.00585967 -0.29820210
vn -0.99998868 0.00106817 -0.00463890
vn -0.96601129 0.00433367 0.25846362
vn -0.86702883 0.01446625 0.49804792
vn -0.60685098 0.03100788 0.79421067
vn -0.05041773 0.04245222 0.99782556
vn 0.53732258 0.03381537 0.84269857
vn 0.84894317 0.01669382 0.52822042
vn 0.96690726 0.00500514 0.25507894
vn 0.99999762 0.00103766 -0.00192272
vn 0.96098846 0.00546294 -0.27653444
vn 0.81491715 0.01757892 -0.57931083
vn 0.50307572 0.03259432 -0.86362749
vn -0.91461915 0.40431362 -0.00152594
vn -0.86648965 0.42274633 -0.26548299
vn 0.91464216 0.40426275 -0.00122078
vn 0.88039559 0.41598061 0.22773640
vn -0.88196629 0.40837365 0.23530088
vn 0.87367994 0.41985592 -0.24577303
vn -0.78312033 0.43685049 0.44258809
vn 0.72909778 0.46111089 -0.50576013
vn -0.54333591 0.50497311 0.67066258
vn 0.44118795 0.51303059 -0.73631024
vn -0.04699922 0.56417370 0.82431734
vn -0.46544439 0.50670600 -0.72567946
vn -0.01434411 0.54199392 -0.84025997
vn -0.01434411 0.54199392 -0.84025997
vn 0.47438797 0.52761322 0.70468467
vn -0.72719026 0.45684776 -0.51233232
vn 0.76164144 0.45696658 0.45943859
vn -0.93016171 0.21583121 -0.29701206
vn 0.94331175 0.21265641 0.25483367
vn -0.01431352 0.28865096 -0.95732749
vn -0.01431352 0.28865096 -0.95732749
vn -0.97907245 0.20343809 -0.00549338
vn 0.97904730 0.20362230 -0.00207529
vn -0.94367850 0.20792608 0.25736690
vn 0.93693382 0.21448766 -0.27595297
vn -0.83912373 0.22968701 0.49306720
vn 0.78517240 0.24220189 -0.56994969
vn -0.57510197 0.27152845 0.77170599
vn 0.47740534 0.27418077 -0.83481079
vn -0.04638961 0.29997596 0.95281821
vn -0.50121552 0.27091822 -0.82181889
vn 0.50784129 0.28245619 0.81382793
vn -0.78492272 0.24006383 -0.57119685
vn 0.81834024 0.24128433 0.52163315
vn 0.53479189 0.70603633 -0.46423095
vn 0.53479189 0.70603633 -0.46423095
vn 0.80045378 0.54323918 -0.25330815
vn 0.80045378 0.54323918 -0.25330815
vn 0.88542813 0.44634593 -0.12958528
vn 0.88542813 0.44634593 -0.12958528
vn 0.86676735 0.49379584 -0.06985776
vn 0.86676735 0.49379584 -0.06985776
vn 0.87480152 0.48382038 -0.02530039
vn 0.87480152 0.48382038 -0.02530039
vn 0.79112333 0.59521943 0.14084692
vn 0.79112333 0.59521943 0.14084692
vn 0.54885817 0.76365262 0.33998442
vn 0.54885817 0.76365262 0.33998442
vn -0.02319470 0.87627125 0.48125944
vn -0.02319470 0.87627125 0.48125944
vn -0.02319470 0.87627125 0.48125944
vn -0.58819598 0.74863523 0.30589366
vn -0.58819598 0.74863523 0.30589366
vn -0.81174481 0.57217050 0.11700990
vn -0.81174481 0.57217050 0.11700990
vn -0.87970972 0.47542474 0.00906414
vn -0.87970972 0.47542474 0.00906414
vn -0.87677938 0.47872055 -0.04565638
vn -0.87677938 0.47872055 -0.04565638
vn -0.88392687 0.44615984 -0.14005250
vn -0.88392687 0.44615984 -0.14005250
vn -0.80148214 0.54334515 -0.24980511
vn -0.80148214 0.54334515 -0.24980511
vn -0.54958534 0.70156980 -0.45360327
vn -0.54958534 0.70156980 -0.45360327
vn -0.00903381 0.80696940 -0.59052420
vn -0.00903381 0.80696940 -0.59052420
vn -0.00903381 0.80696940 -0.59052420
vn 0.52663523 0.09555487 -0.84470379
vn 0.83154505 0.00717191 -0.55541116
vn 0.96200049 -0.06134390 -0.26606768
vn 0.99701834 -0.06753808 -0.03732448
vn 0.98441494 -0.00891149 0.17563578
vn 0.86238229 0.12494579 0.49059683
vn 0.59756440 0.21638058 0.77207273
vn -0.03064155 0.61045051 0.79146147
vn -0.03064155 0.61045051 0.79146147
vn -0.65877485 0.18820831 0.72841835
vn -0.87537116 0.06460833 0.47911489
vn -0.97157168 -0.07303192 0.22519955
vn -0.99425417 -0.10657300 -0.01004081
vn -0.95668143 -0.08438525 -0.27863917
vn -0.83091700 -0.00582918 -0.55636591
vn -0.55023289 0.08878071 -0.83027816
vn -0.01437451 0.13721399 -0.99043721
vn -0.01437451 0.13721399 -0.99043721
vn 0.00000000 1.00000000 -0.00000000
vn 0.00000000 1.00000000 -0.00000000
vn 0.20591353 0.97313750 0.10297202
vn 0.18152484 0.97323924 0.14090455
vn 0.99447155 0.10297213 -0.02057001
vn 0.95949906 0.19877279 0.19962734
vn 0.68085569 0.38909093 0.62051904
vn -0.78762305 0.31392607 0.53018898
vn -0.98433810 0.05945154 0.16596380
vn -0.99262524 0.03088506 0.11722285
vn -0.26447958 0.94685888 0.18305430
vn -0.26674137 0.95462281 0.13245510
vn 0.00000000 1.00000000 -0.00000000
vn 0.00000000 1.00000000 -0.00000000
vn 0.00000000 1.00000000 -0.00000000
vn 0.00000000 1.00000000 -0.00000000
vn 0.05700992 0.99703258 0.05173009
vn 0.97832191 0.20377637 -0.03689766
vn 0.90443575 0.40682063 0.12842469
vn 0.62716651 0.69024938 0.36085728
vn -0.02505578 0.87548751 0.48259082
vn -0.02505578 0.87548751 0.48259082
vn -0.73481864 0.61173344 0.29295695
vn -0.97848302 0.20139761 0.04483302
vn -0.99360031 0.11124100 -0.01959306
vn -0.06323582 0.99684918 0.04788465
vn 0.00000000 1.00000000 -0.00000000
vn 0.94886720 0.31532261 -0.01492381
vn 0.78512734 0.60744673 0.12076300
vn 0.49718297 0.83273792 0.24363215
vn -0.01080362 0.95670044 0.29087380
vn -0.01080362 0.95670044 0.29087380
vn -0.58994043 0.78959846 0.16883345
vn -0.90710628 0.41990635 -0.02893170
vn -0.96456391 0.23060419 -0.12821178
vn 0.00000000 1.00000000 -0.00000000
vn 0.00000000 1.00000000 -0.00000000
vn 0.94008368 0.33757320 0.04782363
vn 0.67861390 0.72127908 0.13870753
vn 0.37471285 0.88001680 0.29182312
vn -0.03881966 0.93780613 0.34498230
vn -0.03881966 0.93780613 0.34498230
vn -0.53130847 0.80631679 0.25993186
vn -0.85392493 0.51748216 0.05499545
vn -0.95140320 0.28254604 -0.12247325
vn 0.96344972 0.23636854 0.12607339
vn 0.75913805 0.51025277 0.40416759
vn 0.40899023 0.60532141 0.68287116
vn -0.06241135 0.65344226 0.75439912
vn -0.06241135 0.65344226 0.75439912
vn -0.58695436 0.52786827 0.61387271
vn -0.87407959 0.39995858 0.27571350
vn -0.98155636 0.18961535 -0.02435427
vn 0.00000000 1.00000000 -0.00000000
vn -0.02566629 0.99948984 -0.01901320
vn -0.05667355 0.99494594 -0.08288928
vn 0.00827062 0.99439752 -0.10538179
vn 0.00827062 0.99439752 -0.10538179
vn 0.07428351 0.99443465 -0.07471078
vn 0.02740639 0.99950933 -0.01516813
vn 0.00000000 1.00000000 -0.00000000
vn 0.00000000 1.00000000 -0.00000000
vn -0.98823845 -0.04895261 0.14487410
vn -0.98770738 -0.06372305 0.14273597
vn -0.98020005 -0.10010138 0.17084377
vn -0.89985979 0.02914587 0.43520433
vn -0.92283356 0.05356085 0.38145703
vn -0.93375099 0.04474045 0.35511592
vn 0.99592513 -0.04391678 -0.07876943
vn 0.99590051 -0.06616549 -0.06167918
vn 0.99565440 -0.07950220 -0.04849481
vn 0.97093725 -0.07913623 -0.22587246
vn 0.97500229 -0.09213797 -0.20219083
vn 0.97837585 -0.10101767 -0.18048896
vn -0.99704158 -0.07370234 0.02182078
vn -0.99590415 -0.08960452 0.01208562
vn -0.99314469 -0.11682620 0.00390641
vn 0.99863625 0.00494405 0.05197352
vn 0.99786860 -0.01162761 0.06421126
vn 0.99412119 -0.03231947 0.10333684
vn -0.97826827 -0.13043983 -0.16117287
vn -0.97464538 -0.11621886 -0.19120568
vn -0.96820164 -0.10703200 -0.22611922
vn 0.89580506 0.12918857 0.42525712
vn 0.89183360 0.13458990 0.43187791
vn 0.88429987 0.11093803 0.45354891
vn -0.91652256 -0.11133411 -0.38417590
vn -0.90083671 -0.09152725 -0.42440072
vn -0.87381798 -0.05621587 -0.48299262
vn 0.62442243 0.22443806 0.74814719
vn 0.64249814 0.21836758 0.73451465
vn 0.63730359 0.20743956 0.74216783
vn -0.62350041 -0.08716188 -0.77694929
vn -0.60098147 -0.07577884 -0.79566258
vn -0.58526218 0.02588008 -0.81043106
vn 0.57587028 -0.07907572 -0.81370783
vn 0.56363124 -0.07046917 -0.82301509
vn 0.55563718 0.03299153 -0.83077008
vn -0.01550372 0.07086543 -0.99736542
vn -0.01550372 0.07086543 -0.99736542
vn -0.01641944 -0.07181218 -0.99728298
vn -0.01641944 -0.07181218 -0.99728298
vn -0.01800603 -0.08914513 -0.99585587
vn -0.01800603 -0.08914513 -0.99585587
vn -0.71547419 0.18876460 0.67265499
vn -0.71931165 0.18513067 0.66956508
vn -0.70042056 0.17682947 0.69147837
vn 0.89994538 -0.09094672 -0.42641199
vn 0.88838220 -0.07538232 -0.45287377
vn 0.86938334 -0.03656128 -0.49278381
vn 0.19913962 0.86928636 0.45242080
vn 0.22764011 0.84952265 0.47591090
vn 0.07873941 0.95137358 0.29780591
vn -0.06296123 0.99550766 -0.07071312
vn 0.06808711 0.90896738 -0.41126931
vn 0.19855893 0.80738944 -0.55560482
vn 0.16184498 0.83238924 -0.53003240
vn 0.01351994 0.86762619 -0.49703333
vn -0.14374715 0.83211595 -0.53564888
vn -0.16730608 0.81226760 -0.55877542
vn -0.04004139 0.91841894 -0.39357758
vn 0.06021371 0.99729532 -0.04214654
vn -0.08109012 0.94750619 0.30928391
vn -0.21595106 0.85077274 0.47911474
vn -0.19297197 0.86951840 0.45464236
vn 0.00350970 0.90992659 0.41475442
vn 0.00607326 0.99940145 -0.03405906
vn -0.01855546 -0.00000000 -0.99982786
vn -0.01855546 -0.00000000 -0.99982786
vn 0.57986605 -0.00000000 -0.81471181
vn 0.91624278 -0.00000000 -0.40062347
vn 0.98322242 -0.00000000 -0.18241055
vn 0.98968530 -0.00000000 -0.14325838
vn -0.99978971 -0.00000000 -0.02050851
vn -0.98770702 -0.00000000 -0.15631674
vn -0.93764824 -0.00000000 -0.34758574
vn -0.63388908 -0.00000000 -0.77342397
vn 0.99498934 -0.00000000 -0.09998114
vn -0.99953234 0.00000000 0.03058018
vn -0.99305159 -0.00000000 -0.11768053
vn 0.99693614 -0.00000000 -0.07822039
vn 0.99998325 -0.00000000 -0.00579860
vn 0.98664606 0.00000000 0.16287945
vn 0.86450970 0.00000000 0.50261617
vn 0.48073268 0.00000000 0.87686718
vn -0.06604299 0.00000000 0.99781686
vn -0.06604299 0.00000000 0.99781686
vn -0.61438000 0.00000000 0.78901029
vn -0.94143009 0.00000000 0.33720818
vn -0.99965870 -0.00000000 -0.02612450
vn -0.98771179 -0.00000000 -0.15628698
vn 0.00000000 -1.00000000 0.00000000
vn 0.00000000 -1.00000000 0.00000000
vn 0.00000000 -1.00000000 0.00000000
vn 0.00000000 -1.00000000 0.00000000
vn 0.00000000 -1.00000000 0.00000000
vn 0.00000000 -1.00000000 0.00000000
vn 0.00000000 -1.00000000 0.00000000
vn 0.00000000 -1.00000000 0.00000000
vn 0.00000000 -1.00000000 0.00000000
vn 0.00000000 -1.00000000 0.00000000
vn 0.00000000 -1.00000000 0.00000000
vn 0.00000000 -1.00000000 0.00000000
vn 0.00000000 -1.00000000 0.00000000
vn 0.00000000 -1.00000000 0.00000000
vn 0.00000000 -1.00000000 0.00000000
vn 0.00000000 -1.00000000 0.00000000
vn 0.00000000 -1.00000000 0.00000000
vn 0.00000000 -1.00000000 0.00000000
vn 0.00000000 -1.00000000 0.00000000
vn 0.00000000 -1.00000000 0.00000000
vn 0.00000000 -1.00000000 0.00000000
vn 0.00000000 -1.00000000 0.00000000
vn -0.38277087 -0.67367917 -0.63217318
vn -0.45577320 -0.55673057 -0.69449407
vn -0.62896681 -0.61126578 -0.48036966
vn -0.68375456 -0.53491193 -0.49633548
vn -0.97231632 -0.04406996 -0.22947507
vn -0.70592982 -0.55480087 -0.44029444
vn -0.75462973 -0.56729990 -0.32970417
vn -0.79239231 -0.51100820 -0.33314413
vn 0.00000000 -0.94886321 0.31568751
vn 0.00000000 -0.94886321 0.31568751
vn 0.00000000 -0.94886321 0.31568751
vn 0.00000000 -0.94886321 0.31568751
vn 0.43618879 0.53653783 -0.72240329
vn -0.71876025 -0.61069137 -0.33232474
vn -0.81446338 -0.56786907 -0.11905505
vn -0.81446338 -0.56786907 -0.11905505
vn -0.83810860 -0.51528025 -0.17905408
vn -0.22407325 -0.94979340 0.21836610
vn -0.22407325 -0.94979340 0.21836610
vn -0.34443951 -0.93086565 0.12186309
vn -0.34443951 -0.93086565 0.12186309
vn -0.42988864 -0.90174067 0.04538154
vn -0.42988864 -0.90174067 0.04538154
vn -0.52560431 -0.85072702 -0.00189220
vn -0.52560431 -0.85072702 -0.00189220
vn -0.60806209 -0.79279411 -0.04168906
vn -0.60806209 -0.79279411 -0.04168906
vn -0.70666558 -0.67285061 -0.21885115
vn -0.70666558 -0.67285061 -0.21885115
vn -0.73599899 -0.49758372 -0.45903805
vn -0.73599899 -0.49758372 -0.45903805
vn -0.89241010 -0.14408083 0.42760360
vn -0.74597985 -0.12167990 0.65475810
vn -0.77305645 -0.20805076 0.59924841
vn -0.51503962 0.09228963 0.85218358
vn -0.56042337 -0.00796550 0.82816797
vn -0.59371877 -0.15522018 0.78955984
vn -0.36430392 0.14725362 0.91956455
vn -0.38258564 0.05987819 0.92197764
vn -0.39711893 -0.10816089 0.91137147
vn -0.19864821 0.20054039 0.95933437
vn -0.19556332 0.09183053 0.97638220
vn -0.17874937 -0.11313368 0.97736871
vn 0.00000000 0.24955219 0.96836138
vn 0.00000000 0.24955219 0.96836138
vn 0.00000000 0.11365332 0.99352050
vn 0.00000000 0.11365332 0.99352050
vn 0.00000000 -0.09552342 0.99542725
vn 0.00000000 -0.09552342 0.99542725
vn 0.00000000 -0.69867963 -0.71543473
vn 0.00000000 -0.69867963 -0.71543473
vn 0.00000000 -0.57717192 -0.81662261
vn 0.00000000 -0.57717192 -0.81662261
vn -0.85245585 -0.50704223 -0.12738620
vn -0.85245585 -0.50704223 -0.12738620
vn 0.00000000 -0.72537422 0.68835473
vn 0.00000000 -0.72537422 0.68835473
vn -0.37123117 -0.73092622 0.57265556
vn -0.56143498 -0.74061441 0.36916277
vn -0.63595176 -0.74084496 0.21613447
vn -0.63463676 -0.76290697 0.12332614
vn -0.65723282 -0.75358224 0.01260446
vn -0.77555078 -0.62966955 -0.04513771
vn -0.86829376 -0.48576960 -0.10046828
vn -0.89422172 -0.43838233 -0.09049036
vn 0.00000000 -0.34440532 0.93882114
vn 0.00000000 -0.34440532 0.93882114
vn -0.44094113 -0.36693209 0.81910431
vn -0.68145669 -0.43300223 0.59002203
vn -0.73985553 -0.55606669 0.37868690
vn -0.71796054 -0.64398235 0.26423389
vn -0.75095671 -0.65137237 0.10852646
vn -0.82144636 -0.56826168 0.04800621
vn -0.89191943 -0.45207879 0.01022388
vn -0.92024279 -0.39128557 0.00698888
vn 0.00000000 0.00463891 0.99998927
vn 0.00000000 0.00463891 0.99998927
vn -0.46145698 -0.04001125 0.88625991
vn -0.69452381 -0.21058197 0.68796217
vn -0.74666190 -0.41906458 0.51660520
vn -0.75326031 -0.52533811 0.39575082
vn -0.81614506 -0.54000705 0.20566905
vn -0.86458093 -0.48531768 0.13025631
vn -0.90249795 -0.42143223 0.08883983
vn -0.92700237 -0.37371254 0.03170986
vn -0.71143037 0.07422242 0.69882601
vn -0.71498144 -0.11627947 0.68940604
vn -0.91128111 -0.39824867 0.10471233
vn -0.94246352 -0.32502949 0.07822071
vn -0.84530580 -0.21491240 0.48915309
vn -0.85549033 -0.02801684 0.51706028
vn -0.65380764 0.13147566 0.74515086
vn -0.65359849 -0.10907549 0.74894029
vn -0.51787782 0.17359237 0.83765650
vn -0.51253378 -0.04724320 0.85736650
vn -0.39388528 0.24910055 0.88476175
vn -0.43486118 0.03735491 0.89972240
vn -0.44106373 0.33381921 0.83308315
vn -0.44106373 0.33381921 0.83308315
vn -0.75556523 0.00326556 0.65506530
vn -0.75556523 0.00326556 0.65506530
vn -0.66781700 -0.30906600 0.67712533
vn -0.87079054 -0.46324354 0.16470951
vn -0.78468049 -0.36656669 0.49990532
vn -0.61474973 -0.28666753 0.73478204
vn -0.51159537 -0.18082696 0.83998328
vn -0.44996783 -0.12567604 0.88415748
vn -0.46982038 -0.29735351 0.83117372
vn -0.46982038 -0.29735351 0.83117372
vn -0.64237028 -0.35884595 0.67719281
vn -0.81051528 -0.52144229 0.26676384
vn -0.71127665 -0.43065417 0.55553806
vn -0.61605918 -0.32118335 0.71924436
vn -0.55965865 -0.25620756 0.78812432
vn -0.40505081 -0.15219925 0.90153712
vn 0.00000000 -0.10022589 0.99496472
vn 0.00000000 -0.10022589 0.99496472
vn 0.00000000 -0.03924770 0.99922949
vn 0.00000000 -0.03924770 0.99922949
vn -0.38497332 -0.13340086 0.91323584
vn -0.59442234 -0.26353326 0.75974482
vn -0.69532436 -0.38720009 0.60547513
vn -0.72605193 -0.48791057 0.48455343
vn -0.67122197 -0.32579887 0.66582000
vn -0.72220951 -0.47552174 0.50228721
vn -0.67870975 -0.41148630 0.60830265
vn -0.67584348 -0.21399930 0.70529425
vn -0.60701936 -0.10770091 0.78735507
vn -0.40434831 0.03521911 0.91392672
vn 0.00000000 0.09631834 0.99535060
vn 0.00000000 0.09631834 0.99535060
vn 0.00000000 -0.35283193 0.93568671
vn 0.00000000 -0.35283193 0.93568671
vn -0.22999129 -0.37468192 0.89817452
vn -0.44701654 -0.41124785 0.79438746
vn -0.60974652 -0.41234720 0.67688918
vn -0.68250507 -0.44008961 0.58353072
vn -0.63205904 -0.42156598 0.65021813
vn -0.64316911 -0.42986795 0.63367748
vn -0.65799791 -0.30201980 0.68979913
vn -0.58203447 -0.11572936 0.80488670
vn -0.40617868 0.00973559 0.91374183
vn 0.00000000 0.03924770 0.99922949
vn 0.00000000 0.03924770 0.99922949
vn 0.00000000 -0.37077498 0.92872280
vn 0.00000000 -0.37077498 0.92872280
vn -0.20862828 -0.32188451 0.92350674
vn -0.38048556 -0.31572336 0.86922348
vn -0.43804586 -0.49237055 0.75212169
vn -0.26673713 -0.80707818 0.52676010
vn -0.39473486 -0.66403598 0.63501227
vn -0.40535960 -0.53470111 0.74147046
vn -0.30967879 -0.48928457 0.81529111
vn 0.00000000 -0.50466019 0.86331809
vn 0.00000000 -0.50466019 0.86331809
vn 0.00000000 0.75217199 0.65896684
vn 0.00000000 0.75217199 0.65896684
vn -0.32820183 0.77027023 0.54677922
vn -0.42037153 0.74918550 0.51186812
vn 0.78989279 -0.61068529 -0.05597185
vn 0.37441257 0.92672300 -0.03161815
vn 0.63375974 -0.76248932 -0.13022503
vn 0.52419376 -0.82852882 -0.19687784
vn 0.32588121 -0.90577155 -0.27088606
vn 0.00000000 -0.95239979 -0.30485213
vn 0.00000000 -0.95239979 -0.30485213
vn 0.00000000 0.96992129 -0.24341877
vn 0.00000000 0.96992129 -0.24341877
vn 0.08588015 0.97462058 -0.20673491
vn 0.13818885 0.98038399 -0.14053880
vn -0.38127783 -0.02490376 0.92412502
vn -0.25708872 -0.26984549 0.92794871
vn -0.98536146 0.11148529 0.12897258
vn -0.98536146 0.11148529 0.12897258
vn -0.97672474 -0.07562567 0.20072235
vn -0.90254420 -0.11295154 0.41551882
vn -0.78429163 -0.23054475 0.57596511
vn -0.63534206 -0.23862714 0.73443687
vn -0.40495941 -0.23209859 0.88438576
vn -0.20725740 -0.24851967 0.94619370
vn 0.00000000 -0.13419251 0.99095529
vn 0.00000000 -0.13419251 0.99095529
vn 0.00000000 0.12204376 0.99252480
vn 0.00000000 0.12204376 0.99252480
vn 0.00000000 -0.12244196 0.99247575
vn 0.00000000 -0.12244196 0.99247575
vn -0.21964602 -0.18970677 0.95695716
vn -0.33595514 0.05612478 0.94020432
vn -0.62576228 0.27387783 0.73035103
vn -0.62576228 0.27387783 0.73035103
vn 0.00000000 0.52379596 0.85184371
vn 0.00000000 0.52379596 0.85184371
vn 0.00000000 0.52379596 0.85184371
vn -0.44863722 0.41253260 0.79280609
vn -0.44863722 0.41253260 0.79280609
vn -0.46358457 -0.44817245 0.76434994
vn 0.00000000 0.71274549 0.70142281
vn -0.59743953 0.52355307 0.60741925
vn 0.00000000 0.34696946 0.93787652
vn -0.88945997 0.04428378 0.45486248
vn -0.66483474 0.22932285 0.71091908
vn 0.00000000 -0.27802473 0.96057397
vn 0.00000000 -0.59937477 0.80046856
vn -0.58167577 -0.55472684 0.59492135
vn 0.00000000 -0.49377394 0.86959028
vn 0.00000000 -0.49377394 0.86959028
vn 0.00000000 -0.49377394 0.86959028
vn 0.00000000 -0.74176717 0.67065752
vn 0.58162898 0.73242277 0.35392752
vn 0.26030028 -0.94250119 0.20960748
vn -0.13221054 -0.87658149 0.46273687
vn 0.00000000 -0.87657779 0.48126021
vn 0.00000000 -0.87657779 0.48126021
vn -0.14890178 0.98646283 -0.06869807
vn -0.22828312 0.97343826 0.01745695
vn 0.00604281 -0.94878191 0.31587404
vn -0.06494521 -0.88753372 0.45614249
vn 0.00000000 0.99896002 -0.04559594
vn 0.00000000 0.99896002 -0.04559594
vn -0.88939828 -0.02139414 0.45663229
vn -0.92206138 -0.06967419 0.38072076
vn -0.90426916 -0.10101691 0.41484070
vn 0.73737407 0.28153950 -0.61401546
vn -0.91264480 -0.40715605 -0.03610416
vn -0.91264480 -0.40715605 -0.03610416
vn -0.99453813 0.05368211 0.08951087
vn -0.96150202 -0.25669554 0.09808816
vn -0.96150202 -0.25669554 0.09808816
vn -0.96150202 -0.25669554 0.09808816
vn -0.96931762 -0.16202599 0.18485427
vn -0.96931762 -0.16202599 0.18485427
vn -0.98288953 -0.07971518 0.16605297
vn -0.98288953 -0.07971518 0.16605297
vn -0.76238292 -0.53043306 0.37069273
vn -0.78352755 -0.55164027 0.28596789
vn -0.72453779 -0.66667241 0.17490843
vn -0.62256217 -0.78028560 0.05975669
vn -0.54482472 -0.83844781 -0.01309264
vn -0.54482472 -0.83844781 -0.01309264
vn -0.65683120 -0.09286949 0.74829680
vn -0.56497145 -0.13248385 0.81440490
vn -0.44106767 -0.16324875 0.88250160
vn -0.31364214 -0.22364208 0.92282873
vn -0.31751785 -0.24671414 0.91559523
vn -0.31751785 -0.24671414 0.91559523
vn -0.31401387 -0.22581285 0.92217344
vn -0.70865327 -0.01678550 0.70535719
vn -0.64761883 -0.09970644 0.75541288
vn -0.55175447 -0.13312425 0.82331336
vn -0.41176191 -0.17563666 0.89420575
vn -0.70852971 -0.01815882 0.70544732
vn -0.71325850 0.04626674 0.69937241
vn -0.71325850 0.04626674 0.69937241
vn -0.00552387 0.10763919 0.99417472
vn 0.01272651 0.23624912 0.97160918
vn -0.05334674 -0.10748696 0.99277425
vn -0.12580128 -0.17634150 0.97625697
vn -0.62260133 -0.45855811 0.63410729
vn -0.50679612 -0.45842376 0.73007214
vn -0.59650540 0.31053686 0.74010015
vn -0.65780658 0.17279859 0.73309696
vn -0.39174441 -0.46877486 0.79169846
vn -0.48360923 0.44466659 0.75391889
vn -0.38231379 -0.39171371 0.83689696
vn -0.42779213 0.51318580 0.74406600
vn -0.72428882 0.03891237 0.68839788
vn -0.75937283 -0.00534082 0.65063375
vn -0.46392044 0.31306466 0.82871491
vn -0.75442886 -0.18232031 0.63055241
vn -0.45406461 -0.10660356 0.88456833
vn -0.66999257 -0.44179893 0.59659338
vn 0.80125988 0.14908794 -0.57944393
vn 0.77250129 0.50979221 -0.37862083
vn 0.64868242 -0.73602796 -0.19358233
vn -0.82226354 0.01849429 0.56880629
vn -0.83253896 -0.21769494 0.50939947
vn -0.84712362 -0.36809301 -0.38326108
vn -0.93586642 -0.13800712 -0.32420376
vn -0.80470359 -0.35750365 -0.47396550
vn 0.31978038 0.05874950 -0.94566852
vn -0.73847628 -0.47018081 -0.48330414
vn 0.69418186 0.06634799 -0.71673530
vn 0.75194925 -0.04419102 -0.65773815
vn 0.22303413 0.53521478 -0.81473988
vn 0.54088902 -0.37822250 -0.75125676
vn 0.45559615 0.82631737 -0.33110684
vn -0.86272562 0.23805220 0.44613421
vn -0.42555842 0.05523958 0.90324342
vn -0.28080577 -0.48766389 0.82663900
vn -0.86833984 -0.39559332 -0.29915178
vn 0.69186670 0.68722785 0.22144620
vn 0.39375654 0.10999059 -0.91261053
vn 0.43996707 -0.24220163 -0.86473548
vn -0.82997131 0.50481910 -0.23728725
vn -0.61716062 -0.73130268 -0.29036030
vn -0.57087100 0.77803868 0.26222524
vn -0.89806962 0.34093440 0.27791145
vn -0.97807527 0.13907541 0.15500636
vn -0.49194542 0.59751266 0.63322061
vn -0.83018363 0.04583986 -0.55560225
vn -0.75122750 -0.36210904 -0.55184627
vn -0.85219496 -0.30559137 0.42470881
vn -0.90582204 0.18638326 0.38045749
vn -0.91439110 -0.36498123 0.17515071
vn -0.80412889 -0.06692936 0.59067523
vn -0.84720325 0.01495424 0.53105849
vn -0.74921030 -0.34150732 -0.56750035
vn -0.74921030 -0.34150732 -0.56750035
vn -0.25345886 -0.96277732 0.09390642
vn -0.61163914 0.27647516 0.74125504
vn -0.73085165 -0.30098382 0.61258847
vn -0.79712719 -0.42363504 0.43025762
vn -0.85625738 -0.50149775 0.12378743
vn -0.66058248 -0.10321506 0.74362457
vn -0.60767001 0.15393941 0.77912754
vn -0.96056950 -0.11930057 0.25114462
vn -0.65640306 -0.42128450 -0.62582296
vn -0.65640306 -0.42128450 -0.62582296
vn -0.77085239 0.44475538 0.45604745
vn -0.69506979 -0.40440705 -0.59441823
vn 0.72354221 0.44002160 0.53185302
vn 0.60382158 -0.49819475 -0.62225521
vn -0.66959059 -0.00485255 0.74271452
vn -0.62280625 -0.76871884 -0.14554629
vn 0.53628832 -0.20493831 0.81877655
vn 0.49956650 -0.85865384 -0.11466012
vn -0.52770489 -0.65701407 0.53838658
vn -0.60824162 0.14887118 0.77966630
vn 0.11988008 0.43618286 0.89183706
vn 0.25321838 0.12372512 0.95946479
vn -0.67099321 0.02133286 0.74115658
vn -0.73771572 -0.27726907 0.61554646
vn -0.60431689 0.70191836 0.37697706
vn -0.55180782 -0.67427915 0.49077052
vn -0.55407834 0.33098209 0.76383770
vn -0.42928854 0.52142721 0.73744488
vn -0.41381148 0.61044747 0.67536205
vn -0.66233629 0.01837280 0.74898136
vn -0.61688232 0.31214926 0.72250891
vn -0.34624195 -0.35219324 0.86952657
vn -0.97835594 -0.09164933 0.18552656
vn -0.97618401 -0.12933995 0.17417252
vn -0.97041583 -0.17078488 0.17066281
vn -0.77908957 -0.48998290 0.39107072
vn -0.86055946 -0.43267551 0.26875505
vn -0.95315289 -0.22669846 0.20026863
vn -0.91572195 -0.34147683 0.21177119
vn -0.14041939 -0.35960913 0.92247695
vn -0.20731753 0.77778405 0.59335601
vn 0.05896228 0.97019196 -0.23505561
vn -0.08264542 0.99232489 -0.09198423
vn -0.57870722 -0.35728961 0.73310441
vn -0.55019808 -0.52062511 0.65286422
vn 0.00109868 -0.97211403 -0.23450615
vn 0.37279871 -0.90448320 -0.20719855
vn -0.20579374 -0.92446947 -0.32094425
vn -0.30079502 -0.79978019 -0.51949394
vn -0.14603317 -0.98451078 0.09701973
vn -0.14603317 -0.98451078 0.09701973
vn -0.14603317 -0.98451078 0.09701973
vn -0.35038835 0.12125189 0.92872286
vn -0.35038835 0.12125189 0.92872286
vn -0.24714202 -0.04150570 0.96808994
vn -0.24714202 -0.04150570 0.96808994
vn -0.11737482 -0.15778154 0.98047346
vn -0.11737482 -0.15778154 0.98047346
vn -0.91657907 -0.39882311 0.02868792
vn -0.91657907 -0.39882311 0.02868792
vn -0.78682661 0.13147856 0.60300690
vn -0.78682661 0.13147856 0.60300690
vn -0.60568684 0.22071587 0.76447892
vn -0.60568684 0.22071587 0.76447892
vn 0.12976791 -0.69232947 0.70981705
vn 0.12976791 -0.69232947 0.70981705
vn -0.66870522 0.00866744 0.74347717
vn -0.66870522 0.00866744 0.74347717
vn -0.15860882 -0.09317544 0.98293519
vn -0.15860882 -0.09317544 0.98293519
vn -0.16108154 -0.07404013 0.98416001
vn -0.16388638 -0.05179054 0.98511881
vn -0.25996342 -0.01815899 0.96544766
vn -0.40064898 0.00088504 0.91623127
vn -0.50557983 0.01284855 0.86268413
vn -0.62258571 0.02346904 0.78219956
vn -0.71772140 0.03329651 0.69553393
vn -0.75437373 0.03537176 0.65549153
vn -0.74293011 0.02761992 0.66879892
vn -0.69808799 0.01522890 0.71585000
vn -0.69921249 0.01547295 0.71474648
vn -0.74536538 0.02850474 0.66604650
vn -0.75287414 0.03567676 0.65719694
vn -0.70645642 0.03192299 0.70703626
vn -0.59645730 0.02111894 0.80236691
vn -0.48760179 0.01110891 0.87299550
vn -0.36137372 -0.00415056 0.93241191
vn -0.21402770 -0.02502534 0.97650701
vn -0.55589771 -0.13272573 -0.82058614
vn -0.83159298 -0.17359443 -0.52755857
vn -0.92328042 -0.21540767 -0.31804526
vn -0.96339011 -0.24302198 -0.11322511
vn 0.00000000 -0.12610410 -0.99201703
vn 0.00000000 -0.12610410 -0.99201703
vn -0.94456476 -0.31950393 0.07559570
vn -0.55508590 0.11884234 -0.82325941
vn -0.83385706 0.16462284 -0.52686024
vn -0.93281859 0.22544514 -0.28111210
vn -0.97201020 0.23493780 -0.00061039
vn 0.00000000 0.10431304 -0.99454457
vn 0.00000000 0.10431304 -0.99454457
vn -0.92350900 0.20368470 0.32502878
vn 0.00000000 -0.32875261 -0.94441611
vn 0.00000000 -0.32875261 -0.94441611
vn -0.82622814 -0.44940194 -0.33968377
vn -0.75260603 -0.39305812 -0.52828914
vn -0.52803665 -0.33766028 -0.77920663
vn -0.85775900 -0.51121902 0.05389606
vn -0.85976166 -0.48684528 -0.15424500
vn -0.80104023 -0.57055843 -0.18110156
vn -0.86936098 -0.48677623 0.08520873
vn -0.45827067 -0.86484247 0.20502548
vn -0.55721754 -0.79844046 0.22803865
vn -0.67627376 -0.66815561 0.31019661
vn -0.74811363 -0.58443993 0.31425473
vn 0.00000000 -0.97470665 0.22348854
vn 0.00000000 -0.97470665 0.22348854
vn -0.29532856 0.10574698 0.94952548
vn -0.30586433 0.08972672 0.94783765
vn -0.66707981 0.12476084 0.73446530
vn -0.79365039 0.16736700 0.58489943
vn 0.00000000 0.26594660 0.96398783
vn 0.00000000 0.26594660 0.96398783
vn -0.69238371 -0.68768382 -0.21839371
vn -0.46291262 -0.88572329 -0.03473065
vn -0.34636262 -0.93770295 0.02731470
vn -0.48312607 -0.87301457 -0.06659388
vn -0.52990556 -0.84449792 -0.07761043
vn 0.00000000 -0.99964988 0.02645997
vn 0.00000000 -0.99964988 0.02645997
vn -0.96972394 0.01474088 0.24375859
vn -0.95548552 0.03677526 -0.29273722
vn -0.85803115 0.02502527 -0.51298761
vn -0.55849880 0.01406929 -0.82938606
vn -0.72495288 0.02621599 0.68829936
vn -0.25886363 0.00494411 0.96590132
vn 0.00000000 0.04681550 0.99890363
vn 0.00000000 0.04681550 0.99890363
vn -0.99756730 0.03790432 -0.05850450
vn 0.00000000 0.00756860 -0.99997139
vn 0.00000000 0.00756860 -0.99997139
vn -0.84721470 0.02209594 0.53079104
vn -0.35271013 -0.00524930 0.93571800
vn -0.40300110 0.03885046 0.91437459
vn -0.86968499 -0.08670603 0.48593220
vn -0.60732996 -0.22883216 0.76077998
vn -0.56436157 -0.42714712 0.70642865
vn -0.75229484 -0.07062110 0.65503061
vn -0.43798208 -0.39189798 0.80906594
vn 0.00000000 -0.48876229 0.87241709
vn 0.00000000 -0.48876229 0.87241709
vn -0.45012283 0.26316422 -0.85330772
vn -0.63006818 0.55792087 -0.54012823
vn -0.69017500 0.69005293 -0.21791147
vn -0.72077417 0.68793541 0.08502675
vn 0.00000000 0.18103892 -0.98347592
vn 0.00000000 0.18103892 -0.98347592
vn -0.67048180 0.60385782 0.43105671
vn -0.08047976 0.32771775 0.94134164
vn -0.26307625 0.28874299 0.92055327
vn -0.46337417 0.37468520 0.80305380
vn -0.57721412 0.49768046 0.64740878
vn 0.00000000 0.38774452 0.92176688
vn 0.00000000 0.38774452 0.92176688
vn -0.39555609 0.57744908 -0.71420443
vn -0.39961609 0.83921212 -0.36882243
vn -0.40215015 0.90617299 -0.13086589
vn -0.40838268 0.90527207 0.11707316
vn 0.00000000 0.16928655 -0.98556691
vn 0.00000000 0.16928655 -0.98556691
vn -0.39333469 0.83467633 0.38549119
vn -0.13086748 0.38359919 0.91418016
vn -0.20588419 0.43053785 0.87877691
vn -0.30827656 0.56988895 0.76170343
vn -0.37199700 0.69494981 0.61535609
vn 0.00000000 0.40874484 0.91264880
vn 0.00000000 0.40874484 0.91264880
vn -0.43120235 0.09070234 0.89768457
vn -0.31055811 0.06073219 0.94861233
vn 0.00000000 0.03912581 0.99923426
vn 0.00000000 0.03912581 0.99923426
vn -0.21277811 0.03637858 0.97642314
vn 0.90101296 -0.14942111 0.40724578
vn 0.44276845 0.09622615 0.89145756
vn 0.44710639 -0.86906499 0.21171175
vn 0.38341296 -0.90529150 0.18287115
vn 0.22907446 -0.96302223 0.14182107
vn 0.00000000 -0.99996030 0.00891159
vn 0.00000000 -0.99996030 0.00891159
vn 0.00000000 0.98651493 0.16367145
vn 0.00000000 0.98651493 0.16367145
vn -0.11957251 0.95538980 0.27006054
vn -0.03097682 0.83023971 0.55654508
vn -0.12647191 0.95973980 0.25080746
vn 0.00000000 -0.24748018 0.96889293
vn 0.00000000 -0.24748018 0.96889293
vn 0.00000000 0.98452008 -0.17527197
vn 0.00000000 0.98452008 -0.17527197
vn 0.00000000 0.93838483 -0.34559223
vn 0.00000000 0.93838483 -0.34559223
vn 0.00000000 0.86263323 -0.50582993
vn 0.00000000 0.86263323 -0.50582993
vn 0.00000000 0.75275630 -0.65829933
vn 0.00000000 0.75275630 -0.65829933
vn 0.00000000 0.61291957 -0.79014528
vn 0.00000000 0.61291957 -0.79014528
vn 0.00000000 0.46053100 -0.88764364
vn 0.00000000 0.46053100 -0.88764364
vn 0.00000000 0.30122778 -0.95355219
vn 0.00000000 0.30122778 -0.95355219
vn 0.00000000 0.11908626 -0.99288392
vn 0.00000000 0.11908626 -0.99288392
vn -0.02398802 0.98524821 -0.16944207
vn -0.06790408 0.93881601 -0.33765882
vn -0.10776338 0.86225963 -0.49486920
vn -0.14389803 0.75156575 -0.64377201
vn -0.17502715 0.61068761 -0.77228630
vn -0.19755185 0.45806512 -0.86668885
vn -0.21128568 0.30061591 -0.93004763
vn -0.22089958 0.11542446 -0.96844238
vn -0.07556405 0.98465198 -0.15732336
vn -0.15109986 0.93653840 -0.31633008
vn -0.22089824 0.85813987 -0.46346515
vn -0.28621429 0.74578083 -0.60157496
vn -0.34215572 0.60373962 -0.72001946
vn -0.38249516 0.45226169 -0.80570263
vn -0.40817258 0.29881993 -0.86261338
vn -0.42824203 0.10352030 -0.89771515
vn -0.10922828 0.98397011 -0.14096828
vn -0.21833238 0.93381804 -0.28339872
vn -0.31828713 0.85280448 -0.41402656
vn -0.41094723 0.73796546 -0.53528440
vn -0.48986036 0.59429634 -0.63784695
vn -0.54693079 0.44310522 -0.71029896
vn -0.58328235 0.29505932 -0.75678378
vn -0.61129600 0.08652142 -0.78665829
vn -0.13837302 0.98316872 -0.11929867
vn -0.27641410 0.93065828 -0.23972981
vn -0.40168917 0.84662348 -0.34910518
vn -0.51656431 0.72891545 -0.44926998
vn -0.61301017 0.58346754 -0.53271395
vn -0.67905807 0.43508548 -0.59125364
vn -0.71975911 0.29228008 -0.62969768
vn -0.75105220 0.07324658 -0.65616733
vn -0.16193467 0.98238122 -0.09329707
vn -0.32337835 0.92753059 -0.18738610
vn -0.46843824 0.84058851 -0.27198654
vn -0.60571563 0.71692783 -0.34514225
vn -0.71455801 0.57322121 -0.40102902
vn -0.78427726 0.43489575 -0.44246444
vn -0.83302790 0.29222357 -0.46975508
vn -0.87430346 0.05908445 -0.48177022
vn -0.17924111 0.98172128 -0.06399942
vn -0.35777870 0.92492038 -0.12851711
vn -0.51779538 0.83519912 -0.18528442
vn -0.67386842 0.70161057 -0.23161176
vn -0.78822374 0.56006086 -0.25501981
vn -0.86632419 0.42605102 -0.26069686
vn -0.92469180 0.28171986 -0.25608400
vn -0.96714056 0.05560525 -0.24808729
vn -0.18982835 0.98127818 -0.03253328
vn -0.37877536 0.92317909 -0.06534187
vn -0.54938298 0.83046836 -0.09219965
vn -0.71560788 0.68948370 -0.11188240
vn -0.83129007 0.54410160 -0.11362408
vn -0.91521186 0.39223367 -0.09241235
vn -0.96643889 0.24967429 -0.06048827
vn -0.99742454 0.05380514 -0.04742665
vn -0.19410215 0.98097885 0.00222790
vn -0.38637725 0.92233062 0.00433377
vn -0.56054199 0.82810187 0.00631743
vn -0.72706288 0.68653309 0.00720257
vn -0.84386438 0.53647196 0.00952209
vn -0.93261594 0.36019155 0.02212666
vn -0.97725779 0.20719539 0.04513801
vn -0.99659806 0.05591081 0.06054970
vn -0.18799581 0.98090470 0.04983720
vn -0.37017140 0.92364311 0.09928004
vn -0.53495014 0.83285332 0.14206941
vn -0.69122648 0.70181662 0.17221913
vn -0.80890971 0.55969048 0.18003240
vn -0.90944701 0.36571375 0.19788766
vn -0.95984334 0.18900226 0.20731349
vn -0.16306154 0.98227566 0.09244122
vn -0.32511917 0.92729002 0.18555565
vn -0.47076383 0.84017223 0.26924333
vn -0.60178369 0.72471625 0.33562306
vn -0.70752394 0.59924227 0.37459129
vn -0.81628817 0.41273716 0.40413085
vn -0.88511324 0.22455911 0.40761229
vn -0.90956765 0.13071430 0.39446238
vn -0.13840297 0.98316461 0.11929817
vn -0.27644232 0.93065047 0.23972780
vn -0.40166360 0.84663397 0.34910950
vn -0.50665486 0.73893911 0.44415087
vn -0.58652681 0.63004792 0.50894588
vn -0.67096674 0.48339507 0.56225699
vn -0.74354750 0.29329276 0.60092968
vn -0.10925844 0.98396683 0.14096780
vn -0.21833238 0.93381804 0.28339872
vn -0.31828713 0.85280448 0.41402656
vn -0.40258196 0.74372828 0.53366297
vn -0.44634965 0.63670057 0.62879598
vn -0.47304910 0.49392432 0.72956383
vn -0.50243771 0.33003473 0.79914546
vn -0.52502072 0.14185293 0.83918470
vn -0.07657289 0.98470473 0.15650289
vn -0.15333048 0.93658555 0.31511492
vn -0.22425605 0.85817313 0.46178803
vn -0.28828180 0.74774432 0.59814054
vn -0.31657922 0.61457211 0.72255021
vn -0.30448979 0.44603771 0.84162718
vn -0.27161944 0.30326769 0.91337377
vn -0.30687097 0.22251579 0.92537391
vn -0.05493421 0.98533654 0.16153708
vn -0.09155723 0.93827844 0.33354297
vn -0.12903513 0.86207557 0.49007720
vn -0.16770233 0.75284463 0.63647538
vn -0.19892611 0.59772450 0.77662981
vn -0.21330005 0.40566376 0.88878572
vn -0.20481423 0.25849748 0.94404984
vn 0.00000000 0.98526639 0.17102690
vn 0.00000000 0.98526639 0.17102690
vn 0.00000000 0.93879771 0.34446898
vn 0.00000000 0.93879771 0.34446898
vn 0.00000000 0.86379331 0.50384635
vn 0.00000000 0.86379331 0.50384635
vn 0.00000000 0.75583810 0.65475851
vn 0.00000000 0.75583810 0.65475851
vn 0.00000000 0.59762907 0.80177271
vn 0.00000000 0.59762907 0.80177271
vn 0.00000000 0.40318859 0.91511691
vn 0.00000000 0.40318859 0.91511691
vn 0.00000000 0.26139712 0.96523142
vn 0.00000000 0.26139712 0.96523142
vn 0.00000000 0.13987018 0.99016988
vn 0.00000000 0.13987018 0.99016988
vn 0.00000000 1.00000000 -0.00030519
vn 0.00000000 1.00000000 -0.00030519
vn -0.13541313 0.25199598 0.95820737
vn -0.11261757 0.39880046 0.91009647
vn 0.00405900 0.98526853 0.17096625
vn -0.02215701 0.94026917 0.33971035
vn -0.04876916 0.86502689 0.49934971
vn -0.07153769 0.75679183 0.64972949
vn -0.09308348 0.59841996 0.79575694
vn -0.32493404 -0.23496450 0.91608387
vn -0.31635970 -0.08948163 0.94440973
vn -0.08099844 -0.26142898 0.96181816
vn -0.08099844 -0.26142898 0.96181816
vn -0.20502722 -0.28675732 0.93580669
vn -0.25651380 -0.19211830 0.94725466
vn -0.17023470 -0.00869790 0.98536521
vn 0.00000000 -0.14515044 0.98940957
vn 0.00000000 -0.14515044 0.98940957
vn -0.04693849 -0.26692072 0.96257484
vn -0.04693849 -0.26692072 0.96257484
vn -0.25752044 0.04358132 0.96528953
vn -0.34166428 -0.17798892 0.92281395
vn -0.31587476 0.01623627 0.94866198
vn -0.94058388 -0.08945297 0.32756695
vn -0.80656415 -0.34898823 0.47713885
vn -0.56598616 -0.13031875 0.81404960
vn -0.51329905 -0.39174184 0.76358533
vn -0.85818046 -0.26310942 0.44079450
vn -0.97931379 -0.20142327 -0.01931832
vn -0.94341755 -0.30049461 0.14023690
vn -0.92846608 -0.32277486 0.18375827
vn -0.93155670 0.03186165 0.36219743
vn -0.74116707 -0.30916300 0.59589404
vn -0.80470377 -0.36736149 0.46636623
vn -0.37239116 0.04870811 0.92679685
vn -0.38195044 -0.09332836 0.91945839
vn -0.46337166 -0.33772451 0.81928557
vn -0.96026331 -0.24208012 0.13889392
vn -0.96456993 -0.19959778 0.17252694
vn -0.94949168 -0.16202796 0.26872405
vn -0.90113616 -0.23908629 0.36165079
vn -0.94759971 -0.24989361 0.19901760
vn -0.93743950 -0.30141142 0.17423630
vn 0.00000000 -0.26536077 -0.96414924
vn 0.00000000 -0.26536077 -0.96414924
vn -0.21494785 -0.25837690 -0.94182742
vn -0.40630692 -0.24730000 -0.87963480
vn -0.59641457 -0.23509268 -0.76747704
vn -0.74155122 -0.24262621 -0.62548727
vn -0.83177078 -0.24659529 -0.49734116
vn -0.94487709 -0.21748044 -0.24476467
vn -0.97377193 -0.22165999 -0.05133307
vn -0.94489837 -0.32279932 -0.05447639
vn -0.97792923 -0.20341100 -0.04773215
vn -0.99083263 -0.11707122 -0.06741667
vn -0.99446505 -0.09927865 0.03439503
vn -0.97948533 -0.20045055 -0.02069206
vn -0.22068122 -0.11343828 -0.96872675
vn -0.21723501 -0.02874900 -0.97569585
vn -0.42454764 -0.04275690 -0.90439546
vn -0.42556304 -0.11817126 -0.89717984
vn -0.60660887 -0.06631923 -0.79222953
vn -0.61083138 -0.13007061 -0.78100359
vn 0.00000000 -0.11099761 -0.99382073
vn 0.00000000 -0.11099761 -0.99382073
vn 0.00000000 -0.02517824 -0.99968296
vn 0.00000000 -0.02517824 -0.99968296
vn -0.95826399 -0.17322548 -0.22742710
vn -0.96355730 -0.12052097 -0.23881403
vn -0.85671383 -0.17600615 -0.48483333
vn -0.86735952 -0.10861831 -0.48568466
vn -0.74809831 -0.16309716 -0.64323270
vn -0.74557823 -0.09158740 -0.66009462
vn -0.96360987 -0.26682845 0.01608356
vn -0.99137712 -0.06811827 0.11194345
vn -0.98458892 -0.14856882 0.09226039
vn -0.97782964 -0.20566772 0.03936954
vn -0.32863218 -0.27980125 0.90206003
vn 0.00000000 -0.45763281 -0.88914126
vn 0.00000000 -0.45763281 -0.88914126
vn -0.17682961 -0.43709940 -0.88185906
vn -0.35268158 -0.39650738 -0.84758335
vn -0.56335914 -0.34767798 -0.74949753
vn -0.72398299 -0.30495059 -0.61875188
vn -0.81326091 -0.28004962 -0.51007730
vn -0.90759587 -0.24884956 -0.33814725
vn -0.96444243 -0.20811157 -0.16291238
vn 0.00000000 -0.54141760 -0.84075379
vn 0.00000000 -0.54141760 -0.84075379
vn -0.14075412 -0.54266024 -0.82807493
vn -0.32924169 -0.56423992 -0.75712162
vn -0.56088579 -0.55292028 -0.61618698
vn -0.66282278 -0.51547462 -0.54309475
vn -0.74345821 -0.46017495 -0.48529267
vn -0.84222507 -0.41816750 -0.34028369
vn -0.89421290 -0.37819406 -0.23948427
vn 0.00000000 -0.40490064 -0.91436070
vn 0.00000000 -0.40490064 -0.91436070
vn -0.20499414 -0.34455618 -0.91611046
vn -0.32957956 -0.48287874 -0.81129861
vn -0.69179714 -0.51646739 -0.50465661
vn -0.67224509 -0.46608827 -0.57519418
vn -0.70318925 -0.45290256 -0.54809147
vn -0.79381549 -0.51385897 -0.32527819
vn -0.82666767 -0.50524181 -0.24769208
vn -0.82212973 -0.47417888 -0.31505108
vn 0.00000000 -0.16089894 -0.98697096
vn 0.00000000 -0.16089894 -0.98697096
vn -0.01062061 0.05557507 -0.99839801
vn -0.73373425 -0.28144485 -0.61840355
vn -0.59051681 -0.01742649 -0.80683726
vn -0.77771211 -0.33286923 -0.53325605
vn -0.98517990 0.07376413 0.15485279
vn -0.78264076 0.12772389 0.60922921
vn -0.21799625 0.14594123 0.96497607
vn -0.13678618 0.14783405 0.97950739
vn -0.99875432 -0.00000000 -0.04989805
vn -0.99892491 0.00000000 0.04635871
vn -0.09607512 -0.92479920 0.36812514
vn -0.09607512 -0.92479920 0.36812514
vn 0.00000000 -0.80693346 -0.59064233
vn 0.00000000 -0.80693346 -0.59064233
vn 0.13465098 -0.82572907 -0.54775965
vn 0.13465098 -0.82572907 -0.54775965
vn 0.09653327 -0.90426314 -0.41592017
vn 0.09653327 -0.90426314 -0.41592017
vn -0.03476136 -0.90617579 -0.42147005
vn -0.03476136 -0.90617579 -0.42147005
vn -0.07407030 -0.93327963 -0.35142952
vn -0.07407030 -0.93327963 -0.35142952
vn -0.09500752 -0.90917891 0.40542239
vn -0.09500752 -0.90917891 0.40542239
vn -0.01757909 -0.97676873 -0.21357374
vn -0.01757909 -0.97676873 -0.21357374
vn -0.01757909 -0.97676873 -0.21357374
vn -0.01757909 -0.97676873 -0.21357374
vn -0.12759890 -0.98569471 -0.11011167
vn -0.12759890 -0.98569471 -0.11011167
vn -0.09936947 -0.97867942 0.17975619
vn -0.09936947 -0.97867942 0.17975619
vn -0.16938207 -0.96196800 0.21430646
vn -0.16938207 -0.96196800 0.21430646
vn -0.16727661 -0.95818573 0.23216075
vn -0.16727661 -0.95818573 0.23216075
vn -0.16727661 -0.95818573 0.23216075
vn -0.16727661 -0.95818573 0.23216075
vn 0.00000000 -0.91535920 0.40263844
vn 0.00000000 -0.91535920 0.40263844
vn -0.19218121 0.15662600 0.96877998
vn 0.00000000 0.28669542 -0.95802176
vn 0.13571678 0.28074172 -0.95013946
vn -0.07956287 0.31791577 -0.94477475
vn -0.40291503 0.34721738 -0.84681737
vn -0.60629457 0.32795942 -0.72446501
vn -0.46385440 0.24460775 0.85147291
vn -0.81925970 0.31923175 -0.47634506
vn -0.81925970 0.31923175 -0.47634506
vn -0.92531574 0.32680109 -0.19233286
vn -0.93717659 0.34013394 0.07751819
vn -0.87956822 0.34383121 0.32884619
vn -0.72495109 0.32386887 0.60791028
vn -0.72495109 0.32386887 0.60791028
vn 0.00000000 0.11584958 0.99326676
vn 0.95116538 -0.06619642 0.30150047
vn 0.85604995 -0.06885023 0.51228714
vn 0.44893888 -0.02166870 0.89329976
vn -0.86722630 -0.01736528 0.49761137
vn -0.86722630 -0.01736528 0.49761137
vn -0.96954960 -0.01248216 0.24457711
vn -0.97428036 -0.21805643 0.05682590
vn -0.99056125 -0.00158700 -0.13706167
vn -0.86732674 0.04541265 -0.49566326
vn -0.86732674 0.04541265 -0.49566326
vn -0.52398276 0.00146492 0.85172760
vn -0.59848529 0.10040881 -0.79481661
vn -0.37380323 0.12970802 -0.91839373
vn -0.04580923 0.14359257 -0.98857611
vn -0.84267497 0.00790456 -0.53836465
vn -0.84267497 0.00790456 -0.53836465
vn -0.06625646 0.12207548 -0.99030685
vn 0.12589215 0.30745152 -0.94319916
vn 0.00000000 0.18638141 0.98247755
vn -0.20469294 0.21433705 0.95507097
vn -0.97751474 -0.01580870 -0.21027403
vn -0.99528134 -0.01522891 0.09582924
vn -0.92826545 -0.01464911 0.37162971
vn -0.38127768 0.11020522 -0.91786820
vn -0.76460004 -0.01077331 0.64441508
vn -0.76460004 -0.01077331 0.64441508
vn 0.00000000 0.10355199 -0.99462408
vn -0.49355736 -0.00323504 0.86970723
vn -0.58181483 0.06665356 -0.81058544
vn 0.13687892 0.19886355 -0.97042125
vn 0.00000000 0.20639960 -0.97846782
vn -0.42916417 0.17240424 0.88661987
vn -0.72891480 0.26136434 0.63274950
vn -0.72891480 0.26136434 0.63274950
vn -0.65747249 0.23511897 -0.71585542
vn -0.45998392 0.23969702 -0.85496211
vn -0.18738756 0.10428392 0.97673476
vn -0.83899856 0.24888265 -0.48387912
vn -0.83899856 0.24888265 -0.48387912
vn -0.13025527 0.22535260 -0.96553087
vn 0.00000000 0.10449733 0.99452519
vn -0.94120210 0.27018356 -0.20282844
vn -0.95563185 0.28324401 0.08087454
vn -0.89655316 0.28144512 0.34202507
vn -0.17459995 0.11557594 0.97783285
vn 0.00000000 0.02932910 -0.99956983
vn 0.11441547 0.02847416 -0.99302489
vn -0.16962355 0.02554425 -0.98517781
vn -0.48659185 0.05209560 -0.87207484
vn -0.67422998 0.09698999 -0.73212492
vn -0.39121950 0.14240035 0.90921372
vn -0.84470671 0.14807852 -0.51433778
vn -0.84470671 0.14807852 -0.51433778
vn -0.95644540 0.19330947 -0.21873207
vn -0.97536820 0.20331997 0.08554576
vn -0.91533762 0.19898646 0.35008794
vn -0.73771685 0.18732858 0.64859998
vn -0.73771685 0.18732858 0.64859998
vn 0.00000000 0.09998114 0.99498934
vn 0.41595164 0.12165113 -0.90121323
vn -0.14777508 0.10532255 0.98339701
vn 0.00000000 -0.24061070 -0.97062176
vn 0.19812840 -0.28211626 -0.93869889
vn -0.16550331 -0.14554402 -0.97541052
vn -0.45901436 -0.10855812 -0.88177145
vn -0.64407808 -0.03042768 -0.76435435
vn -0.38350236 0.16181198 0.90925407
vn -0.83162993 0.07205688 -0.55063552
vn -0.83162993 0.07205688 -0.55063552
vn -0.96262777 0.13510725 -0.23472100
vn -0.98530710 0.14536218 0.08966493
vn -0.92484313 0.14136331 0.35310304
vn -0.74872696 0.15061215 0.64554161
vn -0.74872696 0.15061215 0.64554161
vn 0.00000000 -0.07510709 0.99717551
vn 0.04611467 0.00421166 0.99892730
vn 0.00000000 -0.78381366 0.62099606
vn 0.47911936 -0.68054533 0.55434895
vn 0.00000000 -0.96128517 0.27555540
vn 0.68122125 -0.67786407 0.27647430
vn 0.00000000 -0.98905337 -0.14755841
vn 0.00000000 -0.98905337 -0.14755841
vn 0.87625152 -0.47955629 -0.04700036
vn 0.87625152 -0.47955629 -0.04700036
vn 0.00000000 -0.77740902 -0.62899542
vn 0.82237005 -0.42775697 -0.37514189
vn 0.00000000 -0.60108358 -0.79918623
vn 0.49630871 -0.46649113 -0.73216373
vn -0.00518821 0.07535113 0.99714357
vn 0.28883815 -0.17280236 -0.94165385
vn -0.14087588 -0.10605366 -0.98433053
vn -0.38682812 -0.04480187 -0.92106295
vn -0.55788851 0.02789442 -0.82944703
vn -0.41741320 0.16617788 0.89339310
vn -0.80466396 0.09228945 -0.58651406
vn -0.80466396 0.09228945 -0.58651406
vn -0.96690404 0.11221850 -0.22913691
vn -0.99061424 0.10699940 0.08505628
vn -0.93679172 0.12207744 0.32789999
vn -0.78909993 0.16062161 0.59289306
vn -0.78909993 0.16062161 0.59289306
vn 0.25880143 -0.06994963 0.96339452
vn 0.84623992 -0.18888412 0.49819750
vn 0.97664249 -0.08444642 0.19758081
vn 0.99867117 -0.04889134 -0.01629711
vn 0.99867117 -0.04889134 -0.01629711
vn 0.96317184 -0.10614422 -0.24704932
vn 0.74054527 -0.18610530 -0.64572257
vn 0.00000000 -0.43529609 0.90028733
vn 0.58770978 -0.19111173 0.78617656
vn 0.16318738 -0.29194888 -0.94240952
vn -0.20350279 -0.19254635 -0.95995444
vn 0.94858730 -0.23697896 0.20981720
vn 0.99284232 -0.11881026 -0.01217706
vn 0.99284232 -0.11881026 -0.01217706
vn -0.07074284 0.09686702 0.99278009
vn 0.10654051 -0.10733400 0.98849815
vn -0.81040728 0.05841378 -0.58294755
vn -0.81040728 0.05841378 -0.58294755
vn -0.96354216 0.11676525 -0.24073295
vn 0.70820576 -0.44122088 0.55115223
vn -0.98848397 0.12265638 0.08862755
vn 0.70509434 -0.27855241 -0.65211236
vn -0.92924684 0.12592198 0.34733835
vn -0.42861000 -0.13754950 -0.89295775
vn 0.94579911 -0.18049230 -0.26997542
vn -0.76962829 0.15418202 0.61959684
vn -0.76962829 0.15418202 0.61959684
vn -0.39955074 0.17691685 0.89947748
vn -0.59625810 -0.04913628 -0.80128759
vn 0.32081458 -0.36445659 0.87421358
vn 0.99790591 -0.04998991 -0.04104787
vn 0.99790591 -0.04998991 -0.04104787
vn 0.95476758 -0.01541228 -0.29695335
vn 0.82436383 0.04678649 -0.56412357
vn 0.68756610 -0.05081440 0.72434169
vn 0.65183872 -0.10626942 0.75087494
vn 0.61783737 -0.12412293 0.77644742
vn -0.82339108 0.09250522 -0.55988395
vn -0.82339108 0.09250522 -0.55988395
vn -0.84506923 0.04071226 -0.53310472
vn -0.84506923 0.04071226 -0.53310472
vn 0.77568078 -0.11136525 -0.62122220
vn 0.78070885 -0.07437503 -0.62045312
vn -0.50169474 0.03155620 0.86446893
vn -0.46551514 0.10456008 0.87884176
vn 0.95298910 -0.11093689 -0.28196588
vn 0.94442517 -0.10352205 -0.31200054
vn 0.99619687 -0.07443552 -0.04529000
vn 0.99619687 -0.07443552 -0.04529000
vn 0.99886346 -0.03769124 -0.02917637
vn 0.99886346 -0.03769124 -0.02917637
vn -0.55843329 0.08862665 -0.82480150
vn -0.58141625 0.06494430 -0.81101018
vn -0.36869642 0.07464874 -0.92654765
vn -0.35801747 0.07101753 -0.93101025
vn 0.84910417 -0.13162915 0.51156223
vn 0.83937770 -0.13233252 0.52719373
vn 0.38350126 0.01342834 -0.92344272
vn 0.35493380 -0.05081383 -0.93350953
vn -0.05652067 0.02261437 -0.99814528
vn -0.04892275 0.06277860 -0.99682772
vn 0.01721283 0.00494411 0.99983966
vn 0.00988829 0.04309340 0.99902213
vn 0.36482158 -0.04666322 0.92990738
vn 0.40181395 -0.05383562 0.91413748
vn -0.97735912 0.07553597 -0.19764483
vn -0.98652565 0.01370302 -0.16303232
vn -0.99516857 0.06122142 0.07675567
vn -0.99824756 0.00024415 0.05917644
vn -0.95504123 0.07596260 0.28657645
vn -0.96823174 0.00201429 0.25004640
vn 0.96811122 -0.06879111 0.24089092
vn 0.95322365 -0.09585950 0.28666294
vn -0.82653630 0.10535035 0.55293673
vn -0.82653630 0.10535035 0.55293673
vn -0.85151911 0.01702977 0.52404696
vn -0.85151911 0.01702977 0.52404696
vn 0.68524563 -0.69086111 0.23054136
vn 0.62814701 -0.67578757 0.38567168
vn 0.35045424 -0.66758132 0.65689951
vn -0.63405544 -0.68325150 0.36213428
vn -0.63405544 -0.68325150 0.36213428
vn -0.68817466 -0.70285434 0.18003203
vn -0.59354115 -0.67994153 0.43056756
vn -0.72372872 -0.68075794 -0.11307308
vn -0.67713624 -0.60257709 -0.42235944
vn -0.67713624 -0.60257709 -0.42235944
vn -0.39799929 -0.64572263 0.65164328
vn -0.48647645 -0.57583678 -0.65707892
vn -0.31014043 -0.54532468 -0.77873874
vn -0.03512736 -0.51674759 -0.85541683
vn 0.35024190 -0.51809919 -0.78032285
vn 0.05090598 -0.63711828 0.76908320
vn 0.74773920 -0.66262245 -0.04263465
vn 0.74773920 -0.66262245 -0.04263465
vn 0.71864218 -0.65381879 -0.23680064
vn 0.66891629 -0.56472433 -0.48336059
vn 0.52328384 -0.66306221 0.53527796
vn -0.66888344 -0.66396993 -0.33427387
vn -0.13272694 0.62243408 -0.77133608
vn -0.13272694 0.62243408 -0.77133608
vn -0.13272694 0.62243408 -0.77133608
vn -0.27461067 0.67312884 -0.68664885
vn -0.27461067 0.67312884 -0.68664885
vn -0.25425690 0.82277185 -0.50833070
vn -0.27625674 0.95850593 0.07034598
vn -0.27625674 0.95850593 0.07034598
vn -0.19037867 0.80103701 0.56753474
vn -0.08108824 0.50777048 0.85766762
vn -0.02105808 0.45506820 0.89020759
vn 0.00000000 0.38365519 0.92347646
vn 0.00000000 0.34107646 0.94003564
vn -0.32655245 0.71371549 -0.61965621
vn -0.19529212 0.44982192 0.87150520
vn -0.11987793 0.41658193 0.90115976
vn -0.46120811 0.88399237 0.07645092
vn -0.42186794 0.71689779 0.55505407
vn -0.42110690 0.77272117 -0.47494319
vn 0.00000000 0.57509571 -0.81808621
vn 0.00000000 0.57509571 -0.81808621
vn -0.15790513 0.59142709 -0.79074645
vn -0.22834551 0.84645313 -0.48101491
vn -0.25602311 0.96247476 0.08996974
vn -0.25602311 0.96247476 0.08996974
vn -0.19376667 0.78013283 0.59485054
vn -0.18384631 0.43260649 0.88263935
vn -0.19116990 0.46947101 -0.86200404
vn -0.32829416 0.82908243 -0.45259854
vn -0.39033791 0.91270089 0.12088573
vn -0.39033791 0.91270089 0.12088573
vn -0.29579335 0.72748923 0.61908466
vn -0.39309332 0.22694427 0.89105225
vn -0.30476454 0.26066431 -0.91606367
vn -0.52456486 0.70764977 -0.47335353
vn -0.60336781 0.78660613 0.13114171
vn -0.60336781 0.78660613 0.13114171
vn -0.45288000 0.60572201 0.65421760
vn -0.50774413 0.05914577 0.85947531
vn -0.34419626 0.50643671 0.79060155
vn -0.37536159 0.53629196 0.75597262
vn -0.11389608 0.51576734 0.84912407
vn -0.18976840 0.37675956 0.90666437
vn -0.27381510 0.22422194 0.93528062
vn -0.40264484 0.14777583 -0.90334904
vn -0.40264484 0.14777583 -0.90334904
vn -0.12979877 0.31761482 0.93929392
vn 0.00000000 0.19025534 0.98173463
vn -0.69101137 0.49153915 -0.52999312
vn -0.69101137 0.49153915 -0.52999312
vn -0.82810557 0.55071735 0.10465003
vn -0.82810557 0.55071735 0.10465003
vn -0.82810557 0.55071735 0.10465003
vn -0.66251236 0.36464426 0.65430272
vn -0.66251236 0.36464426 0.65430272
vn -0.72867846 -0.10632920 0.67655146
vn -0.72867846 -0.10632920 0.67655146
vn -0.34925887 0.07330651 0.93415445
vn -0.34925887 0.07330651 0.93415445
vn -0.27118924 0.11725287 0.95535761
vn 0.00000000 -0.04055914 0.99917716
vn -0.06021451 -0.00668372 0.99816316
vn -0.41142792 -0.01214660 0.91136134
vn 0.00000000 -0.07703023 0.99702883
vn -0.13397773 -0.07818928 0.98789495
vn -0.53702420 -0.11957610 0.83504891
vn 0.00000000 -0.09738532 0.99524683
vn -0.16218022 -0.09277905 0.98238975
vn 0.00000000 0.18152753 -0.98338586
vn -0.02270662 0.30180877 -0.95309806
vn -0.14209674 0.24461026 -0.95915300
vn -0.48036787 0.07751808 -0.87363476
vn 0.04510775 -0.12772390 -0.99078345
vn 0.04510775 -0.12772390 -0.99078345
vn 0.00280775 0.17850606 -0.98393488
vn -0.00833181 0.13675761 -0.99056953
vn -0.14691901 0.06625699 -0.98692703
vn -0.49502125 -0.07202528 -0.86589044
vn 0.00000000 -0.03241143 -0.99947459
vn 0.03006128 -0.04248254 -0.99864489
vn -0.02523951 -0.07266659 -0.99703687
vn -0.16599098 -0.13165750 -0.97729897
vn -0.53933787 -0.15574022 -0.82756257
vn -0.90789354 -0.10196558 -0.40661103
vn -0.90789354 -0.10196558 -0.40661103
vn 0.93618721 -0.19556928 -0.29207212
vn -0.99657464 0.00192271 -0.08267657
vn 0.99974036 0.00305190 0.02258404
vn -0.99930155 0.03680545 0.00646995
vn 0.88282746 0.03830153 0.46813324
vn -0.99088603 -0.02056970 0.13312322
vn -0.55029523 -0.09091727 0.83000553
vn -0.89777869 -0.16370413 0.40889415
vn -0.89777869 -0.16370413 0.40889415
vn -0.87972194 -0.08746862 -0.46737424
vn -0.87972194 -0.08746862 -0.46737424
vn -0.98950076 -0.04059083 -0.13871078
vn -0.99900597 -0.03994925 0.01977625
vn -0.95993900 -0.04599187 0.27640897
vn -0.83213896 -0.06723399 0.55047649
vn -0.83213896 -0.06723399 0.55047649
vn -0.15262586 -0.05517847 0.98674244
vn 0.00000000 -0.04071273 -0.99917090
vn -0.01538180 -0.04757983 -0.99874908
vn -0.09717176 -0.05707010 -0.99363005
vn -0.25276235 -0.07285000 -0.96478194
vn -0.53985876 -0.06601359 -0.83916318
vn -0.53131443 -0.04031629 0.84621489
vn -0.85913199 -0.03769060 -0.51036429
vn -0.85913199 -0.03769060 -0.51036429
vn -0.98982549 -0.02578863 -0.13993001
vn -0.99932319 -0.03119070 0.01950182
vn -0.95493108 -0.03183104 0.29511613
vn -0.81628412 -0.03012197 0.57686472
vn -0.81628412 -0.03012197 0.57686472
vn 0.00000000 -0.05627625 0.99841523
vn -0.34086552 0.07071228 -0.93744892
vn -0.80178994 0.27787367 -0.52907389
vn -0.96100616 0.27366197 0.03970494
vn -0.79613972 0.12939902 0.59111547
vn 0.29823196 -0.01397772 0.95439112
vn -0.34598914 0.01120032 0.93817163
vn 0.56760216 -0.20448084 -0.79750568
vn 0.86551446 -0.28812838 -0.40971547
vn 0.99691224 -0.06592164 0.04266595
vn 0.79167461 -0.04407009 0.60935140
vn -0.24671569 0.01644975 -0.96894825
vn -0.73081368 0.13111064 -0.66986680
vn -0.99015558 0.10529024 -0.09222815
vn -0.89226300 0.04788482 0.44896978
vn 0.16599095 -0.04922659 0.98489791
vn -0.40792459 0.02865788 0.91256577
vn 0.52527308 -0.18522353 -0.83053023
vn 0.90007621 -0.16312584 -0.40404546
vn 0.97600371 -0.21149798 0.05182158
vn 0.77994323 -0.18485349 0.59792793
vn -0.28590813 -0.28413796 0.91516238
vn 0.35438535 -0.27381548 0.89411193
vn 0.86874402 -0.30491185 0.39027253
vn 0.89493352 -0.39012191 -0.21656147
vn -0.10782439 -0.51342475 -0.85133356
vn 0.48308659 -0.47554836 -0.73517418
vn -0.78587359 -0.27073726 0.55597126
vn -0.97312415 -0.21109891 0.09201434
vn -0.97312415 -0.21109891 0.09201434
vn -0.96207941 -0.23713222 -0.13480219
vn -0.65061218 -0.46960172 -0.59680653
vn -0.14707148 0.00213634 0.98912358
vn 0.00000000 0.02765017 -0.99961770
vn -0.03317447 0.03415109 -0.99886590
vn -0.11670585 0.04812895 -0.99199969
vn -0.29249763 0.05185241 -0.95485944
vn -0.54524851 0.04013220 -0.83731323
vn -0.52316475 0.01068181 0.85216469
vn -0.84754580 0.04852536 -0.52849925
vn -0.84754580 0.04852536 -0.52849925
vn -0.98671538 0.06998046 -0.14661410
vn -0.99678296 0.07416131 0.03039698
vn -0.94771916 0.04837326 0.31541806
vn -0.80853432 0.02508645 0.58791399
vn -0.80853432 0.02508645 0.58791399
vn 0.00000000 0.00000000 1.00000000
vn -0.19581372 0.78896201 -0.58240539
vn 0.00000000 0.83124655 -0.55590391
vn 0.56481820 -0.07577908 0.82172859
vn 0.62110358 0.02350006 -0.78337610
vn 0.56627798 0.06405915 -0.82172114
vn 0.94388682 -0.32810810 0.03772129
vn 0.84782380 -0.17988025 -0.49883658
vn 0.82520360 -0.23032701 0.51574081
vn 0.00000000 -0.02035598 0.99979287
vn 0.14148581 0.98573124 0.09119060
vn 0.74147004 0.64515066 0.18439853
vn 0.74202144 0.50387752 -0.44216707
vn 0.52795297 0.83909702 0.13108028
vn 0.56949121 0.74052161 0.35680178
vn 0.38645679 0.92193574 0.02618494
vn 0.00000000 0.99999839 -0.00180064
vn -0.37344062 0.54819715 -0.74834615
vn -0.12470267 0.62180418 0.77318096
vn 0.02777262 0.80488724 0.59277761
vn -0.51595759 0.85658240 0.00738565
vn -0.41491169 0.78596693 0.45837137
vn -0.53320402 0.71183395 -0.45714974
vn 0.00000000 0.50656128 -0.86220402
vn -0.57455254 0.68347520 -0.45027879
vn -0.52982044 0.84810948 -0.00085455
vn -0.41603681 0.46794981 -0.77970278
vn -0.14945270 0.54626387 0.82417208
vn -0.38060957 0.76228726 0.52350217
vn 0.00000000 0.42500618 -0.90519053
vn -0.04928783 0.51997900 0.85275584
vn -0.53692847 0.84303844 -0.03152658
vn -0.39919534 0.51297212 -0.75993603
vn -0.18610555 0.60259992 0.77604002
vn -0.40239394 0.77204090 0.49196738
vn -0.03714168 0.52007508 0.85331261
vn -0.54413503 0.69044626 -0.47665605
vn 0.00000000 0.45668590 -0.88962799
vn 0.03940027 0.63397515 0.77234912
vn -0.14169811 0.09796488 0.98505062
vn 0.00000000 0.19571704 -0.98066044
vn -0.00375379 0.22266413 -0.97488797
vn -0.11862996 0.26103473 -0.95801240
vn -0.33204794 0.25764236 -0.90739435
vn -0.57361084 0.21574117 -0.79020655
vn -0.51116711 0.11893354 0.85121268
vn -0.82676184 0.23838452 -0.50954658
vn -0.82676184 0.23838452 -0.50954658
vn -0.95231885 0.25721517 -0.16410133
vn -0.96436667 0.25916648 0.05319444
vn -0.91002715 0.20991234 0.35747361
vn -0.78205997 0.15796851 0.60285002
vn -0.78205997 0.15796851 0.60285002
vn -0.00469993 0.08078383 0.99672055
vn -0.15070415 0.06854628 0.98619962
vn 0.00000000 0.14432620 -0.98953015
vn 0.05270689 0.16202715 -0.98537767
vn -0.10223968 0.16999251 -0.98012739
vn -0.37248558 0.15415198 -0.91514575
vn -0.59531450 0.13675813 -0.79176891
vn -0.52450699 0.09714336 0.84584606
vn -0.82573879 0.13431683 -0.54782712
vn -0.82573879 0.13431683 -0.54782712
vn -0.96977985 0.14182298 -0.19852777
vn -0.98720038 0.14231043 0.07199449
vn -0.90832591 0.13511051 0.39583990
vn -0.77375966 0.10987003 0.62387860
vn -0.77375966 0.10987003 0.62387860
vn -0.00479150 0.07324579 0.99730247
vn -0.15909715 -0.08127292 0.98391199
vn 0.00000000 -0.11459745 -0.99341202
vn 0.09729504 -0.11615588 -0.98845416
vn -0.07852594 -0.14740780 -0.98595369
vn -0.36863917 -0.21473178 -0.90443099
vn -0.55661964 -0.26686487 -0.78673869
vn -0.52742767 -0.19760989 0.82629919
vn -0.77161890 -0.33174455 -0.54272437
vn -0.77161890 -0.33174455 -0.54272437
vn -0.90436625 -0.37587065 -0.20209610
vn -0.92444837 -0.37037754 0.09064117
vn -0.85310239 -0.32399154 0.40895692
vn -0.73721665 -0.27888253 0.61541539
vn -0.73721665 -0.27888253 0.61541539
vn 0.00030519 -0.04205580 0.99911523
vn 0.10934935 -0.82684946 -0.55169076
vn 0.00000000 -0.88926613 0.45739007
vn -0.00805703 -0.86191875 0.50698233
vn 0.13147736 -0.80363548 0.58041698
vn 0.32350257 -0.74387282 0.58480716
vn 0.50854909 -0.65620327 0.55747217
vn 0.32185894 -0.82863557 -0.45800653
vn 0.72022682 -0.55288905 0.41903105
vn 0.72022682 -0.55288905 0.41903105
vn 0.88290960 -0.43797562 0.16925740
vn 0.86400318 -0.49658054 -0.08310422
vn 0.73498422 -0.59990805 -0.31608322
vn 0.60846066 -0.67465675 -0.41786847
vn 0.60846066 -0.67465675 -0.41786847
vn 0.00000000 -0.76019937 -0.64968985
vn 0.95097446 -0.19327733 0.24143642
vn -0.44146305 -0.03415120 -0.89662933
vn 0.96444505 -0.21394134 -0.15516087
vn -0.98763776 0.01669410 0.15586248
vn -0.94287419 0.00219734 -0.33314174
vn 0.79264605 -0.13077500 0.59549165
vn 0.30479562 -0.03586011 0.95174241
vn 0.30479562 -0.03586011 0.95174241
vn 0.41481811 -0.12287062 -0.90157014
vn 0.41481811 -0.12287062 -0.90157014
vn 0.82703984 -0.19422422 -0.52752441
vn 0.38353536 -0.27320826 0.88218927
vn 0.85949159 -0.30247927 0.41204447
vn 0.91398817 -0.37602672 -0.15241274
vn -0.25767127 -0.28336820 0.92374671
vn -0.78904063 -0.27033812 0.55166310
vn -0.97171956 -0.21256363 0.10284846
vn -0.97171956 -0.21256363 0.10284846
vn -0.96510118 -0.23069285 -0.12393751
vn -0.76244867 -0.42274505 -0.48985571
vn -0.40435281 -0.04147600 -0.91366220
vn -0.91473556 0.02999983 -0.40293777
vn -0.97946131 0.03506687 0.19855969
vn 0.26331505 -0.12216621 -0.95694333
vn 0.26331505 -0.12216621 -0.95694333
vn 0.79020685 -0.16575053 -0.58999991
vn 0.97965342 -0.15650038 -0.12564589
vn 0.97028571 -0.16223818 0.17951186
vn 0.73816454 -0.20505758 0.64270091
vn -0.41747543 0.00210584 -0.90868586
vn -0.89703995 0.13623606 -0.42042738
vn -0.96751130 0.13904427 0.21116053
vn 0.27021784 -0.11484410 -0.95592529
vn 0.27021784 -0.11484410 -0.95592529
vn 0.76587772 -0.14401980 -0.62664944
vn 0.97950357 -0.11432374 -0.16583963
vn 0.96016496 -0.12662421 0.24909779
vn 0.72953153 -0.20490606 0.65253150
vn -0.40215409 0.06055048 -0.91356760
vn -0.89086467 0.19373791 -0.41088426
vn -0.95023614 0.22052950 0.22004120
vn 0.30537742 -0.04928888 -0.95095497
vn 0.30537742 -0.04928888 -0.95095497
vn 0.77032608 -0.08859620 -0.63146538
vn 0.97886127 -0.07040697 -0.19202454
vn 0.94669223 -0.07165807 0.31406865
vn 0.70368403 -0.09717353 0.70383668
vn -0.38729048 0.05353093 -0.92040235
vn -0.89363533 0.13626863 -0.42760578
vn -0.95829284 0.15726380 0.23862714
vn 0.29606506 -0.03189238 -0.95463520
vn 0.29606506 -0.03189238 -0.95463520
vn 0.76074415 -0.07852509 -0.64428413
vn 0.97413921 -0.09671503 -0.20420331
vn 0.93778622 -0.08688745 0.33616620
vn 0.69045699 -0.05038651 0.72161657
vn -0.39207649 0.01068162 -0.91987062
vn -0.90214825 0.06039755 -0.42717758
vn -0.96946299 0.07013240 0.23499544
vn 0.29786310 -0.05929795 -0.95276517
vn 0.29786310 -0.05929795 -0.95276517
vn 0.75947785 -0.10773384 -0.64155042
vn 0.97030091 -0.13233179 -0.20249574
vn 0.93711269 -0.12546311 0.32569748
vn 0.69595867 -0.08936007 0.71250004
vn -0.40700558 -0.05606398 -0.91170353
vn -0.91010541 -0.02230935 -0.41377583
vn -0.97612643 -0.01541220 0.21665588
vn 0.30098203 -0.12363397 -0.94558161
vn 0.30098203 -0.12363397 -0.94558161
vn 0.76608884 -0.17697990 -0.61788839
vn 0.96024138 -0.20359047 -0.19101675
vn 0.93248880 -0.19834538 0.30186707
vn 0.71094316 -0.16150723 0.68445253
vn -0.43278924 -0.07181109 -0.89863044
vn -0.92576206 -0.02264507 -0.37742794
vn -0.98224860 -0.01242116 0.18717200
vn 0.33189571 -0.15424377 -0.93062025
vn 0.33189571 -0.15424377 -0.93062025
vn 0.79191160 -0.20371550 -0.57565278
vn 0.96016741 -0.22047135 -0.17167102
vn 0.93785739 -0.21357387 0.27351373
vn 0.74305153 -0.18122315 0.64423031
vn -0.38695607 0.32610029 -0.86251009
vn -0.93170875 0.22303148 -0.28666320
vn -0.97055930 0.19763982 0.13767035
vn 0.23454081 0.45791155 0.85750079
vn 0.23454081 0.45791155 0.85750079
vn 0.52861750 0.25794554 -0.80871975
vn 0.52861750 0.25794554 -0.80871975
vn 0.89802599 0.10257487 -0.42781746
vn 0.99022847 0.03344913 -0.13538352
vn 0.98628467 0.09872918 0.13226964
vn 0.85975343 0.26600444 0.43596524
vn -0.97578323 0.14487357 0.16388689
vn 0.82193696 -0.05832176 0.56658471
vn 0.35313499 0.05774189 0.93378884
vn 0.35313499 0.05774189 0.93378884
vn 0.54589695 0.03595162 -0.83708072
vn 0.54589695 0.03595162 -0.83708072
vn 0.88053203 -0.07370321 -0.46822134
vn -0.94637126 0.14853716 -0.28691143
vn 0.98473704 -0.12378644 -0.12235203
vn -0.36976781 0.16638942 -0.91410416
vn 0.96337175 -0.11740769 0.24110237
vn 0.98836458 -0.03701980 -0.14752986
vn 0.93087125 0.07294129 -0.35799217
vn -0.04855611 0.66016167 0.74955249
vn -0.04855611 0.66016167 0.74955249
vn -0.46163061 0.33558708 -0.82114458
vn -0.94398385 0.14511794 -0.29637021
vn 0.99257988 0.11521044 -0.03888161
vn 0.48729703 0.31715354 -0.81360632
vn 0.48729703 0.31715354 -0.81360632
vn -0.98584712 0.11703940 0.12003023
vn 0.79551834 0.48736414 0.36003727
vn 0.97876453 -0.17966345 -0.09869741
vn -0.72621411 0.19492877 0.65925407
vn -0.51061499 0.24662480 -0.82367992
vn 0.98185420 -0.11646014 -0.14966470
vn 0.46056440 0.18564796 -0.86799496
vn 0.46056440 0.18564796 -0.86799496
vn -0.99403262 0.06109892 0.09036659
vn 0.99549997 0.00000000 0.09476156
vn 0.95821303 -0.04907496 -0.28181481
vn -0.95756179 0.09863716 -0.27082494
vn 0.98195475 -0.18485470 -0.03991909
vn 0.98438179 -0.17554377 -0.01330617
vn -0.66284394 -0.29045013 0.69012803
vn -0.18674593 -0.15985864 0.96931481
vn -0.55819780 0.06048923 -0.82750005
vn -0.59185833 -0.07077396 -0.80292892
vn 0.95805353 -0.23362322 -0.16599303
vn 0.96143645 -0.25297105 -0.10791478
vn 0.45077384 -0.04046893 -0.89172041
vn 0.45077384 -0.04046893 -0.89172041
vn 0.44384161 -0.21967764 -0.86876136
vn 0.44384161 -0.21967764 -0.86876136
vn -0.99619800 0.02966437 0.08191273
vn -0.99669778 0.04480226 0.06772222
vn 0.93822682 -0.34352618 -0.04147584
vn 0.94520164 -0.30051985 0.12759961
vn 0.95213574 -0.21058197 -0.22156888
vn 0.96355766 -0.13767290 -0.22935311
vn 0.58904725 -0.29856738 0.75092000
vn 0.58904725 -0.29856738 0.75092000
vn 0.28416628 -0.69691086 0.65845639
vn 0.28416628 -0.69691086 0.65845639
vn -0.97845036 0.02780313 -0.20460171
vn -0.97140396 0.05527075 -0.23091026
vn -0.13040988 0.60248572 0.78740346
vn -0.13040988 0.60248572 0.78740346
vn 0.69336510 0.38713571 0.60775882
vn -0.86541253 0.13263799 0.48318562
vn 0.98648590 -0.08578802 0.13959245
vn -0.01562558 -0.98041397 -0.19632694
vn -0.01562558 -0.98041397 -0.19632694
vn -0.86104035 -0.44732106 0.24189579
vn 0.80161422 -0.57232440 -0.17279905
vn -0.11655152 0.57653183 0.80871934
vn -0.11655152 0.57653183 0.80871934
vn 0.76693732 0.31263453 0.56041664
vn -0.94190562 0.19077380 0.27644041
vn 0.99326688 -0.09451691 0.06698890
vn -0.10233149 -0.76710474 -0.63330770
vn -0.10233149 -0.76710474 -0.63330770
vn -0.88119090 -0.36040533 -0.30595842
vn 0.77482134 -0.49880573 -0.38838729
vn -0.09616584 0.65961039 0.74543029
vn -0.09616584 0.65961039 0.74543029
vn 0.79069871 0.37761754 0.48187208
vn -0.94688922 0.24006414 0.21393971
vn 0.99866724 -0.03442523 0.03845371
vn -0.12317514 -0.62359703 -0.77198100
vn -0.12317514 -0.62359703 -0.77198100
vn -0.87947887 -0.26643476 -0.39437228
vn 0.78392524 -0.42843351 -0.44933939
vn -0.11002113 0.62310719 0.77435952
vn -0.11002113 0.62310719 0.77435952
vn 0.78128827 0.37132555 0.50170308
vn -0.95248652 0.20627543 0.22409831
vn 0.99916071 -0.02166847 0.03476111
vn -0.11612482 -0.66546685 -0.73733914
vn -0.11612482 -0.66546685 -0.73733914
vn -0.87791729 -0.30854982 -0.36613971
vn 0.77016717 -0.45016709 -0.45187619
vn -0.09061240 0.43972495 0.89354986
vn -0.09061240 0.43972495 0.89354986
vn 0.74543893 0.08200591 0.66151029
vn -0.95319837 0.15494472 0.25962472
vn 0.92742354 -0.30519399 0.21619944
vn -0.10461953 -0.85484046 -0.50823480
vn -0.10461953 -0.85484046 -0.50823480
vn -0.85336584 -0.43214577 -0.29157636
vn 0.68641227 -0.68738890 -0.23734954
vn -0.12616603 -0.80820733 0.57522434
vn -0.12616603 -0.80820733 0.57522434
vn -0.22562616 -0.10770116 0.96824235
vn -0.22562616 -0.10770116 0.96824235
vn 0.42085624 -0.41282976 0.80774486
vn -0.80047131 -0.31691679 0.50873321
vn 0.47901005 -0.71779788 0.50528771
vn -0.21964741 -0.97493899 -0.03534135
vn -0.21964741 -0.97493899 -0.03534135
vn -0.72903728 -0.67590374 0.10797612
vn 0.36296013 -0.91000968 0.20035595
vn 0.97444856 -0.20267823 -0.09680700
vn 0.97523439 -0.22034712 0.01910489
vn 0.74088585 -0.13208741 0.65851438
vn 0.74088585 -0.13208741 0.65851438
vn 0.05871940 -0.03698956 0.99758899
vn -0.75410366 0.03915638 0.65558708
vn -0.99593484 -0.05453791 0.07168973
vn -0.94897282 -0.31245846 0.04266624
vn -0.94897282 -0.31245846 0.04266624
vn 0.97942138 -0.20148760 0.01168884
vn 0.97942138 -0.20148760 0.01168884
vn 0.96717507 -0.21851547 0.12970541
vn -0.99736911 -0.06018396 0.04040749
vn -0.98017102 -0.19318375 0.04409961
vn 0.94005227 -0.33906823 0.03653148
vn 0.97665900 -0.20819847 -0.05282785
vn -0.99720901 0.04941029 -0.05597188
vn -0.97640240 0.04043801 -0.21213932
vn -0.97640240 0.04043801 -0.21213932
vn 0.42314440 -0.19580920 -0.88465106
vn 0.42314440 -0.19580920 -0.88465106
vn 0.93751073 -0.25825110 -0.23319508
vn -0.66576236 -0.02386551 -0.74578208
vn 0.38036191 -0.06814957 -0.92232341
vn 0.94953352 -0.16968490 -0.26380509
vn 0.89700758 -0.16165791 0.41139299
vn 0.89700758 -0.16165791 0.41139299
vn 0.35118893 -0.07355221 0.93341118
vn -0.56406677 0.02972627 0.82519394
vn -0.96251601 0.05279829 0.26603627
vn -0.96634066 0.07080537 -0.24733046
vn -0.53576589 0.05157758 -0.84278983
vn -0.53576589 0.05157758 -0.84278983
vn 0.54583418 -0.09961436 -0.83195084
vn 0.54583418 -0.09961436 -0.83195084
vn 0.95515722 -0.17865899 -0.23612653
vn 0.95626146 -0.17746975 0.23252659
vn 0.58126938 -0.12357239 0.80427343
vn -0.38108647 0.01123087 0.92447120
vn -0.38108647 0.01123087 0.92447120
vn -0.93953514 0.05884111 0.33735979
vn -0.95416141 0.05542341 -0.29411635
vn -0.41201037 0.02566672 -0.91081762
vn 0.45168489 -0.11176149 -0.88514984
vn 0.93511784 -0.19294436 -0.29719898
vn 0.95791048 -0.22260807 0.18125436
vn 0.46116892 -0.14728352 0.87500328
vn 0.46116892 -0.14728352 0.87500328
vn -0.53175545 0.02807708 0.84643239
vn -0.93502504 0.06238180 0.34905118
vn -0.98365039 0.05423184 -0.17172910
vn -0.55605561 0.01174980 -0.83106202
vn -0.55605561 0.01174980 -0.83106202
vn 0.45162106 -0.07889177 -0.88871509
vn 0.45162106 -0.07889177 -0.88871509
vn 0.92404079 -0.18107255 -0.33669180
vn 0.94065940 -0.18592231 0.28388858
vn 0.46484119 -0.07767190 0.88198054
vn -0.43779871 0.00338764 0.89906669
vn -0.43779871 0.00338764 0.89906669
vn -0.98360884 0.05487383 0.17176303
vn -0.91957510 0.08096754 -0.38448134
vn -0.45350975 0.03924721 -0.89038676
vn 0.33900505 -0.03048848 -0.94029039
vn 0.94624227 -0.08411042 -0.31233168
vn 0.94291568 -0.08475132 0.32206723
vn 0.94291568 -0.08475132 0.32206723
vn 0.42733240 -0.03903429 0.90325159
vn -0.50567693 0.05075387 0.86122876
vn -0.94313657 0.09625773 0.31816325
vn -0.96292925 0.09839262 -0.25116974
vn -0.53701633 0.05398851 -0.84184247
vn -0.53701633 0.05398851 -0.84184247
vn 0.49084601 -0.04443647 -0.87011248
vn 0.49084601 -0.04443647 -0.87011248
vn 0.97075313 -0.08588090 -0.22419368
vn 0.95976079 -0.08527002 0.26755986
vn 0.55895203 -0.05084434 0.82763970
vn -0.36012170 0.03714136 0.93216574
vn -0.36012170 0.03714136 0.93216574
vn -0.93266076 0.09637901 0.34764197
vn -0.93991846 0.09704983 -0.32731426
vn -0.42632201 0.04361187 -0.90351951
vn 0.39839160 -0.03601211 -0.91650820
vn 0.94265646 -0.08377608 -0.32307965
vn 0.95337981 -0.08465942 0.28965485
vn 0.42119357 -0.03805727 0.90617192
vn 0.42119357 -0.03805727 0.90617192
vn -0.48390678 0.04886067 0.87375450
vn -0.92980260 0.09525090 0.35551992
vn -0.97244185 0.09979866 -0.21070641
vn -0.52453917 0.05316502 -0.84972477
vn -0.52453917 0.05316502 -0.84972477
vn 0.44085485 -0.04049945 -0.89666432
vn 0.44085485 -0.04049945 -0.89666432
vn 0.93324310 -0.08411059 -0.34926042
vn 0.95362550 -0.08563616 0.28855661
vn 0.45133984 -0.04147480 0.89138782
vn -0.45870030 0.04657196 0.88736981
vn -0.45870030 0.04657196 0.88736981
vn -0.97198558 0.09879168 0.21327040
vn -0.92324775 0.09329835 -0.37270510
vn -0.45097971 0.04498505 -0.89139980
vn 0.37611458 -0.01623604 -0.92643088
vn 0.95384264 -0.02530030 -0.29923937
vn 0.94855917 -0.02667355 0.31547427
vn 0.94855917 -0.02667355 0.31547427
vn 0.45779192 -0.02197401 0.88878775
vn -0.50098062 0.03116060 0.86489737
vn -0.94487745 0.08087613 0.31727859
vn -0.96461689 0.08371387 -0.25001240
vn -0.53350776 0.03479199 -0.84507930
vn -0.53350776 0.03479199 -0.84507930
vn 0.52349842 -0.01544279 -0.85188663
vn 0.52349842 -0.01544279 -0.85188663
vn 0.97620302 -0.01443537 -0.21637790
vn 0.96473175 -0.01406919 0.26285893
vn 0.58962733 -0.01812829 0.80747205
vn -0.35984778 0.02459819 0.93268669
vn -0.35984778 0.02459819 0.93268669
vn -0.93573153 0.08169836 0.34312087
vn -0.94245762 0.08224872 -0.32405084
vn -0.42583638 0.02856611 -0.90434915
vn 0.43376252 -0.01779241 -0.90085149
vn 0.94955021 -0.02310319 -0.31276286
vn 0.95971495 -0.02282856 0.28004658
vn 0.45686960 -0.01785362 0.88935447
vn 0.45686960 -0.01785362 0.88935447
vn -0.48284656 0.03222843 0.87511170
vn -0.93136352 0.08163966 0.35481969
vn -0.97402412 0.08679695 -0.20914890
vn -0.52370375 0.03668367 -0.85111022
vn -0.52370375 0.03668367 -0.85111022
vn 0.46834612 -0.02148545 -0.88328385
vn 0.46834612 -0.02148545 -0.88328385
vn 0.93960273 -0.02612466 -0.34126860
vn 0.96020341 -0.02627726 0.27806285
vn 0.47637370 -0.02139394 0.87898260
vn -0.46001670 0.02893225 0.88743883
vn -0.46001670 0.02893225 0.88743883
vn -0.97410464 0.07654160 0.21274778
vn -0.92530227 0.06976619 -0.37275776
vn -0.44438571 0.02392682 -0.89551604
vn 0.37849978 -0.07489425 -0.92256641
vn 0.94163764 -0.16254495 -0.29478440
vn 0.93654358 -0.15638053 0.31373766
vn 0.93654358 -0.15638053 0.31373766
vn 0.46191132 -0.08218879 0.88310981
vn -0.49596369 0.03302151 0.86771518
vn -0.94590688 0.06427308 0.31800833
vn -0.96583986 0.06518893 -0.25080645
vn -0.52858663 0.03592069 -0.84811902
vn -0.52858663 0.03592069 -0.84811902
vn 0.52670002 -0.09070301 -0.84519821
vn 0.52670002 -0.09070301 -0.84519821
vn 0.96337223 -0.16144709 -0.21412341
vn 0.95198947 -0.15873104 0.26176432
vn 0.59176904 -0.09778380 0.80015481
vn -0.35030329 0.01248249 0.93655312
vn -0.35030329 0.01248249 0.93655312
vn -0.93721658 0.04980746 0.34517303
vn -0.94405103 0.05105866 -0.32582319
vn -0.41698283 0.01941017 -0.90870708
vn 0.43590990 -0.08179224 -0.89626592
vn 0.93662238 -0.16278733 -0.31022373
vn 0.94643712 -0.16443853 0.27787915
vn 0.45860958 -0.08499552 0.88456374
vn 0.45860958 -0.08499552 0.88456374
vn -0.47713825 0.03006148 0.87831396
vn -0.93263751 0.06088589 0.35564071
vn -0.97573298 0.06271719 -0.20978978
vn -0.51855201 0.03201466 -0.85444653
vn -0.51855201 0.03201466 -0.85444653
vn 0.47215953 -0.07995979 -0.87787914
vn 0.47215953 -0.07995979 -0.87787914
vn 0.92867035 -0.15055147 -0.33897734
vn 0.94886446 -0.15479207 0.27512828
vn 0.47885382 -0.08072456 0.87417531
vn -0.45098591 0.02295063 0.89223599
vn -0.45098591 0.02295063 0.89223599
vn -0.97488981 0.06469968 0.21308166
vn -0.92489743 0.06564772 -0.37450638
vn -0.43623704 0.02813842 -0.89939177
vn 0.37849683 -0.01797570 -0.92542803
vn 0.95399481 -0.02673468 -0.29862884
vn 0.94864082 -0.02798647 0.31511492
vn 0.94864082 -0.02798647 0.31511492
vn 0.45989275 -0.02404907 0.88764882
vn -0.49948081 0.03170968 0.86574441
vn -0.94439590 0.08517996 0.31758606
vn -0.96415150 0.08822999 -0.25025457
vn -0.53204393 0.03564661 -0.84596604
vn -0.53204393 0.03564661 -0.84596604
vn 0.52640331 -0.02230988 -0.84994233
vn 0.52640331 -0.02230988 -0.84994233
vn 0.97613144 -0.02304212 -0.21595502
vn 0.96464205 -0.02233985 0.26261529
vn 0.59222519 -0.02542250 0.80537134
vn -0.35664293 0.02499491 0.93390638
vn -0.35664293 0.02499491 0.93390638
vn -0.93462110 0.09021486 0.34401280
vn -0.94140118 0.09097831 -0.32478738
vn -0.42268306 0.02963359 -0.90579295
vn 0.43605870 -0.01950179 -0.89970684
vn 0.94969380 -0.02423218 -0.31224105
vn 0.95983106 -0.02392711 0.27955654
vn 0.45913762 -0.01944102 0.88815242
vn 0.45913762 -0.01944102 0.88815242
vn -0.48143500 0.03299088 0.87586075
vn -0.93085462 0.08603255 0.35511699
vn -0.97354460 0.09152828 -0.20936444
vn -0.52227455 0.03772169 -0.85194272
vn -0.52227455 0.03772169 -0.85194272
vn 0.47009319 -0.02508710 -0.88226020
vn 0.47009319 -0.02508710 -0.88226020
vn 0.93967438 -0.02905391 -0.34083414
vn 0.96026504 -0.02932923 0.27754417
vn 0.47793365 -0.02490382 0.87804288
vn -0.45861179 0.02786401 0.88819981
vn -0.45861179 0.02786401 0.88819981
vn -0.97379190 0.07928768 0.21317339
vn -0.92496520 0.07223811 -0.37312341
vn -0.44277152 0.02270623 -0.89634687
vn 0.31007722 -0.41897044 -0.85341430
vn 0.83422059 -0.46881041 -0.29033223
vn 0.84148562 -0.44906497 0.30040413
vn 0.84148562 -0.44906497 0.30040413
vn 0.38225469 -0.41478831 0.82573116
vn -0.47530982 -0.28309834 0.83302814
vn -0.93609303 -0.12372591 0.32927451
vn -0.95964491 -0.10907553 -0.25919935
vn -0.50621963 -0.26563787 -0.82047439
vn -0.50621963 -0.26563787 -0.82047439
vn 0.44151962 -0.42992237 -0.78754497
vn 0.44151962 -0.42992237 -0.78754497
vn 0.85829151 -0.46956846 -0.20698123
vn 0.84919798 -0.46612042 0.24818249
vn 0.50286967 -0.43023333 0.74968088
vn -0.34743264 -0.31245741 0.88411593
vn -0.34743264 -0.31245741 0.88411593
vn -0.91865337 -0.17893308 0.35222018
vn -0.92931777 -0.16425577 -0.33073947
vn -0.40657473 -0.30201647 -0.86225462
vn 0.36501125 -0.41173637 -0.83500898
vn 0.83439159 -0.46437833 -0.29688960
vn 0.84605396 -0.46242732 0.26524261
vn 0.38826880 -0.40798435 0.82631481
vn 0.38826880 -0.40798435 0.82631481
vn -0.46292457 -0.26353863 0.84631449
vn -0.92257994 -0.13016653 0.36318445
vn -0.96849287 -0.12051989 -0.21793681
vn -0.49935564 -0.26405239 -0.82517898
vn -0.49935564 -0.26405239 -0.82517898
vn 0.41118768 -0.37859300 -0.82921171
vn 0.41118768 -0.37859300 -0.82921171
vn 0.84214610 -0.43120542 -0.32380846
vn 0.86103225 -0.43459040 0.26411131
vn 0.41887853 -0.37816563 0.82554930
vn -0.43935668 -0.24568082 0.86406398
vn -0.43935668 -0.24568082 0.86406398
vn -0.96823931 -0.09289920 0.23212594
vn -0.92086703 -0.07117165 -0.38332582
vn -0.42000550 -0.23072532 -0.87770230
vn 0.06088478 -0.87210190 -0.48552176
vn 0.39995611 -0.90608895 -0.13797799
vn 0.42446539 -0.88857567 0.17396124
vn 0.42446539 -0.88857567 0.17396124
vn 0.13345933 -0.87430680 0.46666518
vn -0.44475850 -0.74540466 0.49654984
vn -0.74821448 -0.63108087 0.20472436
vn -0.76776314 -0.61901420 -0.16541226
vn -0.47432968 -0.72617429 -0.49767691
vn -0.47432968 -0.72617429 -0.49767691
vn 0.15116084 -0.88364840 -0.44307551
vn 0.15116084 -0.88364840 -0.44307551
vn 0.40809941 -0.90641278 -0.10895265
vn 0.40728328 -0.90270686 0.13871130
vn 0.19510789 -0.88328052 0.42631972
vn -0.33293748 -0.78786147 0.51809943
vn -0.33293748 -0.78786147 0.51809943
vn -0.70214468 -0.68377239 0.19861598
vn -0.70961231 -0.67643744 -0.19718745
vn -0.38193986 -0.77340156 -0.50593680
vn 0.10403974 -0.86622465 -0.48870292
vn 0.39800212 -0.90291333 -0.16230160
vn 0.40801230 -0.90080714 0.14856786
vn 0.12033547 -0.86142260 0.49342731
vn 0.12033547 -0.86142260 0.49342731
vn -0.42754620 -0.73655510 0.52410954
vn -0.73020017 -0.64270192 0.23182313
vn -0.76439846 -0.63084388 -0.13315780
vn -0.46120664 -0.73139340 -0.50234658
vn -0.46120664 -0.73139340 -0.50234658
vn 0.15836348 -0.82966107 -0.53533506
vn 0.15836348 -0.82966107 -0.53533506
vn 0.44725668 -0.87137991 -0.20163935
vn 0.45699793 -0.87419862 0.16410297
vn 0.16571800 -0.82944453 0.53344101
vn -0.42897227 -0.70644915 0.56294978
vn -0.42897227 -0.70644915 0.56294978
vn -0.80429190 -0.57894117 0.13394691
vn -0.77995270 -0.56262434 -0.27409437
vn -0.43813685 -0.67765325 -0.59061182
vn -0.12012216 -0.99274749 0.00482198
vn -0.12012216 -0.99274749 0.00482198
vn -0.45221049 0.04553540 -0.89074808
vn -0.92323196 0.09299157 -0.37282079
vn -0.97204489 0.09787592 0.21342261
vn -0.45919228 0.04623663 0.88713282
vn -0.45919228 0.04623663 0.88713282
vn -0.52498740 0.05288938 -0.84946519
vn -0.52498740 0.05288938 -0.84946519
vn -0.97257274 0.09793479 -0.21097639
vn -0.92987216 0.09363424 0.35576734
vn -0.10492610 -0.99447846 0.00180065
vn -0.10492610 -0.99447846 0.00180065
vn -0.48437488 0.04880067 0.87349844
vn 0.41579005 -0.04205510 0.90848774
vn 0.41579005 -0.04205510 0.90848774
vn 0.95184201 -0.09586174 0.29121703
vn 0.94103789 -0.09476301 -0.32475787
vn 0.39305514 -0.03976635 -0.91865462
vn 0.33357182 -0.03378445 -0.94211912
vn -0.53771734 0.05417154 -0.84138310
vn -0.53771734 0.05417154 -0.84138310
vn -0.12213650 -0.99250400 0.00430316
vn -0.12213650 -0.99250400 0.00430316
vn -0.96300662 0.09699040 -0.25141814
vn -0.94318563 0.09497472 0.31840336
vn -0.50651830 0.05102721 0.86071801
vn 0.42250767 -0.04272687 0.90535176
vn 0.94155425 -0.09485432 0.32323104
vn 0.94155425 -0.09485432 0.32323104
vn 0.94450557 -0.09506703 -0.31443843
vn -0.93998975 0.09467040 -0.32780617
vn -0.12500766 -0.99209565 -0.01092596
vn -0.12500766 -0.99209565 -0.01092596
vn -0.93268609 0.09390645 0.34825042
vn -0.36086175 0.03634864 0.93191081
vn -0.36086175 0.03634864 0.93191081
vn 0.55400765 -0.05594095 0.83063000
vn 0.95844859 -0.09659258 0.26841444
vn 0.96934110 -0.09759942 -0.22550412
vn -0.42702514 0.04300160 -0.90321678
vn 0.48564586 -0.04907425 -0.87277704
vn 0.48564586 -0.04907425 -0.87277704
vn 0.43648243 -0.04409992 -0.89863133
vn 0.43648243 -0.04409992 -0.89863133
vn 0.93180001 -0.09384531 -0.35063049
vn 0.95214373 -0.09583086 0.29023933
vn 0.44731808 -0.04519874 0.89323223
vn -0.62284225 0.02792536 0.78184891
vn 0.58627272 -0.47100192 -0.65912187
vn -0.64914036 -0.03564626 0.75983298
vn -0.58798391 -0.02954264 0.80833292
vn -0.55727720 0.07248266 0.82715678
vn -0.52679116 0.10373462 0.84364104
vn -0.54275084 0.03601248 0.83912140
vn -0.56417483 -0.04532076 0.82441062
vn -0.58978379 -0.05285928 0.80582941
vn -0.67295825 0.31691602 0.66834974
vn -0.58096004 0.16410078 0.79721785
vn -0.69535834 0.39443520 0.60074759
vn -0.84450835 0.16898713 0.50818211
vn -0.87355357 -0.05447693 0.48366973
vn -0.80939955 -0.00305192 0.58725035
vn -0.07242095 -0.50856411 -0.85797310
vn 0.10037784 -0.15454951 0.98287278
vn 0.10037784 -0.15454951 0.98287278
vn 0.15964337 -0.21253227 0.96402496
vn 0.15964337 -0.21253227 0.96402496
vn 0.22626655 -0.07544253 0.97113949
vn 0.22626655 -0.07544253 0.97113949
vn 0.22266841 0.01242133 0.97481519
vn 0.22266841 0.01242133 0.97481519
vn 0.21836221 -0.03357071 0.97529018
vn 0.21836221 -0.03357071 0.97529018
vn 0.22587492 -0.10782545 0.96817052
vn 0.22587492 -0.10782545 0.96817052
vn 0.25464907 -0.12860632 0.95844364
vn 0.25464907 -0.12860632 0.95844364
vn 0.24274886 -0.76395392 0.59786904
vn 0.32969457 -0.48726308 0.80862606
vn 0.53466254 -0.46425515 0.70611835
vn 0.39284432 -0.75355184 0.52709866
vn -0.34846920 -0.81001240 -0.47164506
vn -0.45366684 -0.44823444 -0.77024174
vn -0.65747589 -0.43264070 -0.61688530
vn -0.48574734 -0.79353583 -0.36653841
vn -0.80098486 -0.43328562 -0.41314277
vn -0.59436107 -0.77717102 -0.20673694
vn 0.68702060 -0.72016460 0.09677679
vn 0.91652119 -0.37956697 0.12616625
vn 0.78719401 -0.61509359 -0.04455873
vn 0.70032656 -0.71259528 -0.04184197
vn -0.59069556 -0.80686182 0.00726353
vn -0.59069556 -0.80686182 0.00726353
vn -0.90617639 -0.42235535 0.02145501
vn -0.90617639 -0.42235535 0.02145501
vn -0.87478030 -0.44283783 0.19660659
vn -0.62082064 -0.78089362 0.06918692
vn -0.76988924 -0.47229195 0.42919812
vn -0.58120495 -0.78321058 0.22086641
vn 0.57377154 -0.74663544 0.33663297
vn 0.57377154 -0.74663544 0.33663297
vn 0.79228818 -0.41451684 0.44772214
vn 0.79228818 -0.41451684 0.44772214
vn -0.06793424 -0.83077544 -0.55244642
vn -0.07507674 -0.45125389 -0.88923198
vn -0.39894912 -0.50829995 0.76319772
vn -0.30589378 -0.80186105 0.51327163
vn 0.89623249 -0.37840992 -0.23145907
vn 0.67584199 -0.72003341 -0.15744720
vn 0.03088543 -0.50265115 0.86393738
vn 0.02499516 -0.78193027 0.62286460
vn -0.88383049 -0.40504831 -0.23405027
vn -0.61269939 -0.78357524 -0.10300162
vn 0.79576409 -0.38836002 -0.46468917
vn 0.79576409 -0.38836002 -0.46468917
vn 0.57894349 -0.75171107 -0.31584010
vn 0.57894349 -0.75171107 -0.31584010
vn 0.46791604 -0.42045912 -0.77734733
vn 0.31669804 -0.80683696 -0.49871477
vn 0.32775030 -0.78203493 -0.53009540
vn -0.03900349 -0.78882879 -0.61337411
vn 0.67911685 -0.71226090 -0.17743957
vn 0.58883065 -0.73519903 -0.33579892
vn 0.58883065 -0.73519903 -0.33579892
vn -0.63864815 -0.74925029 0.17536424
vn -0.43700787 -0.84670085 0.30351585
vn -0.59931302 -0.73057771 -0.32723093
vn -0.65311086 -0.73429197 -0.18509895
vn -0.31214851 -0.74866194 -0.58486634
vn 0.01980675 -0.87494570 0.48381576
vn 0.19419612 -0.84878021 0.49179262
vn 0.51544225 -0.66932112 -0.53509676
vn -0.64147854 -0.76712525 0.00491356
vn -0.64147854 -0.76712525 0.00491356
vn 0.49266770 -0.81687075 0.30000144
vn 0.49266770 -0.81687075 0.30000144
vn -0.19590496 -0.87945127 0.43380484
vn 0.66984564 -0.73515773 0.10416363
vn 0.60852516 -0.65055025 0.45440245
vn 0.33454835 -0.82599437 0.45366365
vn -0.46257985 -0.75330597 -0.46749344
vn 0.00711093 -0.10855608 -0.99406487
vn 0.00711093 -0.10855608 -0.99406487
vn 0.42184079 -0.09451894 -0.90172970
vn 0.73807615 -0.05325599 -0.67261243
vn 0.92856234 -0.00241098 -0.37116858
vn 0.99879354 0.04574790 -0.01785358
vn 0.94582343 0.06766127 0.31755325
vn 0.80908799 0.05935936 0.58468211
vn 0.52890086 0.04318492 0.84758425
vn 0.05038693 0.03561572 0.99809456
vn -0.45547223 0.04355125 0.88918412
vn -0.79743326 0.05829146 0.60058510
vn -0.95346886 0.06424211 0.29456764
vn -0.99869543 0.04730406 -0.01922681
vn -0.93180901 0.00747718 -0.36287203
vn -0.73618007 -0.04254353 -0.67544723
vn -0.41341415 -0.08716306 -0.90636158
vn 0.00515773 -0.11978747 -0.99278623
vn 0.00515773 -0.11978747 -0.99278623
vn 0.41189000 -0.09949329 -0.90578568
vn 0.73508126 -0.07461903 -0.67386019
vn 0.93261236 -0.06018429 -0.35582587
vn 0.99837363 -0.05700981 0.00021363
vn 0.94394314 -0.05267527 0.32587859
vn 0.80420381 -0.04849454 0.59237200
vn 0.51900584 -0.05490365 0.85300559
vn 0.04974548 -0.06857552 0.99640501
vn -0.44066513 -0.07736589 0.89433140
vn -0.78260511 -0.07867862 0.61752653
vn -0.94710922 -0.07916737 0.31099290
vn -0.99643344 -0.08423143 -0.00506609
vn -0.92725229 -0.09518810 -0.36213592
vn -0.72418416 -0.11050912 -0.68069458
vn -0.40581295 -0.12290054 -0.90565526
vn -0.00216683 -0.19058982 -0.98166740
vn -0.00216683 -0.19058982 -0.98166740
vn 0.38558182 -0.18860975 -0.90319043
vn 0.70734459 -0.17682852 -0.68439412
vn 0.91631025 -0.16562802 -0.36461356
vn 0.98707491 -0.15988885 -0.01089527
vn 0.93943930 -0.15338905 0.30647290
vn 0.80126625 -0.15427749 0.57807511
vn 0.51092154 -0.16794702 0.84306175
vn 0.04840386 -0.17591414 0.98321480
vn -0.43223801 -0.16611391 0.88632751
vn -0.77601081 -0.14929976 0.61279434
vn -0.94207364 -0.14441793 0.30272222
vn -0.98784798 -0.15479377 -0.01397783
vn -0.91480011 -0.16767572 -0.36745828
vn -0.71023369 -0.17410980 -0.68209529
vn -0.39540619 -0.18219937 -0.90025407
vn -0.99997401 -0.00518817 -0.00500506
vn -0.93520927 -0.03357146 -0.35250032
vn 0.94350129 0.03412047 0.32960746
vn 0.80395931 0.02810790 0.59401977
vn -0.74043500 -0.06973720 -0.66850042
vn 0.52101868 0.01199393 0.85346103
vn -0.41912133 -0.10147662 -0.90224153
vn 0.04654132 -0.00210580 0.99891418
vn 0.00543237 -0.11197396 -0.99369627
vn 0.00543237 -0.11197396 -0.99369627
vn 0.42516211 -0.09222884 -0.90040606
vn -0.45152700 -0.00357071 0.89225036
vn 0.74445832 -0.05371404 -0.66550481
vn -0.79216325 0.00375389 0.61029768
vn 0.93483186 -0.01318427 -0.35484606
vn -0.95200282 0.00689724 0.30601180
vn 0.99980134 0.01992888 -0.00024415
vn 0.00000000 1.00000000 -0.00000000
vn 0.00000000 1.00000000 -0.00000000
vn 0.00000000 1.00000000 -0.00000000
vn 0.00000000 1.00000000 -0.00000000
vn 0.00000000 1.00000000 -0.00000000
vn 0.00000000 1.00000000 -0.00000000
vn 0.00000000 1.00000000 -0.00000000
vn 0.00000000 1.00000000 -0.00000000
vn 0.00000000 1.00000000 -0.00000000
vn 0.00000000 1.00000000 -0.00000000
vn 0.00000000 1.00000000 -0.00000000
vn 0.00000000 1.00000000 -0.00000000
vn 0.00000000 1.00000000 -0.00000000
vn 0.00000000 1.00000000 -0.00000000
vn 0.00000000 1.00000000 -0.00000000
vn 0.00000000 1.00000000 -0.00000000
vn 0.00000000 1.00000000 -0.00000000
vn 0.00000000 -0.99999982 0.00067143
vn 0.00000000 -0.99999982 0.00067143
vn -0.00027467 -0.99999982 0.00064091
vn -0.00051883 -0.99999970 0.00048831
vn -0.00070195 -0.99999970 0.00024416
vn -0.00082402 -0.99999964 0.00000000
vn -0.00082402 -0.99999964 -0.00027467
vn -0.00073247 -0.99999964 -0.00051883
vn -0.00045779 -0.99999964 -0.00076299
vn -0.00006104 -0.99999964 -0.00085454
vn 0.00030519 -0.99999970 -0.00070195
vn 0.00054935 -0.99999982 -0.00042727
vn 0.00067143 -0.99999982 -0.00018312
vn 0.00067143 -0.99999982 0.00000000
vn 0.00061039 -0.99999982 0.00018312
vn 0.00045779 -0.99999982 0.00039675
vn 0.00024416 -0.99999982 0.00057987
vn -0.01001033 0.10880125 -0.99401313
vn -0.01001033 0.10880125 -0.99401313
vn 0.38643467 0.09619666 -0.91728646
vn 0.68500727 0.07120169 -0.72504860
vn 0.91183513 0.04532165 -0.40804750
vn 0.99980867 0.00851485 0.01760957
vn 0.94786024 -0.02896257 0.31736746
vn 0.82770449 -0.04110903 0.55965656
vn 0.52724940 -0.03799638 0.84886056
vn 0.04107916 -0.03607398 0.99850446
vn -0.45845854 -0.03750803 0.88792390
vn -0.80522203 -0.03579917 0.59189188
vn -0.94907522 -0.01461853 0.31471038
vn -0.99935585 0.03039726 0.01907459
vn -0.92235601 0.06344974 -0.38109523
vn -0.71346974 0.07919642 -0.69619602
vn -0.41386840 0.09860695 -0.90498042
vn -0.00231946 -0.15110038 -0.98851573
vn -0.00231946 -0.15110038 -0.98851573
vn 0.40611342 -0.14737520 -0.90186054
vn 0.70073271 -0.13727768 -0.70009178
vn 0.91693902 -0.11966443 -0.38066170
vn 0.99637890 -0.07928793 0.03070195
vn 0.94731700 -0.03821008 0.31801042
vn 0.82874370 -0.01657183 0.55938292
vn 0.52953684 -0.00381489 0.84827834
vn 0.04092598 0.00100713 0.99916166
vn -0.46050295 -0.00415060 0.88764846
vn -0.80356848 -0.01800628 0.59493983
vn -0.94699067 -0.04107929 0.31862393
vn -0.99643278 -0.07889061 0.02996928
vn -0.92421722 -0.11130404 -0.36528602
vn -0.72105449 -0.12653399 -0.68122655
vn -0.42101043 -0.14093703 -0.89603966
vn 0.00851477 -0.18463930 -0.98276949
vn 0.00851477 -0.18463930 -0.98276949
vn 0.45061648 -0.18091802 -0.87419301
vn 0.75385422 -0.17200607 -0.63412750
vn 0.93445963 -0.15326616 -0.32139504
vn 0.99334127 -0.11356221 0.01941026
vn 0.95222831 -0.07547387 0.29591373
vn 0.82950377 -0.05056982 0.55620700
vn 0.53802568 -0.03164857 0.84233415
vn 0.04248272 -0.02301147 0.99883217
vn -0.46898130 -0.03189207 0.88263214
vn -0.80493337 -0.05227871 0.59105766
vn -0.95199013 -0.07806850 0.29600719
vn -0.99333012 -0.11349991 0.02032561
vn -0.94117826 -0.14728513 -0.30412272
vn -0.76063377 -0.16355319 -0.62824088
vn -0.44111857 -0.17591029 -0.88003975
vn 0.01455750 -0.05798586 -0.99821132
vn 0.01455750 -0.05798586 -0.99821132
vn 0.50485015 -0.05523992 -0.86143768
vn 0.80024445 -0.04986840 -0.59759682
vn 0.95159662 -0.04312399 -0.30430952
vn 0.99932063 -0.03674512 -0.00283829
vn 0.96254987 -0.03274726 0.26911965
vn 0.85196131 -0.02926748 0.52278614
vn 0.57983369 -0.02526987 0.81434298
vn 0.04742621 -0.02319428 0.99860543
vn -0.51027602 -0.02572743 0.85962588
vn -0.83185738 -0.03024437 0.55416471
vn -0.96321988 -0.03351020 0.26661667
vn -0.99932688 -0.03668430 -0.00033571
vn -0.95837110 -0.04236097 -0.28236574
vn -0.80216372 -0.05008182 -0.59500015
vn -0.48052806 -0.05575896 -0.87520498
vn 0.01522883 -0.00000000 -0.99988413
vn 0.01522883 -0.00000000 -0.99988413
vn 0.52053744 -0.00000000 -0.85383892
vn 0.80752414 -0.00000000 -0.58983445
vn 0.95252621 -0.00000000 -0.30445680
vn 0.99998975 -0.00000000 -0.00454735
vn 0.96437478 0.00000000 0.26454005
vn 0.86186439 0.00000000 0.50713891
vn 0.60037106 0.00000000 0.79972154
vn 0.04977627 0.00000000 0.99876040
vn -0.53119177 0.00000000 0.84725159
vn -0.84376580 0.00000000 0.53671163
vn -0.96539766 0.00000000 0.26078221
vn -0.99999821 -0.00000000 -0.00192272
vn -0.95928043 -0.00000000 -0.28245547
vn -0.80905527 -0.00000000 -0.58773249
vn -0.49587598 -0.00000000 -0.86839336
vn 0.34398437 -0.19880350 -0.91768837
vn -0.00927792 -0.21012655 -0.97763026
vn -0.00927792 -0.21012655 -0.97763026
vn 0.69177908 -0.20698135 -0.69180959
vn 0.90455192 -0.24619658 -0.34809941
vn 0.97163832 -0.23057221 -0.05249294
vn 0.95557451 -0.14011186 0.25931835
vn 0.80293113 -0.06760015 0.59222615
vn 0.50371778 -0.03759953 0.86304969
vn 0.04321497 -0.01052907 0.99901038
vn -0.43477970 -0.00064091 0.90053666
vn -0.78488427 -0.00469991 0.61962456
vn -0.95845491 -0.02649065 0.28401148
vn -0.99806792 -0.05685719 -0.02505623
vn -0.93056583 -0.07080492 -0.35921291
vn -0.69995391 -0.10583999 -0.70630193
vn -0.36183301 -0.17084526 -0.91645443
vn -0.01391682 0.03213688 -0.99938667
vn -0.01391682 0.03213688 -0.99938667
vn 0.34941253 0.00268568 -0.93696523
vn 0.71325642 -0.01174976 -0.70080477
vn 0.93969274 0.02527007 -0.34108496
vn 0.99860626 0.01239064 -0.05130214
vn 0.96706623 -0.07324640 0.24375793
vn 0.80991119 -0.13910526 0.56981885
vn 0.50082135 -0.16837487 0.84901589
vn 0.03988878 -0.18369591 0.98217344
vn -0.44017380 -0.16590062 0.88245344
vn -0.80338430 -0.11862767 0.58352482
vn -0.97016102 -0.04730409 0.23780221
vn -0.99892598 0.02160764 -0.04098737
vn -0.94861674 0.03018312 -0.31498483
vn -0.74319839 0.00210581 -0.66906780
vn -0.38067129 0.01480202 -0.92459202
vn -0.51223201 -0.72345448 0.46285218
vn 0.02374391 -0.83939892 0.54299688
vn -0.91741693 -0.32359850 0.23158215
vn -0.97758102 -0.02356058 0.20923750
vn -0.99817848 0.02182095 -0.05624615
vn -0.95027894 0.02591087 -0.31032011
vn -0.73753029 0.00415063 -0.67530137
vn -0.37575400 -0.00045779 -0.92671943
vn -0.01178040 0.00094609 -0.99993014
vn -0.01178040 0.00094609 -0.99993014
vn 0.35152134 -0.01852522 -0.93599659
vn 0.71562195 -0.02124159 -0.69816476
vn 0.94335109 0.00375387 -0.33177513
vn 0.99692702 -0.00366226 -0.07825019
vn 0.97704613 -0.06189322 0.20383868
vn 0.90677691 -0.34080431 0.24821004
vn 0.54035062 -0.70924640 0.45275915
vn -0.51684695 0.71876359 0.46502486
vn 0.02691823 0.82643837 0.56238341
vn -0.91828042 0.32960314 0.21936920
vn -0.96783239 -0.02374412 0.25047299
vn -0.99727750 -0.06509756 -0.03463935
vn -0.93856233 -0.07300235 -0.33730012
vn -0.70975292 -0.07416149 -0.70053613
vn -0.36122230 -0.09622625 -0.92750150
vn -0.01199403 -0.12229028 -0.99242198
vn -0.01199403 -0.12229028 -0.99242198
vn 0.34605452 -0.12338816 -0.93006539
vn 0.70133054 -0.14362322 -0.69821757
vn 0.92430729 -0.17600475 -0.33864209
vn 0.98300296 -0.16739951 -0.07538319
vn 0.96960306 -0.10236225 0.22224268
vn 0.93743402 0.25294483 0.23924161
vn 0.58337349 0.66711801 0.46328062
vn -0.43122730 0.27662024 0.85879230
vn -0.41991660 -0.32100320 0.84889752
vn 0.03466994 0.26921085 0.96245706
vn 0.03244191 -0.33238468 0.94258577
vn -0.77195859 0.12110112 0.62403089
vn -0.76227409 -0.13309354 0.63342267
vn 0.80033499 0.06836297 0.59564281
vn 0.77918673 -0.16910711 0.60354853
vn 0.48898628 0.24403535 0.83745992
vn 0.46841377 -0.32762715 0.82051760
vn -0.99609250 0.01284867 0.08737707
vn -0.98141277 -0.00973569 0.19166191
vn -0.99761444 -0.02572776 -0.06405998
vn -0.94878823 -0.02639931 -0.31480798
vn -0.72052580 -0.01852510 -0.69318068
vn -0.35454577 -0.01904421 -0.93484473
vn -0.01178034 -0.03042747 -0.99946755
vn -0.01178034 -0.03042747 -0.99946755
vn 0.34035054 -0.04150616 -0.93938214
vn 0.71806020 -0.05353101 -0.69391936
vn 0.94564927 -0.06018461 -0.31957051
vn 0.99245858 -0.06167959 -0.10593265
vn 0.98464429 -0.05792563 0.16468215
vn 0.99023569 -0.04745636 0.13107722
vn -0.41569862 -0.02383530 0.90919006
vn 0.03650115 -0.04150633 0.99847132
vn -0.78818941 -0.00393698 0.61542010
vn 0.80598247 -0.05221841 0.58963162
vn 0.48390979 -0.05087523 0.87363780
vn 0.02615512 -0.71647334 0.69712400
vn 0.49920219 -0.63461578 0.58996618
vn 0.88682556 -0.29765332 0.35347286
vn -0.47415125 -0.63975018 0.60489690
vn -0.48229805 0.62274832 0.61609507
vn 0.02890162 0.68845052 0.72470731
vn 0.91287571 0.21305825 0.34823015
vn 0.53131682 0.58396322 0.61375040
vn -0.89866531 0.27711341 0.34001324
vn -0.89786828 -0.26923841 0.34834358
vn -0.96846962 0.00961359 0.24894609
vn 0.95970106 -0.04901355 0.27671596
vn 0.00000000 1.00000000 -0.00000000
vn 0.00000000 1.00000000 -0.00000000
vn 0.00000000 1.00000000 -0.00000000
vn 0.00000000 1.00000000 -0.00000000
vn 0.00000000 1.00000000 -0.00000000
vn 0.00000000 1.00000000 -0.00000000
vn 0.00000000 1.00000000 -0.00000000
vn 0.00000000 1.00000000 -0.00000000
vn 0.00000000 1.00000000 -0.00000000
vn 0.00000000 1.00000000 -0.00000000
vn 0.00000000 1.00000000 -0.00000000
vn 0.00000000 1.00000000 -0.00000000
vn 0.00000000 1.00000000 -0.00000000
vn 0.00000000 1.00000000 -0.00000000
vn 0.00000000 1.00000000 -0.00000000
vn 0.00000000 1.00000000 -0.00000000
vn 0.00000000 1.00000000 -0.00000000
vn 0.01162797 0.64616126 -0.76311243
vn 0.01162797 0.64616126 -0.76311243
vn 0.39156133 0.65887892 -0.64230704
vn 0.59742236 0.67280591 -0.43637007
vn 0.70470977 0.67278707 -0.22525930
vn 0.73672926 0.67617953 -0.00335709
vn 0.70761520 0.67941558 0.19410132
vn 0.63363475 0.67785674 0.37285021
vn 0.45431492 0.65373015 0.60517341
vn 0.03824077 0.64005226 0.76737911
vn -0.40328491 0.65082878 0.64325994
vn -0.62558204 0.67105561 0.39790899
vn -0.70926243 0.67840767 0.19159852
vn -0.73456752 0.67853421 -0.00140388
vn -0.70813674 0.67459613 -0.20847659
vn -0.60281390 0.66696507 -0.43791899
vn -0.37315857 0.65851337 -0.65353876
vn 0.01547319 0.04016314 -0.99907333
vn 0.01547319 0.04016314 -0.99907333
vn 0.52789539 0.03174026 -0.84871614
vn 0.81389534 0.01721303 -0.58075649
vn 0.95448476 0.00585967 -0.29820210
vn 0.99998868 0.00106817 -0.00463890
vn 0.96601129 0.00433367 0.25846362
vn 0.86702883 0.01446625 0.49804792
vn 0.60685098 0.03100788 0.79421067
vn 0.05041773 0.04245222 0.99782556
vn -0.53732258 0.03381537 0.84269857
vn -0.84894317 0.01669382 0.52822042
vn -0.96690726 0.00500514 0.25507894
vn -0.99999762 0.00103766 -0.00192272
vn -0.96098846 0.00546294 -0.27653444
vn -0.81491715 0.01757892 -0.57931083
vn -0.50307572 0.03259432 -0.86362749
vn 0.91461915 0.40431362 -0.00152594
vn 0.86648965 0.42274633 -0.26548299
vn -0.91464216 0.40426275 -0.00122078
vn -0.88039559 0.41598061 0.22773640
vn 0.88196629 0.40837365 0.23530088
vn -0.87367994 0.41985592 -0.24577303
vn 0.78312033 0.43685049 0.44258809
vn -0.72908342 0.46112108 -0.50577134
vn 0.54333591 0.50497311 0.67066258
vn -0.44118795 0.51303059 -0.73631024
vn 0.04699922 0.56417370 0.82431734
vn 0.46544439 0.50670600 -0.72567946
vn 0.01434411 0.54199392 -0.84025997
vn 0.01434411 0.54199392 -0.84025997
vn -0.47438797 0.52761322 0.70468467
vn 0.72719026 0.45684776 -0.51233232
vn -0.76164144 0.45696658 0.45943859
vn 0.93016171 0.21583121 -0.29701206
vn -0.94331175 0.21265641 0.25483367
vn 0.01431352 0.28865096 -0.95732749
vn 0.01431352 0.28865096 -0.95732749
vn 0.97907245 0.20343809 -0.00549338
vn -0.97904730 0.20362230 -0.00207529
vn 0.94367850 0.20792608 0.25736690
vn -0.93693382 0.21448766 -0.27595297
vn 0.83912373 0.22968701 0.49306720
vn -0.78517240 0.24220189 -0.56994969
vn 0.57510197 0.27152845 0.77170599
vn -0.47740534 0.27418077 -0.83481079
vn 0.04638961 0.29997596 0.95281821
vn 0.50121552 0.27091822 -0.82181889
vn -0.50784129 0.28245619 0.81382793
vn 0.78492272 0.24006383 -0.57119685
vn -0.81834024 0.24128433 0.52163315
vn -0.53479189 0.70603633 -0.46423095
vn -0.53479189 0.70603633 -0.46423095
vn -0.80045378 0.54323918 -0.25330815
vn -0.80045378 0.54323918 -0.25330815
vn -0.88542813 0.44634593 -0.12958528
vn -0.88542813 0.44634593 -0.12958528
vn -0.86676735 0.49379584 -0.06985776
vn -0.86676735 0.49379584 -0.06985776
vn -0.87480152 0.48382038 -0.02530039
vn -0.87480152 0.48382038 -0.02530039
vn -0.79112333 0.59521943 0.14084692
vn -0.79112333 0.59521943 0.14084692
vn -0.54885817 0.76365262 0.33998442
vn -0.54885817 0.76365262 0.33998442
vn 0.02319470 0.87627125 0.48125944
vn 0.02319470 0.87627125 0.48125944
vn 0.02319470 0.87627125 0.48125944
vn 0.58819598 0.74863523 0.30589366
vn 0.58819598 0.74863523 0.30589366
vn 0.81174481 0.57217050 0.11700990
vn 0.81174481 0.57217050 0.11700990
vn 0.87970972 0.47542474 0.00906414
vn 0.87970972 0.47542474 0.00906414
vn 0.87677938 0.47872055 -0.04565638
vn 0.87677938 0.47872055 -0.04565638
vn 0.88392687 0.44615984 -0.14005250
vn 0.88392687 0.44615984 -0.14005250
vn 0.80148214 0.54334515 -0.24980511
vn 0.80148214 0.54334515 -0.24980511
vn 0.54958534 0.70156980 -0.45360327
vn 0.54958534 0.70156980 -0.45360327
vn 0.00903381 0.80696940 -0.59052420
vn 0.00903381 0.80696940 -0.59052420
vn 0.00903381 0.80696940 -0.59052420
vn -0.52663523 0.09555487 -0.84470379
vn -0.83154505 0.00717191 -0.55541116
vn -0.96200049 -0.06134390 -0.26606768
vn -0.99701834 -0.06753808 -0.03732448
vn -0.98441494 -0.00891149 0.17563578
vn -0.86236936 0.12494392 0.49062005
vn -0.59756440 0.21638058 0.77207273
vn 0.03064155 0.61045051 0.79146147
vn 0.03064155 0.61045051 0.79146147
vn 0.65877485 0.18820831 0.72841835
vn 0.87537116 0.06460833 0.47911489
vn 0.97157168 -0.07303192 0.22519955
vn 0.99425417 -0.10657300 -0.01004081
vn 0.95668143 -0.08438525 -0.27863917
vn 0.83091700 -0.00582918 -0.55636591
vn 0.55023289 0.08878071 -0.83027816
vn 0.01437451 0.13721399 -0.99043721
vn 0.01437451 0.13721399 -0.99043721
vn 0.00000000 1.00000000 -0.00000000
vn 0.00000000 1.00000000 -0.00000000
vn -0.20591353 0.97313750 0.10297202
vn -0.18152484 0.97323924 0.14090455
vn -0.99447155 0.10297213 -0.02057001
vn -0.95949906 0.19877279 0.19962734
vn -0.68085569 0.38909093 0.62051904
vn 0.78762305 0.31392607 0.53018898
vn 0.98433810 0.05945154 0.16596380
vn 0.99262524 0.03088506 0.11722285
vn 0.26447958 0.94685888 0.18305430
vn 0.26674137 0.95462281 0.13245510
vn 0.00000000 1.00000000 -0.00000000
vn 0.00000000 1.00000000 -0.00000000
vn 0.00000000 1.00000000 -0.00000000
vn 0.00000000 1.00000000 -0.00000000
vn -0.05700992 0.99703258 0.05173009
vn -0.97832191 0.20377637 -0.03689766
vn -0.90443575 0.40682063 0.12842469
vn -0.62716651 0.69024938 0.36085728
vn 0.02505578 0.87548751 0.48259082
vn 0.02505578 0.87548751 0.48259082
vn 0.73481864 0.61173344 0.29295695
vn 0.97848302 0.20139761 0.04483302
vn 0.99360031 0.11124100 -0.01959306
vn 0.06323582 0.99684918 0.04788465
vn 0.00000000 1.00000000 -0.00000000
vn -0.94886720 0.31532261 -0.01492381
vn -0.78512734 0.60744673 0.12076300
vn -0.49718297 0.83273792 0.24363215
vn 0.01080362 0.95670044 0.29087380
vn 0.01080362 0.95670044 0.29087380
vn 0.58994043 0.78959846 0.16883345
vn 0.90710628 0.41990635 -0.02893170
vn 0.96456391 0.23060419 -0.12821178
vn 0.00000000 1.00000000 -0.00000000
vn 0.00000000 1.00000000 -0.00000000
vn -0.94008368 0.33757320 0.04782363
vn -0.67861390 0.72127908 0.13870753
vn -0.37471285 0.88001680 0.29182312
vn 0.03881966 0.93780613 0.34498230
vn 0.03881966 0.93780613 0.34498230
vn 0.53130847 0.80631679 0.25993186
vn 0.85392493 0.51748216 0.05499545
vn 0.95140320 0.28254604 -0.12247325
vn -0.96344972 0.23636854 0.12607339
vn -0.75913805 0.51025277 0.40416759
vn -0.40899023 0.60532141 0.68287116
vn 0.06241135 0.65344226 0.75439912
vn 0.06241135 0.65344226 0.75439912
vn 0.58695436 0.52786827 0.61387271
vn 0.87407959 0.39995858 0.27571350
vn 0.98155636 0.18961535 -0.02435427
vn 0.00000000 1.00000000 -0.00000000
vn 0.02566629 0.99948984 -0.01901320
vn 0.05667355 0.99494594 -0.08288928
vn -0.00827062 0.99439752 -0.10538179
vn -0.00827062 0.99439752 -0.10538179
vn -0.07428351 0.99443465 -0.07471078
vn -0.02740639 0.99950933 -0.01516813
vn 0.00000000 1.00000000 -0.00000000
vn 0.00000000 1.00000000 -0.00000000
vn 0.98823845 -0.04895261 0.14487410
vn 0.98770738 -0.06372305 0.14273597
vn 0.98020005 -0.10010138 0.17084377
vn 0.89985979 0.02914587 0.43520433
vn 0.92283356 0.05356085 0.38145703
vn 0.93375099 0.04474045 0.35511592
vn -0.99592513 -0.04391678 -0.07876943
vn -0.99590051 -0.06616549 -0.06167918
vn -0.99565440 -0.07950220 -0.04849481
vn -0.97093725 -0.07913623 -0.22587246
vn -0.97500229 -0.09213797 -0.20219083
vn -0.97837585 -0.10101767 -0.18048896
vn 0.99704158 -0.07370234 0.02182078
vn 0.99590415 -0.08960452 0.01208562
vn 0.99314469 -0.11682620 0.00390641
vn -0.99863625 0.00494405 0.05197352
vn -0.99786860 -0.01162761 0.06421126
vn -0.99412119 -0.03231947 0.10333684
vn 0.97826827 -0.13043983 -0.16117287
vn 0.97464538 -0.11621886 -0.19120568
vn 0.96820164 -0.10703200 -0.22611922
vn -0.89580506 0.12918857 0.42525712
vn -0.89183360 0.13458990 0.43187791
vn -0.88429987 0.11093803 0.45354891
vn 0.91652256 -0.11133411 -0.38417590
vn 0.90083671 -0.09152725 -0.42440072
vn 0.87381798 -0.05621587 -0.48299262
vn -0.62442243 0.22443806 0.74814719
vn -0.64249814 0.21836758 0.73451465
vn -0.63730359 0.20743956 0.74216783
vn 0.62350041 -0.08716188 -0.77694929
vn 0.60098147 -0.07577884 -0.79566258
vn 0.58526218 0.02588008 -0.81043106
vn -0.57587028 -0.07907572 -0.81370783
vn -0.56363124 -0.07046917 -0.82301509
vn -0.55563718 0.03299153 -0.83077008
vn 0.01550372 0.07086543 -0.99736542
vn 0.01550372 0.07086543 -0.99736542
vn 0.01641944 -0.07181218 -0.99728298
vn 0.01641944 -0.07181218 -0.99728298
vn 0.01800603 -0.08914513 -0.99585587
vn 0.01800603 -0.08914513 -0.99585587
vn 0.71547419 0.18876460 0.67265499
vn 0.71931165 0.18513067 0.66956508
vn 0.70042056 0.17682947 0.69147837
vn -0.89994538 -0.09094672 -0.42641199
vn -0.88838220 -0.07538232 -0.45287377
vn -0.86938334 -0.03656128 -0.49278381
vn -0.19913962 0.86928636 0.45242080
vn -0.22764011 0.84952265 0.47591090
vn -0.07873941 0.95137358 0.29780591
vn 0.06296123 0.99550766 -0.07071312
vn -0.06808711 0.90896738 -0.41126931
vn -0.19855893 0.80738944 -0.55560482
vn -0.16184498 0.83238924 -0.53003240
vn -0.01351994 0.86762619 -0.49703333
vn 0.14374715 0.83211595 -0.53564888
vn 0.16730608 0.81226760 -0.55877542
vn 0.04004139 0.91841894 -0.39357758
vn -0.06021371 0.99729532 -0.04214654
vn 0.08109012 0.94750619 0.30928391
vn 0.21595106 0.85077274 0.47911474
vn 0.19297197 0.86951840 0.45464236
vn -0.00350970 0.90992659 0.41475442
vn -0.00607326 0.99940145 -0.03405906
vn 0.01855546 -0.00000000 -0.99982786
vn 0.01855546 -0.00000000 -0.99982786
vn -0.57986605 -0.00000000 -0.81471181
vn -0.91624278 -0.00000000 -0.40062347
vn -0.98322242 -0.00000000 -0.18241055
vn -0.98968530 -0.00000000 -0.14325838
vn 0.99978971 -0.00000000 -0.02050851
vn 0.98770702 -0.00000000 -0.15631674
vn 0.93764824 -0.00000000 -0.34758574
vn 0.63388908 -0.00000000 -0.77342397
vn -0.99498934 -0.00000000 -0.09998114
vn 0.99953234 0.00000000 0.03058018
vn 0.99305159 -0.00000000 -0.11768053
vn -0.99693614 -0.00000000 -0.07822039
vn -0.99998325 -0.00000000 -0.00579860
vn -0.98664606 0.00000000 0.16287945
vn -0.86450970 0.00000000 0.50261617
vn -0.48073268 0.00000000 0.87686718
vn 0.06604299 0.00000000 0.99781686
vn 0.06604299 0.00000000 0.99781686
vn 0.61438000 0.00000000 0.78901029
vn 0.94143009 0.00000000 0.33720818
vn 0.99965870 -0.00000000 -0.02612450
vn 0.98771179 -0.00000000 -0.15628698
vn 0.00000000 -1.00000000 0.00000000
vn 0.00000000 -1.00000000 0.00000000
vn 0.00000000 -1.00000000 0.00000000
vn 0.00000000 -1.00000000 0.00000000
vn 0.00000000 -1.00000000 0.00000000
vn 0.00000000 -1.00000000 0.00000000
vn 0.00000000 -1.00000000 0.00000000
vn 0.00000000 -1.00000000 0.00000000
vn 0.00000000 -1.00000000 0.00000000
vn 0.00000000 -1.00000000 0.00000000
vn 0.00000000 -1.00000000 0.00000000
vn 0.00000000 -1.00000000 0.00000000
vn 0.00000000 -1.00000000 0.00000000
vn 0.00000000 -1.00000000 0.00000000
vn 0.00000000 -1.00000000 0.00000000
vn 0.00000000 -1.00000000 0.00000000
vn 0.00000000 -1.00000000 0.00000000
vn 0.00000000 -1.00000000 0.00000000
vn 0.00000000 -1.00000000 0.00000000
vn 0.00000000 -1.00000000 0.00000000
vn 0.00000000 -1.00000000 0.00000000
vn 0.00000000 -1.00000000 0.00000000
vn -0.42996004 -0.21827614 -0.87606508
vn -0.66528636 -0.20762157 -0.71713835
vn -0.07147627 -0.99105400 0.11270787
vn -0.93078166 -0.23017755 0.28401384
vn 0.11502503 0.99310935 0.02243125
vn -0.08316466 -0.93983686 0.33134630
vn 0.06460934 -0.92806113 0.36678085
vn 0.00000000 -0.93122071 0.36445576
vn 0.00000000 -0.93122071 0.36445576
vn 0.03241159 0.97204238 -0.23255768
vn 0.00000000 0.95979160 -0.28071362
vn 0.00000000 0.95979160 -0.28071362
vn 0.11676545 0.98707396 -0.10977662
vn 0.18238017 0.98288745 -0.02587991
vn 0.99012756 -0.01910489 -0.13886139
vn -0.70846868 -0.38722536 0.59002423
vn 0.52562785 0.50151789 0.68716466
vn 0.91860723 -0.39452595 -0.02258445
vn 0.91860723 -0.39452595 -0.02258445
vn 0.59060615 0.13669518 0.79529792
vn 0.54605037 0.30375803 0.78074330
vn 0.43251625 0.50658596 0.74585551
vn 0.36576909 0.63110042 0.68405068
vn 0.61002040 0.37618127 0.69739723
vn 0.68653506 -0.71720713 -0.11951418
vn 0.68653506 -0.71720713 -0.11951418
vn 0.48968527 -0.50546390 -0.71043277
vn -0.09906448 -0.96879321 -0.22721349
vn -0.38698652 -0.89873654 -0.20618935
vn 0.18290144 -0.93577898 -0.30143794
vn 0.30235362 -0.79291904 -0.52901959
vn 0.65473491 0.03744743 0.75493038
vn 0.63013583 0.03021429 0.77589685
vn 0.14612445 -0.98307449 0.11050891
vn 0.14612445 -0.98307449 0.11050891
vn 0.90184397 -0.20075564 -0.38258937
vn 0.64255983 0.73088360 0.23005684
vn 0.74003971 0.67253029 -0.00665328
vn 0.42613325 -0.09112898 0.90005887
vn 0.49703440 0.18662444 0.84742445
vn 0.48231855 -0.44099611 0.75689584
vn 0.61125052 -0.71312559 0.34325618
vn 0.71964669 -0.67353195 -0.16871108
vn 0.52227664 0.45284528 0.72260529
vn 0.98671770 -0.16132471 0.01904401
vn 0.33485648 -0.15610562 -0.92924815
vn 0.33485648 -0.15610562 -0.92924815
vn 0.23814128 -0.73700798 0.63254088
vn 0.14228076 -0.75095671 0.64484125
vn 0.24696299 -0.78047264 0.57434464
vn 0.14807984 -0.79551715 0.58755839
vn 0.33773118 0.84707475 0.41036814
vn 0.53842056 -0.64810675 0.53857315
vn 0.53557771 -0.52022666 0.66522241
vn 0.50121158 -0.64144582 0.58080477
vn -0.06235050 0.87992632 0.47100106
vn 0.17756069 -0.73957169 -0.64923483
vn 0.17756069 -0.73957169 -0.64923483
vn 0.49459884 -0.49926835 -0.71140933
vn 0.57681948 -0.67481774 0.46032634
vn 0.59188658 -0.59692228 0.54162169
vn 0.50591964 -0.71821249 0.47771975
vn 0.49053961 -0.69593573 0.52444673
vn 0.56717384 0.38958108 -0.72563106
vn 0.36718047 0.39025325 -0.84432274
vn 0.45989436 0.27378806 0.84471136
vn 0.70590925 0.35219169 0.61453485
vn 0.70590925 0.35219169 0.61453485
vn -0.13721445 0.11096790 -0.98430610
vn 0.00000000 0.31031626 -0.95063347
vn 0.86507899 0.37920645 0.32839125
vn 0.03106835 0.34498686 -0.93809325
vn 0.92049116 0.38319972 0.07651176
vn 0.90941459 0.37032139 -0.18928081
vn 0.78878081 0.37511724 -0.48694131
vn 0.78878081 0.37511724 -0.48694131
vn 0.00000000 -0.00015259 1.00000000
vn 0.22221071 -0.00018312 0.97499871
vn 0.42153174 0.77329648 -0.47362807
vn 0.45931622 0.88353527 0.09161909
vn 0.42202377 0.71614027 0.55591285
vn 0.09171037 0.59952033 0.79508775
vn 0.18226357 0.37081417 0.91064638
vn 0.14319427 0.45238039 0.88025415
vn 0.04126197 0.48327172 0.87449753
vn 0.10513788 0.36973742 0.92316860
vn 0.17948227 0.16495521 0.96983290
vn 0.20951296 0.00381488 0.97779846
vn -0.04559474 -0.03109842 0.99847585
vn -0.04559474 -0.03109842 0.99847585
vn 0.10437661 0.26542792 -0.95846421
vn 0.12220107 0.47778666 -0.86993492
vn 0.23636945 -0.00088505 -0.97166294
vn 0.78115565 -0.10394656 -0.61562240
vn 0.78115565 -0.10394656 -0.61562240
vn 0.99954683 0.02655122 -0.01419117
vn -0.99703813 -0.04919726 -0.05911607
vn 0.99536073 0.09375569 -0.02160776
vn 0.99648529 -0.07541316 -0.03647055
vn -0.99234027 -0.09824215 -0.07489476
vn -0.98140091 -0.18467073 -0.05243172
vn 0.95252961 -0.00335709 -0.30442739
vn 0.60098869 -0.01303180 -0.79915130
vn 0.00735503 -0.07641904 -0.99704874
vn 0.94256562 0.01992926 0.33342600
vn 0.55852497 0.03665310 0.82867754
vn -0.04706049 -0.05630778 0.99730378
vn -0.72824591 -0.09576882 -0.67859137
vn -0.97213399 -0.23417525 -0.01083438
vn -0.92885280 -0.07556561 -0.36265999
vn -0.95822215 -0.27522525 0.07785536
vn -0.69003922 -0.23298363 0.68524778
vn 0.30470434 -0.32533535 -0.89516050
vn 0.05307358 -0.20857094 -0.97656608
vn -0.10474328 -0.16150975 -0.98129684
vn 0.00000000 -0.15659413 -0.98766303
vn 0.49559641 -0.43825144 -0.74987990
vn 0.74199617 -0.64512646 -0.18235551
vn 0.63184679 -0.56378818 -0.53189516
vn 0.63184679 -0.56378818 -0.53189516
vn 0.75779188 -0.64480978 0.09985885
vn 0.71347606 -0.57797116 0.39610770
vn 0.65264815 -0.48271856 0.58398050
vn 0.65264815 -0.48271856 0.58398050
vn 0.43532616 -0.29692152 0.84989923
vn 0.00000000 -0.06055035 0.99816513
vn 0.11615426 -0.11264461 0.98682290
vn 0.00000000 0.34107646 0.94003564
vn 0.41609517 -0.01355041 -0.90922010
vn 0.91713649 0.02188236 -0.39797208
vn 0.98156267 0.02868817 0.18897569
vn -0.97845459 -0.13132533 0.15931170
vn -0.98443472 -0.13446860 -0.11316606
vn -0.79960042 -0.12006214 -0.58840817
vn -0.25449708 -0.06854545 -0.96464127
vn -0.25449708 -0.06854545 -0.96464127
vn -0.75852162 -0.11066224 0.64218283
vn -0.06177116 -0.04843421 0.99691451
vn -0.06177116 -0.04843421 0.99691451
vn 0.67267251 0.00711096 0.73990625
vn -0.36278671 -0.27058694 -0.89172226
vn 0.01934924 -0.25828493 -0.96587509
vn 0.01934924 -0.25828493 -0.96587509
vn -0.68618238 -0.26246083 -0.67843062
vn -0.90315026 -0.24018492 -0.35585210
vn -0.97674632 -0.21439286 -0.00152593
vn -0.93197930 -0.20114858 0.30158553
vn -0.79461932 -0.21497479 0.56777275
vn -0.50203907 -0.24674685 0.82889855
vn -0.03546269 -0.25687560 0.96579367
vn 0.44460487 -0.22797902 0.86622870
vn 0.77989477 -0.19150972 0.59589279
vn 0.93753070 -0.18125574 0.29695544
vn 0.97984773 -0.19971730 -0.00338763
vn 0.91053075 -0.22321507 -0.34800676
vn 0.70920289 -0.22898482 -0.66678131
vn 0.40367714 -0.23707294 -0.88365221
vn 0.01275700 0.27427554 -0.96156657
vn 0.01275700 0.27427554 -0.96156657
vn -0.39895189 0.23762543 -0.88564748
vn -0.70861614 0.16998975 -0.68481147
vn -0.93078369 0.10025655 -0.35155413
vn -0.99903327 0.00106816 0.04394709
vn -0.94444907 -0.07483322 0.32002494
vn -0.81592804 -0.09286959 0.57064599
vn -0.51822484 -0.08154869 0.85134763
vn -0.04001051 -0.07410033 0.99644792
vn 0.45189923 -0.07962484 0.88850832
vn 0.79554254 -0.08163872 0.60037261
vn 0.94785058 -0.04535083 0.31547207
vn 0.99807823 0.04300062 0.04461810
vn 0.93611431 0.13492522 -0.32478493
vn 0.73682523 0.18470225 -0.65036434
vn 0.42683828 0.24012323 -0.87186581
vn 0.00000000 1.00000000 -0.00000000
vn 0.00000000 1.00000000 -0.00000000
vn 0.00000000 1.00000000 -0.00000000
vn 0.00000000 1.00000000 -0.00000000
vn 0.00000000 1.00000000 -0.00000000
vn 0.00000000 1.00000000 -0.00000000
vn 0.00000000 1.00000000 -0.00000000
vn 0.00000000 1.00000000 -0.00000000
vn 0.00000000 1.00000000 -0.00000000
vn 0.00000000 1.00000000 -0.00000000
vn 0.00000000 1.00000000 -0.00000000
vn 0.00000000 1.00000000 -0.00000000
vn 0.00000000 1.00000000 -0.00000000
vn 0.00000000 1.00000000 -0.00000000
vn 0.00000000 1.00000000 -0.00000000
vn 0.00000000 1.00000000 -0.00000000
vn 0.00000000 1.00000000 -0.00000000
vn 0.00000000 -0.99999982 0.00067143
vn 0.00000000 -0.99999982 0.00067143
vn 0.00024416 -0.99999982 0.00064091
vn 0.00048831 -0.99999982 0.00051883
vn 0.00067143 -0.99999970 0.00027467
vn 0.00079351 -0.99999970 0.00000000
vn 0.00082402 -0.99999964 -0.00024416
vn 0.00073247 -0.99999964 -0.00054935
vn 0.00042727 -0.99999964 -0.00079351
vn 0.00000000 -0.99999964 -0.00085454
vn -0.00033571 -0.99999970 -0.00067143
vn -0.00054935 -0.99999982 -0.00042727
vn -0.00067143 -0.99999982 -0.00018312
vn -0.00067143 -0.99999982 0.00000000
vn -0.00057987 -0.99999982 0.00021364
vn -0.00045779 -0.99999982 0.00042727
vn -0.00024416 -0.99999982 0.00057987
vn 0.94299537 0.00021363 0.33280575
vn 0.88976079 -0.07315486 0.45052645
vn -0.93607706 -0.05270622 0.34782442
vn -0.88296169 -0.10968734 0.45645073
vn -0.03714130 -0.18372281 0.98227614
vn -0.53277683 -0.16626959 0.82976097
vn 0.48086050 -0.16211799 0.86167914
vn 0.46508077 -0.00076298 0.88526797
vn -0.03234981 -0.01007117 0.99942589
vn 0.87333465 0.00225841 0.48711544
vn -0.51680642 -0.03863687 0.85523003
vn -0.87230587 -0.05804793 0.48550281
vn 0.84376580 0.00000000 0.53671163
vn 0.96539766 0.00000000 0.26078221
vn -0.80752414 -0.00000000 -0.58983445
vn -0.95252621 -0.00000000 -0.30445680
vn 0.53119177 0.00000000 0.84725159
vn -0.52053744 -0.00000000 -0.85383892
vn -0.04977627 0.00000000 0.99876040
vn 0.49587598 -0.00000000 -0.86839336
vn -0.01522883 -0.00000000 -0.99988413
vn -0.01522883 -0.00000000 -0.99988413
vn -0.60037106 0.00000000 0.79972154
vn 0.80905527 -0.00000000 -0.58773249
vn -0.86186439 0.00000000 0.50713891
vn 0.95928043 -0.00000000 -0.28245547
vn -0.96437478 0.00000000 0.26454005
vn 0.99999821 -0.00000000 -0.00192272
vn -0.99998975 -0.00000000 -0.00454735
vn -0.01812847 -0.01513758 -0.99972111
vn -0.01812847 -0.01513758 -0.99972111
vn 0.57153308 -0.03628733 -0.81977630
vn 0.91136765 -0.09067287 -0.40148148
vn 0.98115766 -0.08624690 -0.17289054
vn 0.99718380 0.01031548 -0.07428369
vn -0.99706638 -0.03454788 0.06830225
vn -0.98104644 -0.12555686 -0.14759186
vn -0.92962021 -0.12174180 -0.34782934
vn -0.62225854 -0.04919715 -0.78126425
vn 0.98012346 0.18320663 -0.07611484
vn -0.98819613 0.13983676 0.06256337
vn -0.96578366 0.24037011 -0.09738714
vn 0.97474176 0.20841326 -0.08026459
vn 0.98250109 0.18274830 -0.03598201
vn 0.97956502 0.01614450 0.20047863
vn 0.80899924 0.20591211 0.55056387
vn 0.41679937 0.35408264 0.83719999
vn -0.04519936 0.38073060 0.92358065
vn -0.04519936 0.38073060 0.92358065
vn -0.55331510 0.30552882 0.77491581
vn -0.91565746 0.21906438 0.33701977
vn -0.98604739 0.16578074 0.01507652
vn -0.94555169 0.27577320 -0.17286181
vn 0.00000000 1.00000000 -0.00000000
vn 0.00000000 1.00000000 -0.00000000
vn 0.00000000 1.00000000 -0.00000000
vn 0.00000000 1.00000000 -0.00000000
vn 0.04727348 0.99860269 0.02362148
vn 0.23152134 0.96408230 0.13016590
vn -0.31279546 0.93536490 0.16508055
vn -0.06012165 0.99774474 0.02984720
vn 0.00000000 1.00000000 -0.00000000
vn 0.00000000 1.00000000 -0.00000000
vn 0.10437665 0.99002165 0.09467145
vn -0.18155597 0.97373080 0.13742585
vn 0.00000000 1.00000000 -0.00000000
vn 0.00000000 1.00000000 -0.00000000
vn 0.00000000 1.00000000 -0.00000000
vn 0.00000000 1.00000000 -0.00000000
vn -0.07156774 0.99602765 -0.05298149
vn -0.03579861 0.99500608 -0.09317406
vn 0.00735501 0.99439174 -0.10550325
vn 0.00735501 0.99439174 -0.10550325
vn 0.04721287 0.99485785 -0.08960374
vn 0.08655106 0.99509305 -0.04794489
vn 0.00000000 1.00000000 -0.00000000
vn 0.00000000 1.00000000 -0.00000000
vn -0.01855546 -0.00000000 -0.99982786
vn -0.01855546 -0.00000000 -0.99982786
vn 0.57986605 -0.00000000 -0.81471181
vn 0.91624278 -0.00000000 -0.40062347
vn 0.98331845 -0.00000000 -0.18189254
vn 0.99018741 -0.00000000 -0.13974628
vn -0.99998641 -0.00000000 -0.00521875
vn -0.98794663 -0.00000000 -0.15479489
vn -0.93764824 -0.00000000 -0.34758574
vn -0.63388908 -0.00000000 -0.77342397
vn 0.99502295 -0.00000000 -0.09964574
vn -0.99966824 0.00000000 0.02575772
vn -0.99305159 -0.00000000 -0.11768053
vn 0.99693614 -0.00000000 -0.07822039
vn 0.99998325 -0.00000000 -0.00579860
vn 0.98664606 0.00000000 0.16287945
vn 0.86399353 0.00000000 0.50350291
vn 0.48086518 0.00000000 0.87679458
vn -0.06586067 0.00000000 0.99782890
vn -0.06586067 0.00000000 0.99782890
vn -0.61470729 0.00000000 0.78875530
vn -0.94122154 0.00000000 0.33778983
vn -0.99965870 -0.00000000 -0.02612450
vn -0.98771179 -0.00000000 -0.15628698
vn 0.42996004 -0.21827614 -0.87606508
vn 0.66528636 -0.20762157 -0.71713835
vn 0.06921729 -0.99113786 0.11337841
vn 0.93070847 -0.23032716 0.28413221
vn -0.11493475 0.99312043 0.02240098
vn 0.08292121 -0.93963122 0.33199000
vn -0.06460968 -0.92809653 0.36669117
vn -0.03241159 0.97204238 -0.23255768
vn -0.11676545 0.98707396 -0.10977662
vn -0.18235050 0.98289216 -0.02591056
vn -0.99012756 -0.01910489 -0.13886139
vn 0.70846868 -0.38722536 0.59002423
vn -0.52566898 0.50149751 0.68714803
vn -0.91860723 -0.39452595 -0.02258445
vn -0.91860723 -0.39452595 -0.02258445
vn -0.59060615 0.13669518 0.79529792
vn -0.54605037 0.30375803 0.78074330
vn -0.43251625 0.50658596 0.74585551
vn -0.36577612 0.63108200 0.68406385
vn -0.61002040 0.37618127 0.69739723
vn -0.68653506 -0.71720713 -0.11951418
vn -0.68653506 -0.71720713 -0.11951418
vn -0.48968527 -0.50546390 -0.71043277
vn 0.09903426 -0.96879613 -0.22721419
vn 0.38698652 -0.89873654 -0.20618935
vn -0.18293093 -0.93577373 -0.30143625
vn -0.30235362 -0.79291904 -0.52901959
vn -0.65473491 0.03744743 0.75493038
vn -0.63013583 0.03021429 0.77589685
vn -0.14618418 -0.98306578 0.11050794
vn -0.14618418 -0.98306578 0.11050794
vn -0.90184397 -0.20075564 -0.38258937
vn -0.64255983 0.73088360 0.23005684
vn -0.74005353 0.67251509 -0.00665313
vn -0.42613325 -0.09112898 0.90005887
vn -0.49703440 0.18662444 0.84742445
vn -0.48231855 -0.44099611 0.75689584
vn -0.61123723 -0.71314055 0.34324870
vn -0.71964669 -0.67353195 -0.16871108
vn -0.52227664 0.45284528 0.72260529
vn -0.98671770 -0.16132471 0.01904401
vn -0.33485648 -0.15610562 -0.92924815
vn -0.33485648 -0.15610562 -0.92924815
vn -0.23814128 -0.73700798 0.63254088
vn -0.14228076 -0.75095671 0.64484125
vn -0.24696299 -0.78047264 0.57434464
vn -0.14807984 -0.79551715 0.58755839
vn -0.33775824 0.84706604 0.41036391
vn -0.53842056 -0.64810675 0.53857315
vn -0.53558856 -0.52023721 0.66520536
vn -0.50121158 -0.64144582 0.58080477
vn 0.06235050 0.87992632 0.47100106
vn -0.17759024 -0.73956770 -0.64923131
vn -0.17759024 -0.73956770 -0.64923131
vn -0.49459884 -0.49926835 -0.71140933
vn -0.57681948 -0.67481774 0.46032634
vn -0.59188658 -0.59692228 0.54162169
vn -0.50591964 -0.71821249 0.47771975
vn -0.49053961 -0.69593573 0.52444673
vn -0.56717384 0.38958108 -0.72563106
vn -0.36718047 0.39025325 -0.84432274
vn -0.45989436 0.27378806 0.84471136
vn -0.70590925 0.35219169 0.61453485
vn -0.70590925 0.35219169 0.61453485
vn 0.13721445 0.11096790 -0.98430610
vn -0.86507899 0.37920645 0.32839125
vn -0.03106835 0.34498686 -0.93809325
vn -0.92049116 0.38319972 0.07651176
vn -0.90941459 0.37032139 -0.18928081
vn -0.78878081 0.37511724 -0.48694131
vn -0.78878081 0.37511724 -0.48694131
vn -0.22221071 -0.00018312 0.97499871
vn -0.42153174 0.77329648 -0.47362807
vn -0.45931622 0.88353527 0.09161909
vn -0.42202377 0.71614027 0.55591285
vn -0.09171037 0.59952033 0.79508775
vn -0.18226357 0.37081417 0.91064638
vn -0.14319427 0.45238039 0.88025415
vn -0.04126197 0.48327172 0.87449753
vn -0.10513788 0.36973742 0.92316860
vn -0.17948227 0.16495521 0.96983290
vn -0.20951296 0.00381488 0.97779846
vn 0.04559474 -0.03109842 0.99847585
vn 0.04559474 -0.03109842 0.99847585
vn -0.10437661 0.26542792 -0.95846421
vn -0.12220107 0.47778666 -0.86993492
vn -0.23636945 -0.00088505 -0.97166294
vn -0.78115565 -0.10394656 -0.61562240
vn -0.78115565 -0.10394656 -0.61562240
vn -0.99954683 0.02655122 -0.01419117
vn 0.99703813 -0.04919726 -0.05911607
vn -0.99536073 0.09375569 -0.02160776
vn -0.99648529 -0.07541316 -0.03647055
vn 0.99234027 -0.09824215 -0.07489476
vn 0.98140091 -0.18467073 -0.05243172
vn -0.95252961 -0.00335709 -0.30442739
vn -0.60098869 -0.01303180 -0.79915130
vn -0.00735503 -0.07641904 -0.99704874
vn -0.94256562 0.01992926 0.33342600
vn -0.55852497 0.03665310 0.82867754
vn 0.04706049 -0.05630778 0.99730378
vn 0.72824591 -0.09576882 -0.67859137
vn 0.97213399 -0.23417525 -0.01083438
vn 0.92885280 -0.07556561 -0.36265999
vn 0.95822215 -0.27522525 0.07785536
vn 0.69003922 -0.23298363 0.68524778
vn -0.30470434 -0.32533535 -0.89516050
vn -0.05307358 -0.20857094 -0.97656608
vn 0.10474328 -0.16150975 -0.98129684
vn -0.49559641 -0.43825144 -0.74987990
vn -0.74199617 -0.64512646 -0.18235551
vn -0.63184679 -0.56378818 -0.53189516
vn -0.63184679 -0.56378818 -0.53189516
vn -0.75779188 -0.64480978 0.09985885
vn -0.71347606 -0.57797116 0.39610770
vn -0.65265977 -0.48272714 0.58396041
vn -0.65265977 -0.48272714 0.58396041
vn -0.43532616 -0.29692152 0.84989923
vn -0.11615426 -0.11264461 0.98682290
vn -0.41609517 -0.01355041 -0.90922010
vn -0.91713649 0.02188236 -0.39797208
vn -0.98156267 0.02868817 0.18897569
vn 0.97845459 -0.13132533 0.15931170
vn 0.98443472 -0.13446860 -0.11316606
vn 0.79960042 -0.12006214 -0.58840817
vn 0.25449708 -0.06854545 -0.96464127
vn 0.25449708 -0.06854545 -0.96464127
vn 0.75852162 -0.11066224 0.64218283
vn 0.06177116 -0.04843421 0.99691451
vn 0.06177116 -0.04843421 0.99691451
vn -0.67267251 0.00711096 0.73990625
vn 0.36278671 -0.27058694 -0.89172226
vn -0.01934924 -0.25828493 -0.96587509
vn -0.01934924 -0.25828493 -0.96587509
vn 0.68618238 -0.26246083 -0.67843062
vn 0.90315026 -0.24018492 -0.35585210
vn 0.97674632 -0.21439286 -0.00152593
vn 0.93197930 -0.20114858 0.30158553
vn 0.79461932 -0.21497479 0.56777275
vn 0.50203907 -0.24674685 0.82889855
vn 0.03546269 -0.25687560 0.96579367
vn -0.44460487 -0.22797902 0.86622870
vn -0.77989477 -0.19150972 0.59589279
vn -0.93753070 -0.18125574 0.29695544
vn -0.97984773 -0.19971730 -0.00338763
vn -0.91053075 -0.22321507 -0.34800676
vn -0.70920289 -0.22898482 -0.66678131
vn -0.40367714 -0.23707294 -0.88365221
vn -0.01275700 0.27427554 -0.96156657
vn -0.01275700 0.27427554 -0.96156657
vn 0.39895189 0.23762543 -0.88564748
vn 0.70861614 0.16998975 -0.68481147
vn 0.93078369 0.10025655 -0.35155413
vn 0.99903327 0.00106816 0.04394709
vn 0.94444907 -0.07483322 0.32002494
vn 0.81592804 -0.09286959 0.57064599
vn 0.51822484 -0.08154869 0.85134763
vn 0.04001051 -0.07410033 0.99644792
vn -0.45189923 -0.07962484 0.88850832
vn -0.79554254 -0.08163872 0.60037261
vn -0.94785058 -0.04535083 0.31547207
vn -0.99807823 0.04300062 0.04461810
vn -0.93611431 0.13492522 -0.32478493
vn -0.73682523 0.18470225 -0.65036434
vn -0.42683828 0.24012323 -0.87186581
vn 0.00000000 1.00000000 -0.00000000
vn 0.00000000 1.00000000 -0.00000000
vn 0.00000000 1.00000000 -0.00000000
vn 0.00000000 1.00000000 -0.00000000
vn 0.00000000 1.00000000 -0.00000000
vn 0.00000000 1.00000000 -0.00000000
vn 0.00000000 1.00000000 -0.00000000
vn 0.00000000 1.00000000 -0.00000000
vn 0.00000000 1.00000000 -0.00000000
vn 0.00000000 1.00000000 -0.00000000
vn 0.00000000 1.00000000 -0.00000000
vn 0.00000000 1.00000000 -0.00000000
vn 0.00000000 1.00000000 -0.00000000
vn 0.00000000 1.00000000 -0.00000000
vn 0.00000000 1.00000000 -0.00000000
vn 0.00000000 1.00000000 -0.00000000
vn 0.00000000 1.00000000 -0.00000000
vn 0.00000000 -0.99999982 0.00067143
vn 0.00000000 -0.99999982 0.00067143
vn -0.00024416 -0.99999982 0.00064091
vn -0.00048831 -0.99999982 0.00051883
vn -0.00067143 -0.99999970 0.00027467
vn -0.00079351 -0.99999970 0.00000000
vn -0.00082402 -0.99999964 -0.00024416
vn -0.00073247 -0.99999964 -0.00054935
vn -0.00042727 -0.99999964 -0.00079351
vn 0.00000000 -0.99999964 -0.00085454
vn 0.00033571 -0.99999970 -0.00067143
vn 0.00054935 -0.99999982 -0.00042727
vn 0.00067143 -0.99999982 -0.00018312
vn 0.00067143 -0.99999982 0.00000000
vn 0.00057987 -0.99999982 0.00021364
vn 0.00045779 -0.99999982 0.00042727
vn 0.00024416 -0.99999982 0.00057987
vn -0.94299537 0.00021363 0.33280575
vn -0.88976079 -0.07315486 0.45052645
vn 0.93607706 -0.05270622 0.34782442
vn 0.88296169 -0.10968734 0.45645073
vn 0.03714130 -0.18372281 0.98227614
vn 0.53277683 -0.16626959 0.82976097
vn -0.48086050 -0.16211799 0.86167914
vn -0.46508077 -0.00076298 0.88526797
vn 0.03234981 -0.01007117 0.99942589
vn -0.87333465 0.00225841 0.48711544
vn 0.51680642 -0.03863687 0.85523003
vn 0.87230587 -0.05804793 0.48550281
vn -0.84376580 0.00000000 0.53671163
vn -0.96539766 0.00000000 0.26078221
vn 0.80752414 -0.00000000 -0.58983445
vn 0.95252621 -0.00000000 -0.30445680
vn -0.53119177 0.00000000 0.84725159
vn 0.52053744 -0.00000000 -0.85383892
vn 0.04977627 0.00000000 0.99876040
vn -0.49587598 -0.00000000 -0.86839336
vn 0.01522883 -0.00000000 -0.99988413
vn 0.01522883 -0.00000000 -0.99988413
vn 0.60037106 0.00000000 0.79972154
vn -0.80905527 -0.00000000 -0.58773249
vn 0.86186439 0.00000000 0.50713891
vn -0.95928043 -0.00000000 -0.28245547
vn 0.96437478 0.00000000 0.26454005
vn -0.99999821 -0.00000000 -0.00192272
vn 0.99998975 -0.00000000 -0.00454735
vn 0.01812847 -0.01513758 -0.99972111
vn 0.01812847 -0.01513758 -0.99972111
vn -0.57153308 -0.03628733 -0.81977630
vn -0.91136765 -0.09067287 -0.40148148
vn -0.98115766 -0.08624690 -0.17289054
vn -0.99718380 0.01031548 -0.07428369
vn 0.99706638 -0.03454788 0.06830225
vn 0.98104644 -0.12555686 -0.14759186
vn 0.92962021 -0.12174180 -0.34782934
vn 0.62225854 -0.04919715 -0.78126425
vn -0.98012346 0.18320663 -0.07611484
vn 0.98819613 0.13983676 0.06256337
vn 0.96578366 0.24037011 -0.09738714
vn -0.97474176 0.20841326 -0.08026459
vn -0.98250109 0.18274830 -0.03598201
vn -0.97956502 0.01614450 0.20047863
vn -0.80899924 0.20591211 0.55056387
vn -0.41679937 0.35408264 0.83719999
vn 0.04519936 0.38073060 0.92358065
vn 0.04519936 0.38073060 0.92358065
vn 0.55331510 0.30552882 0.77491581
vn 0.91565746 0.21906438 0.33701977
vn 0.98604739 0.16578074 0.01507652
vn 0.94555169 0.27577320 -0.17286181
vn 0.00000000 1.00000000 -0.00000000
vn 0.00000000 1.00000000 -0.00000000
vn 0.00000000 1.00000000 -0.00000000
vn 0.00000000 1.00000000 -0.00000000
vn -0.04727348 0.99860269 0.02362148
vn -0.23151456 0.96408451 0.13016209
vn 0.31282297 0.93535596 0.16507897
vn 0.06012165 0.99774474 0.02984720
vn 0.00000000 1.00000000 -0.00000000
vn 0.00000000 1.00000000 -0.00000000
vn -0.10437665 0.99002165 0.09467145
vn 0.18155597 0.97373080 0.13742585
vn 0.00000000 1.00000000 -0.00000000
vn 0.00000000 1.00000000 -0.00000000
vn 0.00000000 1.00000000 -0.00000000
vn 0.00000000 1.00000000 -0.00000000
vn 0.07156774 0.99602765 -0.05298149
vn 0.03579861 0.99500608 -0.09317406
vn -0.00735501 0.99439174 -0.10550325
vn -0.00735501 0.99439174 -0.10550325
vn -0.04721287 0.99485785 -0.08960374
vn -0.08655106 0.99509305 -0.04794489
vn 0.00000000 1.00000000 -0.00000000
vn 0.00000000 1.00000000 -0.00000000
vn 0.01855546 -0.00000000 -0.99982786
vn 0.01855546 -0.00000000 -0.99982786
vn -0.57986605 -0.00000000 -0.81471181
vn -0.91624278 -0.00000000 -0.40062347
vn -0.98331845 -0.00000000 -0.18189254
vn -0.99018741 -0.00000000 -0.13974628
vn 0.99998641 -0.00000000 -0.00521875
vn 0.98794663 -0.00000000 -0.15479489
vn 0.93764824 -0.00000000 -0.34758574
vn 0.63388908 -0.00000000 -0.77342397
vn -0.99502295 -0.00000000 -0.09964574
vn 0.99966824 0.00000000 0.02575772
vn 0.99305159 -0.00000000 -0.11768053
vn -0.99693614 -0.00000000 -0.07822039
vn -0.99998325 -0.00000000 -0.00579860
vn -0.98664606 0.00000000 0.16287945
vn -0.86399353 0.00000000 0.50350291
vn -0.48086518 0.00000000 0.87679458
vn 0.06586067 0.00000000 0.99782890
vn 0.06586067 0.00000000 0.99782890
vn 0.61470729 0.00000000 0.78875530
vn 0.94122154 0.00000000 0.33778983
vn 0.99965870 -0.00000000 -0.02612450
vn 0.98771179 -0.00000000 -0.15628698
usemtl KageyamaMaterial
f 28/28/28 29/29/29 30/30/30
f 135/135/135 28/28/28 136/136/136
f 13/13/13 12/12/12 41/41/41
f 2764/2764/2764 14/14/14 2336/2336/2336
f 399/399/399 117/117/117 123/123/123
f 76/76/76 79/79/79 144/144/144
f 149/149/149 148/148/148 150/150/150
f 2529/2529/2529 2530/2530/2530 147/147/147
f 89/89/89 2533/2533/2533 2443/2443/2443
f 136/136/136 137/137/137 161/161/161
f 71/71/71 159/159/159 66/66/66
f 40/40/40 11/11/11 49/49/49
f 12/12/12 10/10/10 164/164/164
f 172/172/172 170/170/170 216/216/216
f 213/213/213 211/211/211 224/224/224
f 216/216/216 170/170/170 230/230/230
f 230/230/230 170/170/170 238/238/238
f 168/168/168 4871/4871/4871 247/247/247
f 243/243/243 4897/4897/4897 4895/4895/4895
f 214/214/214 226/226/226 228/228/228
f 252/252/252 229/229/229 255/255/255
f 249/249/249 254/254/254 255/255/255
f 253/253/253 250/250/250 255/255/255
f 229/229/229 256/256/256 255/255/255
f 254/254/254 253/253/253 255/255/255
f 250/250/250 251/251/251 255/255/255
f 237/237/237 242/242/242 255/255/255
f 165/165/165 237/237/237 255/255/255
f 257/257/257 165/165/165 255/255/255
f 242/242/242 249/249/249 255/255/255
f 247/247/247 4871/4871/4871 4899/4899/4899
f 4897/4897/4897 246/246/246 4898/4898/4898
f 2459/2459/2459 287/287/287 2472/2472/2472
f 349/349/349 41/41/41 351/351/351
f 27/27/27 351/351/351 41/41/41
f 2764/2764/2764 16/16/16 14/14/14
f 352/352/352 351/351/351 361/361/361
f 352/352/352 376/376/376 340/340/340
f 375/375/375 2772/2772/2772 2757/2757/2757
f 116/116/116 117/117/117 399/399/399
f 402/402/402 404/404/404 2831/2831/2831
f 408/408/408 403/403/403 2831/2831/2831
f 406/406/406 2824/2824/2824 2831/2831/2831
f 403/403/403 402/402/402 2831/2831/2831
f 409/409/409 407/407/407 2831/2831/2831
f 2826/2826/2826 409/409/409 2831/2831/2831
f 404/404/404 405/405/405 2831/2831/2831
f 407/407/407 408/408/408 2831/2831/2831
f 405/405/405 406/406/406 2831/2831/2831
f 2833/2833/2833 2974/2974/2974 410/410/410
f 410/410/410 2974/2974/2974 418/418/418
f 418/418/418 2974/2974/2974 426/426/426
f 426/426/426 2974/2974/2974 434/434/434
f 434/434/434 2974/2974/2974 442/442/442
f 442/442/442 2974/2974/2974 450/450/450
f 450/450/450 2974/2974/2974 458/458/458
f 458/458/458 2974/2974/2974 466/466/466
f 2974/2974/2974 474/474/474 466/466/466
f 481/481/481 2974/2974/2974 489/489/489
f 489/489/489 2974/2974/2974 496/496/496
f 496/496/496 2974/2974/2974 504/504/504
f 504/504/504 2974/2974/2974 512/512/512
f 521/521/521 2974/2974/2974 2958/2958/2958
f 512/512/512 2974/2974/2974 521/521/521
f 2992/2992/2992 2985/2985/2985 582/582/582
f 527/527/527 529/529/529 528/528/528
f 532/532/532 527/527/527 526/526/526
f 609/609/609 542/542/542 534/534/534
f 544/544/544 536/536/536 535/535/535
f 536/536/536 547/547/547 537/537/537
f 536/536/536 545/545/545 546/546/546
f 536/536/536 546/546/546 547/547/547
f 543/543/543 536/536/536 544/544/544
f 609/609/609 488/488/488 542/542/542
f 538/538/538 543/543/543 544/544/544
f 538/538/538 544/544/544 535/535/535
f 539/539/539 581/581/581 578/578/578
f 603/603/603 604/604/604 602/602/602
f 601/601/601 602/602/602 608/608/608
f 601/601/601 607/607/607 600/600/600
f 600/600/600 606/606/606 599/599/599
f 599/599/599 606/606/606 598/598/598
f 597/597/597 598/598/598 605/605/605
f 3070/3070/3070 597/597/597 3080/3080/3080
f 474/474/474 2974/2974/2974 481/481/481
f 251/251/251 252/252/252 255/255/255
f 565/565/565 539/539/539 561/561/561
f 31/31/31 32/32/32 29/29/29
f 5/5/5 613/613/613 4867/4867/4867
f 133/133/133 614/614/614 135/135/135
f 3244/3244/3244 3212/3212/3212 722/722/722
f 890/890/890 897/897/897 922/922/922
f 897/897/897 898/898/898 920/920/920
f 894/894/894 3383/3383/3383 3396/3396/3396
f 1289/1289/1289 1293/1293/1293 1294/1294/1294
f 1269/1269/1269 1267/1267/1267 1271/1271/1271
f 1283/1283/1283 1289/1289/1289 1282/1282/1282
f 1283/1283/1283 1284/1284/1284 1289/1289/1289
f 1290/1290/1290 1293/1293/1293 1289/1289/1289
f 1292/1292/1292 1298/1298/1298 1291/1291/1291
f 1298/1298/1298 1332/1332/1332 1333/1333/1333
f 1289/1289/1289 1317/1317/1317 1318/1318/1318
f 1294/1294/1294 1336/1336/1336 1337/1337/1337
f 1299/1299/1299 1338/1338/1338 1339/1339/1339
f 1292/1292/1292 1321/1321/1321 1322/1322/1322
f 1283/1283/1283 1306/1306/1306 1307/1307/1307
f 1293/1293/1293 1326/1326/1326 1327/1327/1327
f 1287/1287/1287 1311/1311/1311 1312/1312/1312
f 1571/1571/1571 1613/1613/1613 1572/1572/1572
f 1554/1554/1554 1592/1592/1592 1555/1555/1555
f 1572/1572/1572 1613/1613/1613 1573/1573/1573
f 1556/1556/1556 1591/1591/1591 1557/1557/1557
f 1573/1573/1573 1613/1613/1613 1574/1574/1574
f 1557/1557/1557 1591/1591/1591 1558/1558/1558
f 1574/1574/1574 1613/1613/1613 1575/1575/1575
f 1558/1558/1558 1591/1591/1591 1559/1559/1559
f 1540/1540/1540 1580/1580/1580 1541/1541/1541
f 1576/1576/1576 1612/1612/1612 1577/1577/1577
f 1550/1550/1550 1559/1559/1559 1591/1591/1591
f 1541/1541/1541 1580/1580/1580 1542/1542/1542
f 1577/1577/1577 1612/1612/1612 1578/1578/1578
f 1560/1560/1560 1603/1603/1603 1561/1561/1561
f 1543/1543/1543 1581/1581/1581 1544/1544/1544
f 1578/1578/1578 1612/1612/1612 1579/1579/1579
f 1561/1561/1561 1603/1603/1603 1562/1562/1562
f 1545/1545/1545 1581/1581/1581 1546/1546/1546
f 1579/1579/1579 1612/1612/1612 1570/1570/1570
f 1562/1562/1562 1603/1603/1603 1563/1563/1563
f 1546/1546/1546 1581/1581/1581 1547/1547/1547
f 1544/1544/1544 1581/1581/1581 1545/1545/1545
f 1565/1565/1565 1564/1564/1564 1602/1602/1602
f 1547/1547/1547 1581/1581/1581 1548/1548/1548
f 1565/1565/1565 1602/1602/1602 1566/1566/1566
f 1549/1549/1549 1580/1580/1580 1540/1540/1540
f 1566/1566/1566 1602/1602/1602 1567/1567/1567
f 1551/1551/1551 1592/1592/1592 1552/1552/1552
f 1567/1567/1567 1602/1602/1602 1568/1568/1568
f 1552/1552/1552 1592/1592/1592 1553/1553/1553
f 1569/1569/1569 1603/1603/1603 1560/1560/1560
f 1553/1553/1553 1592/1592/1592 1554/1554/1554
f 1287/1287/1287 1198/1198/1198 1292/1292/1292
f 1277/1277/1277 1204/1204/1204 1288/1288/1288
f 2144/2144/2144 2161/2161/2161 2244/2244/2244
f 2259/2259/2259 2162/2162/2162 2145/2145/2145
f 2192/2192/2192 2200/2200/2200 5104/5104/5104
f 5113/5113/5113 2207/2207/2207 2199/2199/2199
f 2200/2200/2200 5105/5105/5105 5104/5104/5104
f 5113/5113/5113 5112/5112/5112 2207/2207/2207
f 2146/2146/2146 2261/2261/2261 2145/2145/2145
f 2261/2261/2261 2260/2260/2260 2145/2145/2145
f 2260/2260/2260 2259/2259/2259 2145/2145/2145
f 2144/2144/2144 2246/2246/2246 2143/2143/2143
f 2144/2144/2144 2245/2245/2245 2246/2246/2246
f 2144/2144/2144 2244/2244/2244 2245/2245/2245
f 2269/2269/2269 2281/2281/2281 2270/2270/2270
f 2277/2277/2277 2281/2281/2281 2278/2278/2278
f 2270/2270/2270 2281/2281/2281 2271/2271/2271
f 2278/2278/2278 2281/2281/2281 2279/2279/2279
f 2271/2271/2271 2281/2281/2281 2272/2272/2272
f 2280/2280/2280 2281/2281/2281 2265/2265/2265
f 2279/2279/2279 2281/2281/2281 2280/2280/2280
f 2272/2272/2272 2281/2281/2281 2273/2273/2273
f 2265/2265/2265 2281/2281/2281 2266/2266/2266
f 2273/2273/2273 2281/2281/2281 2274/2274/2274
f 2266/2266/2266 2281/2281/2281 2267/2267/2267
f 2274/2274/2274 2281/2281/2281 2275/2275/2275
f 2267/2267/2267 2281/2281/2281 2268/2268/2268
f 2275/2275/2275 2281/2281/2281 2276/2276/2276
f 2268/2268/2268 2281/2281/2281 2269/2269/2269
f 2276/2276/2276 2281/2281/2281 2277/2277/2277
f 2323/2323/2323 2324/2324/2324 2322/2322/2322
f 2306/2306/2306 2307/2307/2307 2314/2314/2314
f 1018/1018/1018 1016/1016/1016 1002/1002/1002
f 2359/2359/2359 2361/2361/2361 2360/2360/2360
f 2502/2502/2502 2503/2503/2503 2359/2359/2359
f 2344/2344/2344 2381/2381/2381 2342/2342/2342
f 2765/2765/2765 2339/2339/2339 2346/2346/2346
f 2813/2813/2813 2486/2486/2486 2476/2476/2476
f 2423/2423/2423 2517/2517/2517 2426/2426/2426
f 2527/2527/2527 2528/2528/2528 2525/2525/2525
f 2529/2529/2529 2523/2523/2523 2530/2530/2530
f 2436/2436/2436 2444/2444/2444 2534/2534/2534
f 2503/2503/2503 2549/2549/2549 2504/2504/2504
f 2418/2418/2418 2413/2413/2413 2547/2547/2547
f 2382/2382/2382 2392/2392/2392 2343/2343/2343
f 2342/2342/2342 2551/2551/2551 2341/2341/2341
f 2559/2559/2559 2604/2604/2604 2557/2557/2557
f 2601/2601/2601 2612/2612/2612 2599/2599/2599
f 2604/2604/2604 2618/2618/2618 2557/2557/2557
f 2618/2618/2618 2626/2626/2626 2557/2557/2557
f 2554/2554/2554 2634/2634/2634 5175/5175/5175
f 2631/2631/2631 5200/5200/5200 5202/5202/5202
f 2602/2602/2602 2616/2616/2616 2614/2614/2614
f 2640/2640/2640 2643/2643/2643 2617/2617/2617
f 2637/2637/2637 2643/2643/2643 2642/2642/2642
f 2641/2641/2641 2643/2643/2643 2638/2638/2638
f 2617/2617/2617 2643/2643/2643 2645/2645/2645
f 2642/2642/2642 2643/2643/2643 2641/2641/2641
f 2638/2638/2638 2643/2643/2643 2639/2639/2639
f 2625/2625/2625 2643/2643/2643 2630/2630/2630
f 2553/2553/2553 2643/2643/2643 2625/2625/2625
f 2644/2644/2644 2643/2643/2643 2553/2553/2553
f 2630/2630/2630 2643/2643/2643 2637/2637/2637
f 2634/2634/2634 5203/5203/5203 5175/5175/5175
f 5202/5202/5202 5204/5204/5204 2635/2635/2635
f 2460/2460/2460 2473/2473/2473 2675/2675/2675
f 2743/2743/2743 2745/2745/2745 2381/2381/2381
f 2357/2357/2357 2381/2381/2381 2745/2745/2745
f 2765/2765/2765 2346/2346/2346 2348/2348/2348
f 2746/2746/2746 2759/2759/2759 2745/2745/2745
f 2746/2746/2746 2730/2730/2730 2780/2780/2780
f 2779/2779/2779 2758/2758/2758 2773/2773/2773
f 2475/2475/2475 2813/2813/2813 2476/2476/2476
f 2818/2818/2818 2830/2830/2830 2820/2820/2820
f 2828/2828/2828 2830/2830/2830 2819/2819/2819
f 2822/2822/2822 2830/2830/2830 2823/2823/2823
f 2819/2819/2819 2830/2830/2830 2818/2818/2818
f 2829/2829/2829 2830/2830/2830 2827/2827/2827
f 2825/2825/2825 2830/2830/2830 2829/2829/2829
f 2820/2820/2820 2830/2830/2830 2821/2821/2821
f 2827/2827/2827 2830/2830/2830 2828/2828/2828
f 2821/2821/2821 2830/2830/2830 2822/2822/2822
f 2832/2832/2832 2848/2848/2848 2973/2973/2973
f 2848/2848/2848 2856/2856/2856 2973/2973/2973
f 2856/2856/2856 2864/2864/2864 2973/2973/2973
f 2864/2864/2864 2872/2872/2872 2973/2973/2973
f 2872/2872/2872 2880/2880/2880 2973/2973/2973
f 2880/2880/2880 2888/2888/2888 2973/2973/2973
f 2888/2888/2888 2896/2896/2896 2973/2973/2973
f 2896/2896/2896 2904/2904/2904 2973/2973/2973
f 2973/2973/2973 2904/2904/2904 2912/2912/2912
f 2919/2919/2919 2927/2927/2927 2973/2973/2973
f 2927/2927/2927 2934/2934/2934 2973/2973/2973
f 2934/2934/2934 2942/2942/2942 2973/2973/2973
f 2942/2942/2942 2950/2950/2950 2973/2973/2973
f 2977/2977/2977 2957/2957/2957 2973/2973/2973
f 2950/2950/2950 2977/2977/2977 2973/2973/2973
f 2991/2991/2991 3050/3050/3050 2984/2984/2984
f 2983/2983/2983 2986/2986/2986 2987/2987/2987
f 2994/2994/2994 2982/2982/2982 2983/2983/2983
f 3085/3085/3085 2996/2996/2996 3004/3004/3004
f 3006/3006/3006 2997/2997/2997 2998/2998/2998
f 2998/2998/2998 2999/2999/2999 3009/3009/3009
f 2998/2998/2998 3008/3008/3008 3007/3007/3007
f 2998/2998/2998 3009/3009/3009 3008/3008/3008
f 3005/3005/3005 3006/3006/3006 2998/2998/2998
f 3085/3085/3085 3004/3004/3004 2926/2926/2926
f 3000/3000/3000 3006/3006/3006 3005/3005/3005
f 3000/3000/3000 2997/2997/2997 3006/3006/3006
f 3001/3001/3001 3046/3046/3046 3049/3049/3049
f 3077/3077/3077 3076/3076/3076 3078/3078/3078
f 3075/3075/3075 3084/3084/3084 3076/3076/3076
f 3075/3075/3075 3074/3074/3074 3083/3083/3083
f 3074/3074/3074 3073/3073/3073 3082/3082/3082
f 3073/3073/3073 3072/3072/3072 3082/3082/3082
f 3071/3071/3071 3081/3081/3081 3072/3072/3072
f 3069/3069/3069 3079/3079/3079 3071/3071/3071
f 2912/2912/2912 2919/2919/2919 2973/2973/2973
f 2639/2639/2639 2643/2643/2643 2640/2640/2640
f 3029/3029/3029 3025/3025/3025 3001/3001/3001
f 2362/2362/2362 2360/2360/2360 2363/2363/2363
f 2332/2332/2332 5172/5172/5172 3089/3089/3089
f 2501/2501/2501 2502/2502/2502 3090/3090/3090
f 3244/3244/3244 3213/3213/3213 3212/3212/3212
f 3392/3392/3392 3429/3429/3429 3401/3401/3401
f 3401/3401/3401 3427/3427/3427 3403/3403/3403
f 3397/3397/3397 3396/3396/3396 3383/3383/3383
f 3814/3814/3814 3820/3820/3820 3818/3818/3818
f 3793/3793/3793 3796/3796/3796 3791/3791/3791
f 3808/3808/3808 3807/3807/3807 3814/3814/3814
f 3808/3808/3808 3814/3814/3814 3810/3810/3810
f 3815/3815/3815 3814/3814/3814 3818/3818/3818
f 3817/3817/3817 3816/3816/3816 3823/3823/3823
f 3823/3823/3823 3858/3858/3858 3857/3857/3857
f 3814/3814/3814 3843/3843/3843 3842/3842/3842
f 3820/3820/3820 3862/3862/3862 3860/3860/3860
f 3824/3824/3824 3864/3864/3864 3863/3863/3863
f 3817/3817/3817 3847/3847/3847 3846/3846/3846
f 3808/3808/3808 3832/3832/3832 3831/3831/3831
f 3818/3818/3818 3852/3852/3852 3851/3851/3851
f 3811/3811/3811 3837/3837/3837 3835/3835/3835
f 4095/4095/4095 4097/4097/4097 4137/4137/4137
f 4079/4079/4079 4081/4081/4081 4116/4116/4116
f 4097/4097/4097 4098/4098/4098 4137/4137/4137
f 4080/4080/4080 4082/4082/4082 4117/4117/4117
f 4098/4098/4098 4099/4099/4099 4137/4137/4137
f 4082/4082/4082 4083/4083/4083 4117/4117/4117
f 4099/4099/4099 4101/4101/4101 4137/4137/4137
f 4083/4083/4083 4084/4084/4084 4117/4117/4117
f 4065/4065/4065 4066/4066/4066 4106/4106/4106
f 4100/4100/4100 4102/4102/4102 4138/4138/4138
f 4076/4076/4076 4117/4117/4117 4084/4084/4084
f 4066/4066/4066 4068/4068/4068 4106/4106/4106
f 4102/4102/4102 4103/4103/4103 4138/4138/4138
f 4085/4085/4085 4086/4086/4086 4127/4127/4127
f 4067/4067/4067 4069/4069/4069 4105/4105/4105
f 4103/4103/4103 4104/4104/4104 4138/4138/4138
f 4086/4086/4086 4087/4087/4087 4127/4127/4127
f 4070/4070/4070 4071/4071/4071 4105/4105/4105
f 4104/4104/4104 4096/4096/4096 4138/4138/4138
f 4087/4087/4087 4089/4089/4089 4127/4127/4127
f 4071/4071/4071 4072/4072/4072 4105/4105/4105
f 4069/4069/4069 4070/4070/4070 4105/4105/4105
f 4090/4090/4090 4128/4128/4128 4088/4088/4088
f 4072/4072/4072 4074/4074/4074 4105/4105/4105
f 4090/4090/4090 4091/4091/4091 4128/4128/4128
f 4073/4073/4073 4065/4065/4065 4106/4106/4106
f 4091/4091/4091 4092/4092/4092 4128/4128/4128
f 4075/4075/4075 4077/4077/4077 4116/4116/4116
f 4092/4092/4092 4094/4094/4094 4128/4128/4128
f 4077/4077/4077 4078/4078/4078 4116/4116/4116
f 4093/4093/4093 4085/4085/4085 4127/4127/4127
f 4078/4078/4078 4079/4079/4079 4116/4116/4116
f 3811/3811/3811 3817/3817/3817 3723/3723/3723
f 3802/3802/3802 3813/3813/3813 3729/3729/3729
f 4669/4669/4669 4769/4769/4769 4686/4686/4686
f 4784/4784/4784 4670/4670/4670 4687/4687/4687
f 4717/4717/4717 5404/5404/5404 4725/4725/4725
f 5413/5413/5413 4724/4724/4724 4732/4732/4732
f 4725/4725/4725 5404/5404/5404 5405/5405/5405
f 5413/5413/5413 4732/4732/4732 5412/5412/5412
f 4671/4671/4671 4670/4670/4670 4786/4786/4786
f 4786/4786/4786 4670/4670/4670 4785/4785/4785
f 4785/4785/4785 4670/4670/4670 4784/4784/4784
f 4669/4669/4669 4668/4668/4668 4771/4771/4771
f 4669/4669/4669 4771/4771/4771 4770/4770/4770
f 4669/4669/4669 4770/4770/4770 4769/4769/4769
f 4794/4794/4794 4795/4795/4795 4806/4806/4806
f 4802/4802/4802 4803/4803/4803 4806/4806/4806
f 4795/4795/4795 4796/4796/4796 4806/4806/4806
f 4803/4803/4803 4804/4804/4804 4806/4806/4806
f 4796/4796/4796 4797/4797/4797 4806/4806/4806
f 4805/4805/4805 4790/4790/4790 4806/4806/4806
f 4804/4804/4804 4805/4805/4805 4806/4806/4806
f 4797/4797/4797 4798/4798/4798 4806/4806/4806
f 4790/4790/4790 4791/4791/4791 4806/4806/4806
f 4798/4798/4798 4799/4799/4799 4806/4806/4806
f 4791/4791/4791 4792/4792/4792 4806/4806/4806
f 4799/4799/4799 4800/4800/4800 4806/4806/4806
f 4792/4792/4792 4793/4793/4793 4806/4806/4806
f 4800/4800/4800 4801/4801/4801 4806/4806/4806
f 4793/4793/4793 4794/4794/4794 4806/4806/4806
f 4801/4801/4801 4802/4802/4802 4806/4806/4806
f 4848/4848/4848 4847/4847/4847 4849/4849/4849
f 4831/4831/4831 4839/4839/4839 4832/4832/4832
f 3535/3535/3535 3516/3516/3516 3532/3532/3532
f 1/1/1 2/2/2 2380/2380/2380
f 1/1/1 2380/2380/2380 2378/2378/2378
f 1/1/1 3/3/3 4/4/4
f 1/1/1 4/4/4 2/2/2
f 3/3/3 7/7/7 8/8/8
f 3/3/3 8/8/8 4/4/4
f 217/217/217 5/5/5 4867/4867/4867
f 217/217/217 4867/4867/4867 4888/4888/4888
f 7/7/7 6/6/6 10/10/10
f 7/7/7 10/10/10 12/12/12
f 8/8/8 7/7/7 12/12/12
f 8/8/8 12/12/12 13/13/13
f 111/111/111 117/117/117 108/108/108
f 111/111/111 108/108/108 109/109/109
f 30/30/30 29/29/29 32/32/32
f 30/30/30 32/32/32 33/33/33
f 32/32/32 31/31/31 34/34/34
f 32/32/32 34/34/34 35/35/35
f 33/33/33 32/32/32 35/35/35
f 33/33/33 35/35/35 36/36/36
f 35/35/35 34/34/34 37/37/37
f 35/35/35 37/37/37 38/38/38
f 36/36/36 35/35/35 38/38/38
f 36/36/36 38/38/38 39/39/39
f 193/193/193 194/194/194 2371/2371/2371
f 193/193/193 2371/2371/2371 2373/2373/2373
f 195/195/195 193/193/193 2373/2373/2373
f 195/195/195 2373/2373/2373 2375/2375/2375
f 19/19/19 44/44/44 43/43/43
f 19/19/19 43/43/43 17/17/17
f 26/26/26 40/40/40 49/49/49
f 26/26/26 49/49/49 48/48/48
f 24/24/24 26/26/26 48/48/48
f 24/24/24 48/48/48 47/47/47
f 23/23/23 24/24/24 47/47/47
f 23/23/23 47/47/47 46/46/46
f 19/19/19 21/21/21 45/45/45
f 19/19/19 45/45/45 44/44/44
f 15/15/15 17/17/17 43/43/43
f 15/15/15 43/43/43 42/42/42
f 48/48/48 49/49/49 57/57/57
f 48/48/48 57/57/57 56/56/56
f 46/46/46 47/47/47 55/55/55
f 46/46/46 55/55/55 54/54/54
f 44/44/44 45/45/45 53/53/53
f 44/44/44 53/53/53 52/52/52
f 42/42/42 43/43/43 51/51/51
f 42/42/42 51/51/51 50/50/50
f 47/47/47 48/48/48 56/56/56
f 47/47/47 56/56/56 55/55/55
f 44/44/44 52/52/52 51/51/51
f 44/44/44 51/51/51 43/43/43
f 15/15/15 42/42/42 2383/2383/2383
f 15/15/15 2383/2383/2383 2337/2337/2337
f 50/50/50 51/51/51 59/59/59
f 50/50/50 59/59/59 58/58/58
f 55/55/55 56/56/56 64/64/64
f 55/55/55 64/64/64 63/63/63
f 52/52/52 60/60/60 59/59/59
f 52/52/52 59/59/59 51/51/51
f 42/42/42 50/50/50 2393/2393/2393
f 42/42/42 2393/2393/2393 2383/2383/2383
f 56/56/56 57/57/57 65/65/65
f 56/56/56 65/65/65 64/64/64
f 54/54/54 55/55/55 63/63/63
f 54/54/54 63/63/63 62/62/62
f 52/52/52 53/53/53 61/61/61
f 52/52/52 61/61/61 60/60/60
f 73/73/73 72/72/72 74/74/74
f 73/73/73 74/74/74 75/75/75
f 67/67/67 66/66/66 72/72/72
f 67/67/67 72/72/72 73/73/73
f 70/70/70 71/71/71 66/66/66
f 70/70/70 66/66/66 67/67/67
f 64/64/64 65/65/65 69/69/69
f 64/64/64 69/69/69 68/68/68
f 75/75/75 74/74/74 76/76/76
f 75/75/75 76/76/76 77/77/77
f 76/76/76 144/144/144 81/81/81
f 76/76/76 81/81/81 77/77/77
f 77/77/77 81/81/81 89/89/89
f 77/77/77 89/89/89 87/87/87
f 67/67/67 73/73/73 85/85/85
f 67/67/67 85/85/85 82/82/82
f 285/285/285 71/71/71 70/70/70
f 285/285/285 70/70/70 286/286/286
f 73/73/73 75/75/75 86/86/86
f 73/73/73 86/86/86 85/85/85
f 75/75/75 77/77/77 87/87/87
f 75/75/75 87/87/87 86/86/86
f 70/70/70 67/67/67 82/82/82
f 70/70/70 82/82/82 84/84/84
f 86/86/86 87/87/87 95/95/95
f 86/86/86 95/95/95 94/94/94
f 84/84/84 284/284/284 286/286/286
f 84/84/84 286/286/286 70/70/70
f 87/87/87 89/89/89 2443/2443/2443
f 87/87/87 2443/2443/2443 95/95/95
f 85/85/85 86/86/86 94/94/94
f 85/85/85 94/94/94 93/93/93
f 84/84/84 82/82/82 90/90/90
f 84/84/84 90/90/90 92/92/92
f 82/82/82 85/85/85 93/93/93
f 82/82/82 93/93/93 90/90/90
f 64/64/64 68/68/68 83/83/83
f 64/64/64 83/83/83 63/63/63
f 63/63/63 83/83/83 91/91/91
f 63/63/63 91/91/91 62/62/62
f 60/60/60 98/98/98 97/97/97
f 60/60/60 97/97/97 59/59/59
f 50/50/50 58/58/58 2403/2403/2403
f 50/50/50 2403/2403/2403 2393/2393/2393
f 60/60/60 61/61/61 99/99/99
f 60/60/60 99/99/99 98/98/98
f 58/58/58 59/59/59 97/97/97
f 58/58/58 97/97/97 96/96/96
f 93/93/93 94/94/94 104/104/104
f 93/93/93 104/104/104 103/103/103
f 96/96/96 97/97/97 107/107/107
f 96/96/96 107/107/107 106/106/106
f 94/94/94 95/95/95 105/105/105
f 94/94/94 105/105/105 104/104/104
f 98/98/98 108/108/108 107/107/107
f 98/98/98 107/107/107 97/97/97
f 92/92/92 90/90/90 100/100/100
f 92/92/92 100/100/100 102/102/102
f 95/95/95 2443/2443/2443 2457/2457/2457
f 95/95/95 2457/2457/2457 105/105/105
f 98/98/98 99/99/99 109/109/109
f 98/98/98 109/109/109 108/108/108
f 92/92/92 283/283/283 284/284/284
f 92/92/92 284/284/284 84/84/84
f 90/90/90 93/93/93 103/103/103
f 90/90/90 103/103/103 100/100/100
f 58/58/58 96/96/96 2445/2445/2445
f 58/58/58 2445/2445/2445 2403/2403/2403
f 104/104/104 105/105/105 114/114/114
f 104/104/104 114/114/114 113/113/113
f 101/101/101 283/283/283 92/92/92
f 101/101/101 92/92/92 102/102/102
f 105/105/105 2457/2457/2457 2470/2470/2470
f 105/105/105 2470/2470/2470 114/114/114
f 103/103/103 104/104/104 113/113/113
f 103/103/103 113/113/113 112/112/112
f 102/102/102 100/100/100 110/110/110
f 102/102/102 110/110/110 111/111/111
f 100/100/100 103/103/103 112/112/112
f 100/100/100 112/112/112 110/110/110
f 107/107/107 108/108/108 117/117/117
f 107/107/107 117/117/117 116/116/116
f 96/96/96 106/106/106 2459/2459/2459
f 96/96/96 2459/2459/2459 2445/2445/2445
f 106/106/106 107/107/107 116/116/116
f 106/106/106 116/116/116 115/115/115
f 113/113/113 114/114/114 121/121/121
f 113/113/113 121/121/121 120/120/120
f 110/110/110 112/112/112 119/119/119
f 110/110/110 119/119/119 118/118/118
f 114/114/114 2470/2470/2470 2481/2481/2481
f 114/114/114 2481/2481/2481 121/121/121
f 112/112/112 113/113/113 120/120/120
f 112/112/112 120/120/120 119/119/119
f 111/111/111 110/110/110 118/118/118
f 111/111/111 118/118/118 117/117/117
f 400/400/400 399/399/399 123/123/123
f 400/400/400 123/123/123 122/122/122
f 401/401/401 400/400/400 122/122/122
f 401/401/401 122/122/122 288/288/288
f 152/152/152 153/153/153 4856/4856/4856
f 152/152/152 4856/4856/4856 4857/4857/4857
f 154/154/154 2539/2539/2539 4860/4860/4860
f 154/154/154 4860/4860/4860 4859/4859/4859
f 155/155/155 156/156/156 4866/4866/4866
f 155/155/155 4866/4866/4866 4865/4865/4865
f 157/157/157 158/158/158 4858/4858/4858
f 157/157/157 4858/4858/4858 4855/4855/4855
f 153/153/153 157/157/157 4855/4855/4855
f 153/153/153 4855/4855/4855 4856/4856/4856
f 158/158/158 154/154/154 4859/4859/4859
f 158/158/158 4859/4859/4859 4858/4858/4858
f 290/290/290 155/155/155 4865/4865/4865
f 290/290/290 4865/4865/4865 4862/4862/4862
f 156/156/156 152/152/152 4857/4857/4857
f 156/156/156 4857/4857/4857 4866/4866/4866
f 101/101/101 102/102/102 111/111/111
f 101/101/101 111/111/111 109/109/109
f 28/28/28 30/30/30 137/137/137
f 28/28/28 137/137/137 136/136/136
f 33/33/33 36/36/36 139/139/139
f 33/33/33 139/139/139 138/138/138
f 30/30/30 33/33/33 138/138/138
f 30/30/30 138/138/138 137/137/137
f 195/195/195 2375/2375/2375 2508/2508/2508
f 195/195/195 2508/2508/2508 196/196/196
f 36/36/36 39/39/39 140/140/140
f 36/36/36 140/140/140 139/139/139
f 141/141/141 2512/2512/2512 2510/2510/2510
f 141/141/141 2510/2510/2510 142/142/142
f 132/132/132 141/141/141 142/142/142
f 132/132/132 142/142/142 131/131/131
f 131/131/131 142/142/142 146/146/146
f 131/131/131 146/146/146 79/79/79
f 142/142/142 2510/2510/2510 2519/2519/2519
f 142/142/142 2519/2519/2519 146/146/146
f 78/78/78 145/145/145 148/148/148
f 78/78/78 148/148/148 143/143/143
f 145/145/145 2518/2518/2518 2524/2524/2524
f 145/145/145 2524/2524/2524 148/148/148
f 143/143/143 148/148/148 149/149/149
f 143/143/143 149/149/149 80/80/80
f 149/149/149 150/150/150 147/147/147
f 149/149/149 147/147/147 151/151/151
f 2526/2526/2526 150/150/150 148/148/148
f 2526/2526/2526 148/148/148 2524/2524/2524
f 151/151/151 147/147/147 2530/2530/2530
f 151/151/151 2530/2530/2530 2535/2535/2535
f 150/150/150 2526/2526/2526 2529/2529/2529
f 150/150/150 2529/2529/2529 147/147/147
f 80/80/80 149/149/149 151/151/151
f 80/80/80 151/151/151 88/88/88
f 88/88/88 151/151/151 4903/4903/4903
f 88/88/88 4903/4903/4903 4902/4902/4902
f 123/123/123 117/117/117 152/152/152
f 123/123/123 152/152/152 156/156/156
f 288/288/288 122/122/122 155/155/155
f 288/288/288 155/155/155 290/290/290
f 120/120/120 121/121/121 154/154/154
f 120/120/120 154/154/154 158/158/158
f 118/118/118 119/119/119 157/157/157
f 118/118/118 157/157/157 153/153/153
f 119/119/119 120/120/120 158/158/158
f 119/119/119 158/158/158 157/157/157
f 122/122/122 123/123/123 156/156/156
f 122/122/122 156/156/156 155/155/155
f 121/121/121 2481/2481/2481 2539/2539/2539
f 121/121/121 2539/2539/2539 154/154/154
f 117/117/117 118/118/118 153/153/153
f 117/117/117 153/153/153 152/152/152
f 140/140/140 196/196/196 141/141/141
f 140/140/140 141/141/141 132/132/132
f 141/141/141 196/196/196 2508/2508/2508
f 141/141/141 2508/2508/2508 2512/2512/2512
f 280/280/280 135/135/135 136/136/136
f 280/280/280 136/136/136 161/161/161
f 57/57/57 49/49/49 11/11/11
f 57/57/57 11/11/11 163/163/163
f 69/69/69 65/65/65 4870/4870/4870
f 69/69/69 4870/4870/4870 167/167/167
f 285/285/285 69/69/69 167/167/167
f 285/285/285 167/167/167 282/282/282
f 283/283/283 101/101/101 173/173/173
f 283/283/283 173/173/173 91/91/91
f 134/134/134 172/172/172 216/216/216
f 134/134/134 216/216/216 212/212/212
f 282/282/282 167/167/167 169/169/169
f 282/282/282 169/169/169 281/281/281
f 281/281/281 169/169/169 171/171/171
f 281/281/281 171/171/171 280/280/280
f 99/99/99 173/173/173 101/101/101
f 99/99/99 101/101/101 109/109/109
f 174/174/174 173/173/173 99/99/99
f 174/174/174 99/99/99 61/61/61
f 53/53/53 175/175/175 174/174/174
f 53/53/53 174/174/174 61/61/61
f 45/45/45 176/176/176 175/175/175
f 45/45/45 175/175/175 53/53/53
f 45/45/45 21/21/21 178/178/178
f 45/45/45 178/178/178 176/176/176
f 178/178/178 23/23/23 46/46/46
f 178/178/178 46/46/46 176/176/176
f 46/46/46 54/54/54 175/175/175
f 46/46/46 175/175/175 176/176/176
f 62/62/62 174/174/174 175/175/175
f 62/62/62 175/175/175 54/54/54
f 91/91/91 173/173/173 174/174/174
f 91/91/91 174/174/174 62/62/62
f 137/137/137 210/210/210 208/208/208
f 137/137/137 208/208/208 161/161/161
f 161/161/161 208/208/208 206/206/206
f 161/161/161 206/206/206 160/160/160
f 76/76/76 204/204/204 207/207/207
f 76/76/76 207/207/207 79/79/79
f 139/139/139 198/198/198 197/197/197
f 139/139/139 197/197/197 138/138/138
f 160/160/160 206/206/206 205/205/205
f 160/160/160 205/205/205 159/159/159
f 72/72/72 199/199/199 202/202/202
f 72/72/72 202/202/202 74/74/74
f 140/140/140 201/201/201 198/198/198
f 140/140/140 198/198/198 139/139/139
f 131/131/131 209/209/209 203/203/203
f 131/131/131 203/203/203 132/132/132
f 132/132/132 203/203/203 201/201/201
f 132/132/132 201/201/201 140/140/140
f 159/159/159 205/205/205 200/200/200
f 159/159/159 200/200/200 66/66/66
f 79/79/79 207/207/207 209/209/209
f 79/79/79 209/209/209 131/131/131
f 138/138/138 197/197/197 210/210/210
f 138/138/138 210/210/210 137/137/137
f 74/74/74 202/202/202 204/204/204
f 74/74/74 204/204/204 76/76/76
f 4881/4881/4881 4887/4887/4887 299/299/299
f 4881/4881/4881 299/299/299 294/294/294
f 274/274/274 267/267/267 4872/4872/4872
f 274/274/274 4872/4872/4872 4873/4873/4873
f 279/279/279 4877/4877/4877 4910/4910/4910
f 279/279/279 4910/4910/4910 312/312/312
f 275/275/275 274/274/274 4873/4873/4873
f 275/275/275 4873/4873/4873 4874/4874/4874
f 4878/4878/4878 4879/4879/4879 4911/4911/4911
f 4878/4878/4878 4911/4911/4911 4909/4909/4909
f 276/276/276 275/275/275 4874/4874/4874
f 276/276/276 4874/4874/4874 4875/4875/4875
f 277/277/277 270/270/270 4884/4884/4884
f 277/277/277 4884/4884/4884 4885/4885/4885
f 278/278/278 276/276/276 4875/4875/4875
f 278/278/278 4875/4875/4875 4876/4876/4876
f 270/270/270 271/271/271 4886/4886/4886
f 270/270/270 4886/4886/4886 4884/4884/4884
f 279/279/279 278/278/278 4876/4876/4876
f 279/279/279 4876/4876/4876 4877/4877/4877
f 267/267/267 277/277/277 4885/4885/4885
f 267/267/267 4885/4885/4885 4872/4872/4872
f 4904/4904/4904 4908/4908/4908 300/300/300
f 4904/4904/4904 300/300/300 310/310/310
f 4886/4886/4886 271/271/271 307/307/307
f 4886/4886/4886 307/307/307 297/297/297
f 4908/4908/4908 268/268/268 302/302/302
f 4908/4908/4908 302/302/302 300/300/300
f 39/39/39 195/195/195 196/196/196
f 39/39/39 196/196/196 140/140/140
f 39/39/39 38/38/38 193/193/193
f 39/39/39 193/193/193 195/195/195
f 38/38/38 37/37/37 194/194/194
f 38/38/38 194/194/194 193/193/193
f 4868/4868/4868 4854/4854/4854 211/211/211
f 4868/4868/4868 211/211/211 213/213/213
f 219/219/219 9/9/9 162/162/162
f 219/219/219 162/162/162 221/221/221
f 238/238/238 170/170/170 4897/4897/4897
f 238/238/238 4897/4897/4897 243/243/243
f 9/9/9 134/134/134 212/212/212
f 9/9/9 212/212/212 162/162/162
f 239/239/239 233/233/233 215/215/215
f 239/239/239 215/215/215 244/244/244
f 234/234/234 240/240/240 245/245/245
f 234/234/234 245/245/245 214/214/214
f 4854/4854/4854 4853/4853/4853 222/222/222
f 4854/4854/4854 222/222/222 211/211/211
f 4853/4853/4853 219/219/219 221/221/221
f 4853/4853/4853 221/221/221 222/222/222
f 6/6/6 218/218/218 220/220/220
f 6/6/6 220/220/220 10/10/10
f 218/218/218 217/217/217 4888/4888/4888
f 218/218/218 4888/4888/4888 220/220/220
f 348/348/348 336/336/336 2729/2729/2729
f 348/348/348 2729/2729/2729 2739/2739/2739
f 212/212/212 216/216/216 230/230/230
f 212/212/212 230/230/230 225/225/225
f 211/211/211 222/222/222 232/232/232
f 211/211/211 232/232/232 224/224/224
f 221/221/221 162/162/162 223/223/223
f 221/221/221 223/223/223 231/231/231
f 235/235/235 238/238/238 243/243/243
f 235/235/235 243/243/243 241/241/241
f 240/240/240 239/239/239 244/244/244
f 240/240/240 244/244/244 245/245/245
f 222/222/222 221/221/221 231/231/231
f 222/222/222 231/231/231 232/232/232
f 162/162/162 212/212/212 225/225/225
f 162/162/162 225/225/225 223/223/223
f 224/224/224 232/232/232 240/240/240
f 224/224/224 240/240/240 234/234/234
f 231/231/231 223/223/223 233/233/233
f 231/231/231 233/233/233 239/239/239
f 236/236/236 226/226/226 4889/4889/4889
f 236/236/236 4889/4889/4889 4890/4890/4890
f 4868/4868/4868 228/228/228 227/227/227
f 4868/4868/4868 227/227/227 4869/4869/4869
f 232/232/232 231/231/231 239/239/239
f 232/232/232 239/239/239 240/240/240
f 227/227/227 236/236/236 4890/4890/4890
f 227/227/227 4890/4890/4890 4869/4869/4869
f 223/223/223 225/225/225 235/235/235
f 223/223/223 235/235/235 233/233/233
f 225/225/225 230/230/230 238/238/238
f 225/225/225 238/238/238 235/235/235
f 213/213/213 224/224/224 234/234/234
f 213/213/213 234/234/234 248/248/248
f 228/228/228 4868/4868/4868 213/213/213
f 228/228/228 213/213/213 248/248/248
f 233/233/233 235/235/235 241/241/241
f 233/233/233 241/241/241 215/215/215
f 166/166/166 246/246/246 4897/4897/4897
f 166/166/166 4897/4897/4897 170/170/170
f 248/248/248 234/234/234 214/214/214
f 248/248/248 214/214/214 228/228/228
f 65/65/65 57/57/57 163/163/163
f 65/65/65 163/163/163 4870/4870/4870
f 245/245/245 244/244/244 4891/4891/4891
f 245/245/245 4891/4891/4891 4892/4892/4892
f 215/215/215 241/241/241 4894/4894/4894
f 215/215/215 4894/4894/4894 4893/4893/4893
f 241/241/241 243/243/243 4895/4895/4895
f 241/241/241 4895/4895/4895 4894/4894/4894
f 244/244/244 215/215/215 4893/4893/4893
f 244/244/244 4893/4893/4893 4891/4891/4891
f 214/214/214 245/245/245 4892/4892/4892
f 214/214/214 4892/4892/4892 4896/4896/4896
f 226/226/226 214/214/214 4896/4896/4896
f 226/226/226 4896/4896/4896 4889/4889/4889
f 236/236/236 227/227/227 228/228/228
f 236/236/236 228/228/228 226/226/226
f 261/261/261 259/259/259 263/263/263
f 261/261/261 263/263/263 265/265/265
f 151/151/151 2535/2535/2535 4901/4901/4901
f 151/151/151 4901/4901/4901 4903/4903/4903
f 2532/2532/2532 88/88/88 4902/4902/4902
f 2532/2532/2532 4902/4902/4902 4900/4900/4900
f 4900/4900/4900 4901/4901/4901 2535/2535/2535
f 4900/4900/4900 2535/2535/2535 2532/2532/2532
f 264/264/264 265/265/265 263/263/263
f 264/264/264 263/263/263 262/262/262
f 259/259/259 258/258/258 262/262/262
f 259/259/259 262/262/262 263/263/263
f 258/258/258 260/260/260 264/264/264
f 258/258/258 264/264/264 262/262/262
f 260/260/260 261/261/261 265/265/265
f 260/260/260 265/265/265 264/264/264
f 210/210/210 197/197/197 273/273/273
f 210/210/210 273/273/273 4905/4905/4905
f 208/208/208 210/210/210 4905/4905/4905
f 208/208/208 4905/4905/4905 271/271/271
f 203/203/203 209/209/209 279/279/279
f 203/203/203 279/279/279 4906/4906/4906
f 200/200/200 205/205/205 277/277/277
f 200/200/200 277/277/277 267/267/267
f 209/209/209 207/207/207 278/278/278
f 209/209/209 278/278/278 279/279/279
f 206/206/206 208/208/208 271/271/271
f 206/206/206 271/271/271 270/270/270
f 207/207/207 204/204/204 276/276/276
f 207/207/207 276/276/276 278/278/278
f 205/205/205 206/206/206 270/270/270
f 205/205/205 270/270/270 277/277/277
f 204/204/204 202/202/202 275/275/275
f 204/204/204 275/275/275 276/276/276
f 201/201/201 203/203/203 4906/4906/4906
f 201/201/201 4906/4906/4906 4907/4907/4907
f 202/202/202 199/199/199 274/274/274
f 202/202/202 274/274/274 275/275/275
f 198/198/198 201/201/201 4907/4907/4907
f 198/198/198 4907/4907/4907 266/266/266
f 199/199/199 200/200/200 267/267/267
f 199/199/199 267/267/267 274/274/274
f 197/197/197 198/198/198 266/266/266
f 197/197/197 266/266/266 273/273/273
f 83/83/83 284/284/284 283/283/283
f 83/83/83 283/283/283 91/91/91
f 68/68/68 286/286/286 284/284/284
f 68/68/68 284/284/284 83/83/83
f 68/68/68 69/69/69 285/285/285
f 68/68/68 285/285/285 286/286/286
f 135/135/135 280/280/280 171/171/171
f 135/135/135 171/171/171 133/133/133
f 2483/2483/2483 288/288/288 290/290/290
f 2483/2483/2483 290/290/290 2545/2545/2545
f 2545/2545/2545 290/290/290 4862/4862/4862
f 2545/2545/2545 4862/4862/4862 4863/4863/4863
f 2815/2815/2815 401/401/401 288/288/288
f 2815/2815/2815 288/288/288 2483/2483/2483
f 311/311/311 301/301/301 4914/4914/4914
f 311/311/311 4914/4914/4914 4912/4912/4912
f 301/301/301 303/303/303 4915/4915/4915
f 301/301/301 4915/4915/4915 4914/4914/4914
f 303/303/303 305/305/305 292/292/292
f 303/303/303 292/292/292 4915/4915/4915
f 305/305/305 313/313/313 291/291/291
f 305/305/305 291/291/291 292/292/292
f 306/306/306 309/309/309 4913/4913/4913
f 306/306/306 4913/4913/4913 298/298/298
f 309/309/309 311/311/311 4912/4912/4912
f 309/309/309 4912/4912/4912 4913/4913/4913
f 4880/4880/4880 4881/4881/4881 294/294/294
f 4880/4880/4880 294/294/294 293/293/293
f 272/272/272 4904/4904/4904 310/310/310
f 272/272/272 310/310/310 308/308/308
f 4882/4882/4882 4880/4880/4880 293/293/293
f 4882/4882/4882 293/293/293 295/295/295
f 271/271/271 272/272/272 308/308/308
f 271/271/271 308/308/308 307/307/307
f 268/268/268 269/269/269 304/304/304
f 268/268/268 304/304/304 302/302/302
f 4883/4883/4883 4882/4882/4882 295/295/295
f 4883/4883/4883 295/295/295 296/296/296
f 269/269/269 279/279/279 312/312/312
f 269/269/269 312/312/312 304/304/304
f 4879/4879/4879 4883/4883/4883 296/296/296
f 4879/4879/4879 296/296/296 4911/4911/4911
f 186/186/186 187/187/187 179/179/179
f 186/186/186 179/179/179 190/190/190
f 179/179/179 187/187/187 188/188/188
f 179/179/179 188/188/188 180/180/180
f 180/180/180 188/188/188 189/189/189
f 180/180/180 189/189/189 181/181/181
f 181/181/181 189/189/189 185/185/185
f 181/181/181 185/185/185 182/182/182
f 182/182/182 185/185/185 184/184/184
f 182/182/182 184/184/184 183/183/183
f 186/186/186 190/190/190 191/191/191
f 186/186/186 191/191/191 192/192/192
f 328/328/328 315/315/315 314/314/314
f 328/328/328 314/314/314 327/327/327
f 316/316/316 318/318/318 319/319/319
f 316/316/316 319/319/319 317/317/317
f 318/318/318 335/335/335 320/320/320
f 318/318/318 320/320/320 319/319/319
f 335/335/335 334/334/334 321/321/321
f 335/335/335 321/321/321 320/320/320
f 334/334/334 333/333/333 322/322/322
f 334/334/334 322/322/322 321/321/321
f 333/333/333 332/332/332 323/323/323
f 333/333/333 323/323/323 322/322/322
f 332/332/332 331/331/331 324/324/324
f 332/332/332 324/324/324 323/323/323
f 331/331/331 330/330/330 325/325/325
f 331/331/331 325/325/325 324/324/324
f 330/330/330 329/329/329 326/326/326
f 330/330/330 326/326/326 325/325/325
f 329/329/329 328/328/328 327/327/327
f 329/329/329 327/327/327 326/326/326
f 4/4/4 8/8/8 346/346/346
f 4/4/4 346/346/346 347/347/347
f 348/348/348 347/347/347 337/337/337
f 348/348/348 337/337/337 336/336/336
f 2729/2729/2729 336/336/336 369/369/369
f 2729/2729/2729 369/369/369 2776/2776/2776
f 350/350/350 349/349/349 340/340/340
f 350/350/350 340/340/340 339/339/339
f 346/346/346 350/350/350 339/339/339
f 346/346/346 339/339/339 338/338/338
f 372/372/372 366/366/366 345/345/345
f 372/372/372 345/345/345 344/344/344
f 369/369/369 368/368/368 342/342/342
f 369/369/369 342/342/342 341/341/341
f 2776/2776/2776 369/369/369 341/341/341
f 2776/2776/2776 341/341/341 2736/2736/2736
f 367/367/367 372/372/372 344/344/344
f 367/367/367 344/344/344 343/343/343
f 2/2/2 4/4/4 347/347/347
f 2/2/2 347/347/347 348/348/348
f 8/8/8 13/13/13 350/350/350
f 8/8/8 350/350/350 346/346/346
f 347/347/347 346/346/346 338/338/338
f 347/347/347 338/338/338 337/337/337
f 13/13/13 41/41/41 349/349/349
f 13/13/13 349/349/349 350/350/350
f 336/336/336 337/337/337 368/368/368
f 336/336/336 368/368/368 369/369/369
f 340/340/340 349/349/349 351/351/351
f 340/340/340 351/351/351 352/352/352
f 373/373/373 360/360/360 345/345/345
f 373/373/373 345/345/345 366/366/366
f 374/374/374 358/358/358 359/359/359
f 374/374/374 359/359/359 370/370/370
f 370/370/370 359/359/359 360/360/360
f 370/370/370 360/360/360 373/373/373
f 371/371/371 357/357/357 358/358/358
f 371/371/371 358/358/358 374/374/374
f 365/365/365 356/356/356 352/352/352
f 365/365/365 352/352/352 361/361/361
f 364/364/364 355/355/355 356/356/356
f 364/364/364 356/356/356 365/365/365
f 362/362/362 354/354/354 355/355/355
f 362/362/362 355/355/355 364/364/364
f 363/363/363 353/353/353 354/354/354
f 363/363/363 354/354/354 362/362/362
f 16/16/16 2764/2764/2764 363/363/363
f 16/16/16 363/363/363 18/18/18
f 375/375/375 378/378/378 2785/2785/2785
f 375/375/375 2785/2785/2785 2772/2772/2772
f 18/18/18 363/363/363 362/362/362
f 18/18/18 362/362/362 20/20/20
f 20/20/20 362/362/362 364/364/364
f 20/20/20 364/364/364 177/177/177
f 177/177/177 364/364/364 365/365/365
f 177/177/177 365/365/365 22/22/22
f 22/22/22 365/365/365 361/361/361
f 22/22/22 361/361/361 25/25/25
f 27/27/27 25/25/25 361/361/361
f 27/27/27 361/361/361 351/351/351
f 380/380/380 371/371/371 374/374/374
f 380/380/380 374/374/374 377/377/377
f 379/379/379 370/370/370 373/373/373
f 379/379/379 373/373/373 376/376/376
f 375/375/375 371/371/371 380/380/380
f 375/375/375 380/380/380 378/378/378
f 374/374/374 370/370/370 379/379/379
f 374/374/374 379/379/379 377/377/377
f 367/367/367 368/368/368 337/337/337
f 367/367/367 337/337/337 338/338/338
f 340/340/340 376/376/376 373/373/373
f 340/340/340 373/373/373 366/366/366
f 338/338/338 339/339/339 372/372/372
f 338/338/338 372/372/372 367/367/367
f 2736/2736/2736 341/341/341 381/381/381
f 2736/2736/2736 381/381/381 2792/2792/2792
f 368/368/368 367/367/367 343/343/343
f 368/368/368 343/343/343 342/342/342
f 2380/2380/2380 2/2/2 348/348/348
f 2380/2380/2380 348/348/348 2739/2739/2739
f 355/355/355 377/377/377 379/379/379
f 355/355/355 379/379/379 356/356/356
f 353/353/353 378/378/378 380/380/380
f 353/353/353 380/380/380 354/354/354
f 2751/2751/2751 353/353/353 363/363/363
f 2751/2751/2751 363/363/363 2764/2764/2764
f 356/356/356 379/379/379 376/376/376
f 356/356/356 376/376/376 352/352/352
f 354/354/354 380/380/380 377/377/377
f 354/354/354 377/377/377 355/355/355
f 341/341/341 342/342/342 382/382/382
f 341/341/341 382/382/382 381/381/381
f 345/345/345 360/360/360 389/389/389
f 345/345/345 389/389/389 385/385/385
f 342/342/342 343/343/343 383/383/383
f 342/342/342 383/383/383 382/382/382
f 358/358/358 357/357/357 386/386/386
f 358/358/358 386/386/386 387/387/387
f 381/381/381 390/390/390 2805/2805/2805
f 381/381/381 2805/2805/2805 2792/2792/2792
f 359/359/359 358/358/358 387/387/387
f 359/359/359 387/387/387 388/388/388
f 360/360/360 359/359/359 388/388/388
f 360/360/360 388/388/388 389/389/389
f 386/386/386 2798/2798/2798 2811/2811/2811
f 386/386/386 2811/2811/2811 395/395/395
f 343/343/343 344/344/344 384/384/384
f 343/343/343 384/384/384 383/383/383
f 344/344/344 345/345/345 385/385/385
f 344/344/344 385/385/385 384/384/384
f 2757/2757/2757 357/357/357 371/371/371
f 2757/2757/2757 371/371/371 375/375/375
f 381/381/381 382/382/382 391/391/391
f 381/381/381 391/391/391 390/390/390
f 357/357/357 2757/2757/2757 2798/2798/2798
f 357/357/357 2798/2798/2798 386/386/386
f 382/382/382 383/383/383 392/392/392
f 382/382/382 392/392/392 391/391/391
f 387/387/387 386/386/386 395/395/395
f 387/387/387 395/395/395 396/396/396
f 388/388/388 387/387/387 396/396/396
f 388/388/388 396/396/396 397/397/397
f 389/389/389 388/388/388 397/397/397
f 389/389/389 397/397/397 398/398/398
f 383/383/383 384/384/384 393/393/393
f 383/383/383 393/393/393 392/392/392
f 385/385/385 389/389/389 398/398/398
f 385/385/385 398/398/398 394/394/394
f 384/384/384 385/385/385 394/394/394
f 384/384/384 394/394/394 393/393/393
f 2472/2472/2472 287/287/287 401/401/401
f 2472/2472/2472 401/401/401 2815/2815/2815
f 281/281/281 280/280/280 161/161/161
f 281/281/281 161/161/161 160/160/160
f 285/285/285 282/282/282 159/159/159
f 285/285/285 159/159/159 71/71/71
f 159/159/159 282/282/282 281/281/281
f 159/159/159 281/281/281 160/160/160
f 287/287/287 115/115/115 400/400/400
f 287/287/287 400/400/400 401/401/401
f 115/115/115 116/116/116 399/399/399
f 115/115/115 399/399/399 400/400/400
f 2495/2495/2495 289/289/289 409/409/409
f 2495/2495/2495 409/409/409 2826/2826/2826
f 289/289/289 129/129/129 407/407/407
f 289/289/289 407/407/407 409/409/409
f 126/126/126 127/127/127 405/405/405
f 126/126/126 405/405/405 404/404/404
f 125/125/125 124/124/124 402/402/402
f 125/125/125 402/402/402 403/403/403
f 129/129/129 130/130/130 408/408/408
f 129/129/129 408/408/408 407/407/407
f 127/127/127 128/128/128 406/406/406
f 127/127/127 406/406/406 405/405/405
f 130/130/130 125/125/125 403/403/403
f 130/130/130 403/403/403 408/408/408
f 124/124/124 126/126/126 404/404/404
f 124/124/124 404/404/404 402/402/402
f 128/128/128 2493/2493/2493 2824/2824/2824
f 128/128/128 2824/2824/2824 406/406/406
f 2839/2839/2839 2837/2837/2837 412/412/412
f 2839/2839/2839 412/412/412 413/413/413
f 2841/2841/2841 2839/2839/2839 413/413/413
f 2841/2841/2841 413/413/413 414/414/414
f 2843/2843/2843 2841/2841/2841 414/414/414
f 2843/2843/2843 414/414/414 415/415/415
f 2845/2845/2845 2843/2843/2843 415/415/415
f 2845/2845/2845 415/415/415 416/416/416
f 2847/2847/2847 2845/2845/2845 416/416/416
f 2847/2847/2847 416/416/416 417/417/417
f 2835/2835/2835 2833/2833/2833 410/410/410
f 2835/2835/2835 410/410/410 411/411/411
f 2837/2837/2837 2835/2835/2835 411/411/411
f 2837/2837/2837 411/411/411 412/412/412
f 412/412/412 411/411/411 419/419/419
f 412/412/412 419/419/419 420/420/420
f 413/413/413 412/412/412 420/420/420
f 413/413/413 420/420/420 421/421/421
f 414/414/414 413/413/413 421/421/421
f 414/414/414 421/421/421 422/422/422
f 415/415/415 414/414/414 422/422/422
f 415/415/415 422/422/422 423/423/423
f 416/416/416 415/415/415 423/423/423
f 416/416/416 423/423/423 424/424/424
f 417/417/417 416/416/416 424/424/424
f 417/417/417 424/424/424 425/425/425
f 411/411/411 410/410/410 418/418/418
f 411/411/411 418/418/418 419/419/419
f 424/424/424 423/423/423 431/431/431
f 424/424/424 431/431/431 432/432/432
f 425/425/425 424/424/424 432/432/432
f 425/425/425 432/432/432 433/433/433
f 419/419/419 418/418/418 426/426/426
f 419/419/419 426/426/426 427/427/427
f 420/420/420 419/419/419 427/427/427
f 420/420/420 427/427/427 428/428/428
f 421/421/421 420/420/420 428/428/428
f 421/421/421 428/428/428 429/429/429
f 422/422/422 421/421/421 429/429/429
f 422/422/422 429/429/429 430/430/430
f 423/423/423 422/422/422 430/430/430
f 423/423/423 430/430/430 431/431/431
f 429/429/429 428/428/428 436/436/436
f 429/429/429 436/436/436 437/437/437
f 430/430/430 429/429/429 437/437/437
f 430/430/430 437/437/437 438/438/438
f 431/431/431 430/430/430 438/438/438
f 431/431/431 438/438/438 439/439/439
f 432/432/432 431/431/431 439/439/439
f 432/432/432 439/439/439 440/440/440
f 433/433/433 432/432/432 440/440/440
f 433/433/433 440/440/440 441/441/441
f 427/427/427 426/426/426 434/434/434
f 427/427/427 434/434/434 435/435/435
f 428/428/428 427/427/427 435/435/435
f 428/428/428 435/435/435 436/436/436
f 441/441/441 440/440/440 448/448/448
f 441/441/441 448/448/448 449/449/449
f 435/435/435 434/434/434 442/442/442
f 435/435/435 442/442/442 443/443/443
f 436/436/436 435/435/435 443/443/443
f 436/436/436 443/443/443 444/444/444
f 437/437/437 436/436/436 444/444/444
f 437/437/437 444/444/444 445/445/445
f 438/438/438 437/437/437 445/445/445
f 438/438/438 445/445/445 446/446/446
f 439/439/439 438/438/438 446/446/446
f 439/439/439 446/446/446 447/447/447
f 440/440/440 439/439/439 447/447/447
f 440/440/440 447/447/447 448/448/448
f 445/445/445 444/444/444 452/452/452
f 445/445/445 452/452/452 453/453/453
f 446/446/446 445/445/445 453/453/453
f 446/446/446 453/453/453 454/454/454
f 447/447/447 446/446/446 454/454/454
f 447/447/447 454/454/454 455/455/455
f 448/448/448 447/447/447 455/455/455
f 448/448/448 455/455/455 456/456/456
f 449/449/449 448/448/448 456/456/456
f 449/449/449 456/456/456 457/457/457
f 443/443/443 442/442/442 450/450/450
f 443/443/443 450/450/450 451/451/451
f 444/444/444 443/443/443 451/451/451
f 444/444/444 451/451/451 452/452/452
f 457/457/457 456/456/456 464/464/464
f 457/457/457 464/464/464 465/465/465
f 451/451/451 450/450/450 458/458/458
f 451/451/451 458/458/458 459/459/459
f 452/452/452 451/451/451 459/459/459
f 452/452/452 459/459/459 460/460/460
f 453/453/453 452/452/452 460/460/460
f 453/453/453 460/460/460 461/461/461
f 454/454/454 453/453/453 461/461/461
f 454/454/454 461/461/461 462/462/462
f 455/455/455 454/454/454 462/462/462
f 455/455/455 462/462/462 463/463/463
f 456/456/456 455/455/455 463/463/463
f 456/456/456 463/463/463 464/464/464
f 462/462/462 461/461/461 469/469/469
f 462/462/462 469/469/469 470/470/470
f 463/463/463 462/462/462 470/470/470
f 463/463/463 470/470/470 471/471/471
f 464/464/464 463/463/463 471/471/471
f 464/464/464 471/471/471 472/472/472
f 465/465/465 464/464/464 472/472/472
f 465/465/465 472/472/472 473/473/473
f 459/459/459 458/458/458 466/466/466
f 459/459/459 466/466/466 467/467/467
f 460/460/460 459/459/459 467/467/467
f 460/460/460 467/467/467 468/468/468
f 461/461/461 460/460/460 468/468/468
f 461/461/461 468/468/468 469/469/469
f 467/467/467 475/475/475 476/476/476
f 467/467/467 476/476/476 468/468/468
f 468/468/468 476/476/476 477/477/477
f 468/468/468 477/477/477 469/469/469
f 469/469/469 477/477/477 478/478/478
f 469/469/469 478/478/478 470/470/470
f 470/470/470 478/478/478 479/479/479
f 470/470/470 479/479/479 471/471/471
f 471/471/471 479/479/479 480/480/480
f 471/471/471 480/480/480 472/472/472
f 472/472/472 480/480/480 609/609/609
f 472/472/472 609/609/609 473/473/473
f 475/475/475 474/474/474 481/481/481
f 475/475/475 481/481/481 482/482/482
f 476/476/476 475/475/475 482/482/482
f 476/476/476 482/482/482 483/483/483
f 477/477/477 476/476/476 483/483/483
f 477/477/477 483/483/483 484/484/484
f 478/478/478 477/477/477 484/484/484
f 478/478/478 484/484/484 485/485/485
f 479/479/479 478/478/478 485/485/485
f 479/479/479 485/485/485 486/486/486
f 480/480/480 479/479/479 486/486/486
f 480/480/480 486/486/486 487/487/487
f 609/609/609 480/480/480 487/487/487
f 609/609/609 487/487/487 488/488/488
f 611/611/611 531/531/531 533/533/533
f 611/611/611 533/533/533 511/511/511
f 486/486/486 485/485/485 493/493/493
f 486/486/486 493/493/493 494/494/494
f 487/487/487 486/486/486 494/494/494
f 487/487/487 494/494/494 495/495/495
f 488/488/488 610/610/610 543/543/543
f 488/488/488 543/543/543 542/542/542
f 488/488/488 487/487/487 495/495/495
f 488/488/488 495/495/495 610/610/610
f 482/482/482 481/481/481 489/489/489
f 482/482/482 489/489/489 490/490/490
f 483/483/483 482/482/482 490/490/490
f 483/483/483 490/490/490 491/491/491
f 484/484/484 483/483/483 491/491/491
f 484/484/484 491/491/491 492/492/492
f 491/491/491 490/490/490 497/497/497
f 491/491/491 497/497/497 498/498/498
f 492/492/492 491/491/491 498/498/498
f 492/492/492 498/498/498 499/499/499
f 493/493/493 492/492/492 499/499/499
f 493/493/493 499/499/499 500/500/500
f 494/494/494 493/493/493 500/500/500
f 494/494/494 500/500/500 501/501/501
f 495/495/495 494/494/494 501/501/501
f 495/495/495 501/501/501 502/502/502
f 610/610/610 495/495/495 502/502/502
f 610/610/610 502/502/502 503/503/503
f 490/490/490 489/489/489 496/496/496
f 490/490/490 496/496/496 497/497/497
f 502/502/502 501/501/501 509/509/509
f 502/502/502 509/509/509 510/510/510
f 503/503/503 502/502/502 510/510/510
f 503/503/503 510/510/510 511/511/511
f 497/497/497 496/496/496 504/504/504
f 497/497/497 504/504/504 505/505/505
f 498/498/498 497/497/497 505/505/505
f 498/498/498 505/505/505 506/506/506
f 499/499/499 498/498/498 506/506/506
f 499/499/499 506/506/506 507/507/507
f 500/500/500 499/499/499 507/507/507
f 500/500/500 507/507/507 508/508/508
f 501/501/501 500/500/500 508/508/508
f 501/501/501 508/508/508 509/509/509
f 506/506/506 505/505/505 513/513/513
f 506/506/506 513/513/513 514/514/514
f 507/507/507 506/506/506 514/514/514
f 507/507/507 514/514/514 515/515/515
f 508/508/508 507/507/507 515/515/515
f 508/508/508 515/515/515 516/516/516
f 509/509/509 508/508/508 516/516/516
f 509/509/509 516/516/516 517/517/517
f 510/510/510 509/509/509 517/517/517
f 510/510/510 517/517/517 518/518/518
f 511/511/511 510/510/510 518/518/518
f 511/511/511 518/518/518 611/611/611
f 505/505/505 504/504/504 512/512/512
f 505/505/505 512/512/512 513/513/513
f 519/519/519 520/520/520 2968/2968/2968
f 519/519/519 2968/2968/2968 2970/2970/2970
f 612/612/612 519/519/519 2970/2970/2970
f 612/612/612 2970/2970/2970 2972/2972/2972
f 522/522/522 521/521/521 2958/2958/2958
f 522/522/522 2958/2958/2958 2960/2960/2960
f 523/523/523 522/522/522 2960/2960/2960
f 523/523/523 2960/2960/2960 2962/2962/2962
f 524/524/524 523/523/523 2962/2962/2962
f 524/524/524 2962/2962/2962 2964/2964/2964
f 525/525/525 524/524/524 2964/2964/2964
f 525/525/525 2964/2964/2964 2966/2966/2966
f 517/517/517 516/516/516 525/525/525
f 517/517/517 525/525/525 520/520/520
f 516/516/516 515/515/515 524/524/524
f 516/516/516 524/524/524 525/525/525
f 515/515/515 514/514/514 523/523/523
f 515/515/515 523/523/523 524/524/524
f 514/514/514 513/513/513 522/522/522
f 514/514/514 522/522/522 523/523/523
f 513/513/513 512/512/512 521/521/521
f 513/513/513 521/521/521 522/522/522
f 611/611/611 518/518/518 519/519/519
f 611/611/611 519/519/519 612/612/612
f 518/518/518 517/517/517 520/520/520
f 518/518/518 520/520/520 519/519/519
f 612/612/612 530/530/530 531/531/531
f 612/612/612 531/531/531 611/611/611
f 533/533/533 531/531/531 527/527/527
f 533/533/533 527/527/527 532/532/532
f 612/612/612 2972/2972/2972 2990/2990/2990
f 612/612/612 2990/2990/2990 530/530/530
f 531/531/531 530/530/530 529/529/529
f 531/531/531 529/529/529 527/527/527
f 520/520/520 525/525/525 2966/2966/2966
f 520/520/520 2966/2966/2966 2968/2968/2968
f 542/542/542 543/543/543 538/538/538
f 542/542/542 538/538/538 534/534/534
f 548/548/548 553/553/553 541/541/541
f 548/548/548 541/541/541 540/540/540
f 581/581/581 548/548/548 540/540/540
f 581/581/581 540/540/540 578/578/578
f 530/530/530 2990/2990/2990 2992/2992/2992
f 530/530/530 2992/2992/2992 529/529/529
f 503/503/503 511/511/511 545/545/545
f 503/503/503 545/545/545 536/536/536
f 610/610/610 503/503/503 536/536/536
f 610/610/610 536/536/536 543/543/543
f 609/609/609 534/534/534 550/550/550
f 609/609/609 550/550/550 579/579/579
f 579/579/579 550/550/550 549/549/549
f 579/579/579 549/549/549 580/580/580
f 580/580/580 549/549/549 548/548/548
f 580/580/580 548/548/548 581/581/581
f 534/534/534 538/538/538 551/551/551
f 534/534/534 551/551/551 550/550/550
f 550/550/550 551/551/551 552/552/552
f 550/550/550 552/552/552 549/549/549
f 549/549/549 552/552/552 553/553/553
f 549/549/549 553/553/553 548/548/548
f 466/466/466 474/474/474 475/475/475
f 466/466/466 475/475/475 467/467/467
f 562/562/562 565/565/565 561/561/561
f 562/562/562 561/561/561 560/560/560
f 566/566/566 569/569/569 555/555/555
f 566/566/566 555/555/555 554/554/554
f 569/569/569 571/571/571 556/556/556
f 569/569/569 556/556/556 555/555/555
f 3037/3037/3037 566/566/566 554/554/554
f 3037/3037/3037 554/554/554 3017/3017/3017
f 572/572/572 562/562/562 560/560/560
f 572/572/572 560/560/560 559/559/559
f 574/574/574 572/572/572 559/559/559
f 574/574/574 559/559/559 558/558/558
f 576/576/576 574/574/574 558/558/558
f 576/576/576 558/558/558 557/557/557
f 441/441/441 577/577/577 570/570/570
f 441/441/441 570/570/570 433/433/433
f 570/570/570 577/577/577 576/576/576
f 570/570/570 576/576/576 571/571/571
f 449/449/449 575/575/575 577/577/577
f 449/449/449 577/577/577 441/441/441
f 577/577/577 575/575/575 574/574/574
f 577/577/577 574/574/574 576/576/576
f 457/457/457 573/573/573 575/575/575
f 457/457/457 575/575/575 449/449/449
f 575/575/575 573/573/573 572/572/572
f 575/575/575 572/572/572 574/574/574
f 465/465/465 563/563/563 573/573/573
f 465/465/465 573/573/573 457/457/457
f 573/573/573 563/563/563 562/562/562
f 573/573/573 562/562/562 572/572/572
f 417/417/417 567/567/567 3039/3039/3039
f 417/417/417 3039/3039/3039 2847/2847/2847
f 3039/3039/3039 567/567/567 566/566/566
f 3039/3039/3039 566/566/566 3037/3037/3037
f 433/433/433 570/570/570 568/568/568
f 433/433/433 568/568/568 425/425/425
f 568/568/568 570/570/570 571/571/571
f 568/568/568 571/571/571 569/569/569
f 539/539/539 565/565/565 580/580/580
f 539/539/539 580/580/580 581/581/581
f 425/425/425 568/568/568 567/567/567
f 425/425/425 567/567/567 417/417/417
f 567/567/567 568/568/568 569/569/569
f 567/567/567 569/569/569 566/566/566
f 473/473/473 564/564/564 563/563/563
f 473/473/473 563/563/563 465/465/465
f 563/563/563 564/564/564 565/565/565
f 563/563/563 565/565/565 562/562/562
f 609/609/609 579/579/579 564/564/564
f 609/609/609 564/564/564 473/473/473
f 571/571/571 576/576/576 557/557/557
f 571/571/571 557/557/557 556/556/556
f 529/529/529 2992/2992/2992 582/582/582
f 529/529/529 582/582/582 528/528/528
f 555/555/555 556/556/556 585/585/585
f 555/555/555 585/585/585 584/584/584
f 3017/3017/3017 554/554/554 583/583/583
f 3017/3017/3017 583/583/583 3052/3052/3052
f 558/558/558 559/559/559 588/588/588
f 558/558/558 588/588/588 587/587/587
f 556/556/556 557/557/557 586/586/586
f 556/556/556 586/586/586 585/585/585
f 554/554/554 555/555/555 584/584/584
f 554/554/554 584/584/584 583/583/583
f 559/559/559 560/560/560 589/589/589
f 559/559/559 589/589/589 588/588/588
f 557/557/557 558/558/558 587/587/587
f 557/557/557 587/587/587 586/586/586
f 588/588/588 589/589/589 596/596/596
f 588/588/588 596/596/596 595/595/595
f 586/586/586 587/587/587 594/594/594
f 586/586/586 594/594/594 593/593/593
f 584/584/584 585/585/585 592/592/592
f 584/584/584 592/592/592 591/591/591
f 3052/3052/3052 583/583/583 590/590/590
f 3052/3052/3052 590/590/590 3061/3061/3061
f 587/587/587 588/588/588 595/595/595
f 587/587/587 595/595/595 594/594/594
f 585/585/585 586/586/586 593/593/593
f 585/585/585 593/593/593 592/592/592
f 583/583/583 584/584/584 591/591/591
f 583/583/583 591/591/591 590/590/590
f 593/593/593 594/594/594 601/601/601
f 593/593/593 601/601/601 600/600/600
f 591/591/591 592/592/592 599/599/599
f 591/591/591 599/599/599 598/598/598
f 3061/3061/3061 590/590/590 597/597/597
f 3061/3061/3061 597/597/597 3070/3070/3070
f 594/594/594 595/595/595 602/602/602
f 594/594/594 602/602/602 601/601/601
f 592/592/592 593/593/593 600/600/600
f 592/592/592 600/600/600 599/599/599
f 590/590/590 591/591/591 598/598/598
f 590/590/590 598/598/598 597/597/597
f 595/595/595 596/596/596 603/603/603
f 595/595/595 603/603/603 602/602/602
f 485/485/485 484/484/484 492/492/492
f 485/485/485 492/492/492 493/493/493
f 66/66/66 200/200/200 199/199/199
f 66/66/66 199/199/199 72/72/72
f 2785/2785/2785 378/378/378 353/353/353
f 2785/2785/2785 353/353/353 2751/2751/2751
f 287/287/287 2459/2459/2459 106/106/106
f 287/287/287 106/106/106 115/115/115
f 579/579/579 580/580/580 565/565/565
f 579/579/579 565/565/565 564/564/564
f 133/133/133 4867/4867/4867 613/613/613
f 133/133/133 613/613/613 614/614/614
f 339/339/339 340/340/340 366/366/366
f 339/339/339 366/366/366 372/372/372
f 645/645/645 647/647/647 688/688/688
f 645/645/645 688/688/688 685/685/685
f 671/671/671 4924/4924/4924 643/643/643
f 671/671/671 643/643/643 642/642/642
f 3176/3176/3176 3194/3194/3194 694/694/694
f 3176/3176/3176 694/694/694 687/687/687
f 4928/4928/4928 4926/4926/4926 649/649/649
f 4928/4928/4928 649/649/649 648/648/648
f 4926/4926/4926 4925/4925/4925 650/650/650
f 4926/4926/4926 650/650/650 649/649/649
f 4925/4925/4925 4923/4923/4923 651/651/651
f 4925/4925/4925 651/651/651 650/650/650
f 4924/4924/4924 4917/4917/4917 644/644/644
f 4924/4924/4924 644/644/644 643/643/643
f 4923/4923/4923 4920/4920/4920 653/653/653
f 4923/4923/4923 653/653/653 651/651/651
f 4922/4922/4922 671/671/671 642/642/642
f 4922/4922/4922 642/642/642 3122/3122/3122
f 4919/4919/4919 4918/4918/4918 646/646/646
f 4919/4919/4919 646/646/646 652/652/652
f 4917/4917/4917 4916/4916/4916 645/645/645
f 4917/4917/4917 645/645/645 644/644/644
f 713/713/713 708/708/708 754/754/754
f 713/713/713 754/754/754 767/767/767
f 960/960/960 959/959/959 4960/4960/4960
f 960/960/960 4960/4960/4960 4962/4962/4962
f 685/685/685 698/698/698 697/697/697
f 685/685/685 697/697/697 686/686/686
f 1050/1050/1050 1045/1045/1045 4979/4979/4979
f 1050/1050/1050 4979/4979/4979 4977/4977/4977
f 793/793/793 792/792/792 665/665/665
f 793/793/793 665/665/665 666/666/666
f 4946/4946/4946 912/912/912 907/907/907
f 4946/4946/4946 907/907/907 901/901/901
f 690/690/690 696/696/696 695/695/695
f 690/690/690 695/695/695 681/681/681
f 694/694/694 3194/3194/3194 3210/3210/3210
f 694/694/694 3210/3210/3210 708/708/708
f 691/691/691 702/702/702 701/701/701
f 691/691/691 701/701/701 689/689/689
f 692/692/692 703/703/703 702/702/702
f 692/692/692 702/702/702 691/691/691
f 693/693/693 704/704/704 703/703/703
f 693/693/693 703/703/703 692/692/692
f 684/684/684 706/706/706 704/704/704
f 684/684/684 704/704/704 693/693/693
f 681/681/681 695/695/695 3181/3181/3181
f 681/681/681 3181/3181/3181 3166/3166/3166
f 779/779/779 662/662/662 665/665/665
f 779/779/779 665/665/665 792/792/792
f 4918/4918/4918 672/672/672 641/641/641
f 4918/4918/4918 641/641/641 646/646/646
f 622/622/622 624/624/624 680/680/680
f 622/622/622 680/680/680 676/676/676
f 638/638/638 625/625/625 679/679/679
f 638/638/638 679/679/679 677/677/677
f 3094/3094/3094 618/618/618 4921/4921/4921
f 3094/3094/3094 4921/4921/4921 3162/3162/3162
f 636/636/636 639/639/639 678/678/678
f 636/636/636 678/678/678 675/675/675
f 620/620/620 622/622/622 676/676/676
f 620/620/620 676/676/676 670/670/670
f 634/634/634 636/636/636 675/675/675
f 634/634/634 675/675/675 674/674/674
f 632/632/632 634/634/634 674/674/674
f 632/632/632 674/674/674 673/673/673
f 630/630/630 632/632/632 673/673/673
f 630/630/630 673/673/673 669/669/669
f 672/672/672 3154/3154/3154 3135/3135/3135
f 672/672/672 3135/3135/3135 641/641/641
f 618/618/618 620/620/620 670/670/670
f 618/618/618 670/670/670 4921/4921/4921
f 651/651/651 653/653/653 684/684/684
f 651/651/651 684/684/684 693/693/693
f 643/643/643 644/644/644 686/686/686
f 643/643/643 686/686/686 690/690/690
f 650/650/650 651/651/651 693/693/693
f 650/650/650 693/693/693 692/692/692
f 649/649/649 650/650/650 692/692/692
f 649/649/649 692/692/692 691/691/691
f 648/648/648 649/649/649 691/691/691
f 648/648/648 691/691/691 689/689/689
f 615/615/615 3119/3119/3119 4929/4929/4929
f 615/615/615 4929/4929/4929 4930/4930/4930
f 642/642/642 643/643/643 690/690/690
f 642/642/642 690/690/690 681/681/681
f 756/756/756 734/734/734 732/732/732
f 756/756/756 732/732/732 768/768/768
f 625/625/625 615/615/615 4930/4930/4930
f 625/625/625 4930/4930/4930 679/679/679
f 644/644/644 645/645/645 685/685/685
f 644/644/644 685/685/685 686/686/686
f 652/652/652 646/646/646 682/682/682
f 652/652/652 682/682/682 683/683/683
f 3122/3122/3122 642/642/642 681/681/681
f 3122/3122/3122 681/681/681 3166/3166/3166
f 804/804/804 775/775/775 774/774/774
f 804/804/804 774/774/774 656/656/656
f 775/775/775 796/796/796 655/655/655
f 775/775/775 655/655/655 774/774/774
f 806/806/806 808/808/808 660/660/660
f 806/806/806 660/660/660 661/661/661
f 787/787/787 786/786/786 772/772/772
f 787/787/787 772/772/772 770/770/770
f 646/646/646 641/641/641 687/687/687
f 646/646/646 687/687/687 682/682/682
f 786/786/786 782/782/782 773/773/773
f 786/786/786 773/773/773 772/772/772
f 780/780/780 806/806/806 661/661/661
f 780/780/780 661/661/661 663/663/663
f 801/801/801 804/804/804 656/656/656
f 801/801/801 656/656/656 721/721/721
f 747/747/747 729/729/729 798/798/798
f 747/747/747 798/798/798 781/781/781
f 808/808/808 810/810/810 659/659/659
f 808/808/808 659/659/659 660/660/660
f 797/797/797 800/800/800 667/667/667
f 797/797/797 667/667/667 707/707/707
f 682/682/682 699/699/699 705/705/705
f 682/682/682 705/705/705 683/683/683
f 4916/4916/4916 4927/4927/4927 647/647/647
f 4916/4916/4916 647/647/647 645/645/645
f 686/686/686 697/697/697 696/696/696
f 686/686/686 696/696/696 690/690/690
f 705/705/705 699/699/699 713/713/713
f 705/705/705 713/713/713 719/719/719
f 697/697/697 698/698/698 712/712/712
f 697/697/697 712/712/712 711/711/711
f 1045/1045/1045 3580/3580/3580 4978/4978/4978
f 1045/1045/1045 4978/4978/4978 4979/4979/4979
f 687/687/687 694/694/694 699/699/699
f 687/687/687 699/699/699 682/682/682
f 688/688/688 700/700/700 698/698/698
f 688/688/688 698/698/698 685/685/685
f 695/695/695 696/696/696 710/710/710
f 695/695/695 710/710/710 709/709/709
f 701/701/701 702/702/702 716/716/716
f 701/701/701 716/716/716 715/715/715
f 702/702/702 703/703/703 717/717/717
f 702/702/702 717/717/717 716/716/716
f 703/703/703 704/704/704 718/718/718
f 703/703/703 718/718/718 717/717/717
f 696/696/696 697/697/697 711/711/711
f 696/696/696 711/711/711 710/710/710
f 704/704/704 706/706/706 720/720/720
f 704/704/704 720/720/720 718/718/718
f 3181/3181/3181 695/695/695 709/709/709
f 3181/3181/3181 709/709/709 3197/3197/3197
f 722/722/722 3212/3212/3212 3214/3214/3214
f 722/722/722 3214/3214/3214 723/723/723
f 723/723/723 3214/3214/3214 3217/3217/3217
f 723/723/723 3217/3217/3217 724/724/724
f 725/725/725 3216/3216/3216 3220/3220/3220
f 725/725/725 3220/3220/3220 726/726/726
f 726/726/726 3220/3220/3220 3222/3222/3222
f 726/726/726 3222/3222/3222 727/727/727
f 782/782/782 797/797/797 707/707/707
f 782/782/782 707/707/707 773/773/773
f 749/749/749 750/750/750 730/730/730
f 749/749/749 730/730/730 729/729/729
f 751/751/751 752/752/752 745/745/745
f 751/751/751 745/745/745 743/743/743
f 754/754/754 755/755/755 741/741/741
f 754/754/754 741/741/741 728/728/728
f 757/757/757 758/758/758 736/736/736
f 757/757/757 736/736/736 735/735/735
f 733/733/733 728/728/728 802/802/802
f 733/733/733 802/802/802 784/784/784
f 769/769/769 759/759/759 742/742/742
f 769/769/769 742/742/742 748/748/748
f 758/758/758 760/760/760 737/737/737
f 758/758/758 737/737/737 736/736/736
f 727/727/727 3222/3222/3222 3197/3197/3197
f 727/727/727 3197/3197/3197 709/709/709
f 760/760/760 762/762/762 738/738/738
f 760/760/760 738/738/738 737/737/737
f 750/750/750 763/763/763 731/731/731
f 750/750/750 731/731/731 730/730/730
f 753/753/753 764/764/764 746/746/746
f 753/753/753 746/746/746 744/744/744
f 762/762/762 766/766/766 740/740/740
f 762/762/762 740/740/740 738/738/738
f 759/759/759 751/751/751 743/743/743
f 759/759/759 743/743/743 742/742/742
f 765/765/765 767/767/767 733/733/733
f 765/765/765 733/733/733 739/739/739
f 763/763/763 768/768/768 732/732/732
f 763/763/763 732/732/732 731/731/731
f 712/712/712 714/714/714 756/756/756
f 712/712/712 756/756/756 768/768/768
f 764/764/764 761/761/761 747/747/747
f 764/764/764 747/747/747 746/746/746
f 755/755/755 769/769/769 748/748/748
f 755/755/755 748/748/748 741/741/741
f 3210/3210/3210 3244/3244/3244 769/769/769
f 3210/3210/3210 769/769/769 755/755/755
f 732/732/732 734/734/734 777/777/777
f 732/732/732 777/777/777 791/791/791
f 726/726/726 727/727/727 761/761/761
f 726/726/726 761/761/761 764/764/764
f 767/767/767 754/754/754 728/728/728
f 767/767/767 728/728/728 733/733/733
f 711/711/711 712/712/712 768/768/768
f 711/711/711 768/768/768 763/763/763
f 719/719/719 713/713/713 767/767/767
f 719/719/719 767/767/767 765/765/765
f 722/722/722 723/723/723 751/751/751
f 722/722/722 751/751/751 759/759/759
f 718/718/718 720/720/720 766/766/766
f 718/718/718 766/766/766 762/762/762
f 725/725/725 726/726/726 764/764/764
f 725/725/725 764/764/764 753/753/753
f 710/710/710 711/711/711 763/763/763
f 710/710/710 763/763/763 750/750/750
f 717/717/717 718/718/718 762/762/762
f 717/717/717 762/762/762 760/760/760
f 761/761/761 749/749/749 729/729/729
f 761/761/761 729/729/729 747/747/747
f 716/716/716 717/717/717 760/760/760
f 716/716/716 760/760/760 758/758/758
f 3244/3244/3244 722/722/722 759/759/759
f 3244/3244/3244 759/759/759 769/769/769
f 715/715/715 716/716/716 758/758/758
f 715/715/715 758/758/758 757/757/757
f 708/708/708 3210/3210/3210 755/755/755
f 708/708/708 755/755/755 754/754/754
f 723/723/723 724/724/724 752/752/752
f 723/723/723 752/752/752 751/751/751
f 709/709/709 710/710/710 750/750/750
f 709/709/709 750/750/750 749/749/749
f 796/796/796 812/812/812 654/654/654
f 796/796/796 654/654/654 655/655/655
f 810/810/810 816/816/816 658/658/658
f 810/810/810 658/658/658 659/659/659
f 800/800/800 793/793/793 666/666/666
f 800/800/800 666/666/666 667/667/667
f 812/812/812 788/788/788 771/771/771
f 812/812/812 771/771/771 654/654/654
f 815/815/815 783/783/783 664/664/664
f 815/815/815 664/664/664 657/657/657
f 739/739/739 733/733/733 784/784/784
f 739/739/739 784/784/784 813/813/813
f 813/813/813 784/784/784 783/783/783
f 813/813/813 783/783/783 815/815/815
f 743/743/743 745/745/745 790/790/790
f 743/743/743 790/790/790 811/811/811
f 811/811/811 790/790/790 788/788/788
f 811/811/811 788/788/788 812/812/812
f 730/730/730 731/731/731 794/794/794
f 730/730/730 794/794/794 799/799/799
f 799/799/799 794/794/794 793/793/793
f 799/799/799 793/793/793 800/800/800
f 738/738/738 740/740/740 814/814/814
f 738/738/738 814/814/814 809/809/809
f 809/809/809 814/814/814 816/816/816
f 809/809/809 816/816/816 810/810/810
f 742/742/742 743/743/743 811/811/811
f 742/742/742 811/811/811 795/795/795
f 795/795/795 811/811/811 812/812/812
f 795/795/795 812/812/812 796/796/796
f 791/791/791 777/777/777 779/779/779
f 791/791/791 779/779/779 792/792/792
f 665/665/665 662/662/662 826/826/826
f 665/665/665 826/826/826 828/828/828
f 729/729/729 730/730/730 799/799/799
f 729/729/729 799/799/799 798/798/798
f 798/798/798 799/799/799 800/800/800
f 798/798/798 800/800/800 797/797/797
f 737/737/737 738/738/738 809/809/809
f 737/737/737 809/809/809 807/807/807
f 807/807/807 809/809/809 810/810/810
f 807/807/807 810/810/810 808/808/808
f 781/781/781 798/798/798 797/797/797
f 781/781/781 797/797/797 782/782/782
f 773/773/773 707/707/707 831/831/831
f 773/773/773 831/831/831 836/836/836
f 728/728/728 741/741/741 803/803/803
f 728/728/728 803/803/803 802/802/802
f 802/802/802 803/803/803 804/804/804
f 802/802/802 804/804/804 801/801/801
f 784/784/784 802/802/802 801/801/801
f 784/784/784 801/801/801 783/783/783
f 664/664/664 721/721/721 832/832/832
f 664/664/664 832/832/832 827/827/827
f 735/735/735 736/736/736 805/805/805
f 735/735/735 805/805/805 778/778/778
f 778/778/778 805/805/805 806/806/806
f 778/778/778 806/806/806 780/780/780
f 746/746/746 747/747/747 781/781/781
f 746/746/746 781/781/781 785/785/785
f 785/785/785 781/781/781 782/782/782
f 785/785/785 782/782/782 786/786/786
f 744/744/744 746/746/746 785/785/785
f 744/744/744 785/785/785 789/789/789
f 789/789/789 785/785/785 786/786/786
f 789/789/789 786/786/786 787/787/787
f 736/736/736 737/737/737 807/807/807
f 736/736/736 807/807/807 805/805/805
f 805/805/805 807/807/807 808/808/808
f 805/805/805 808/808/808 806/806/806
f 748/748/748 742/742/742 795/795/795
f 748/748/748 795/795/795 776/776/776
f 776/776/776 795/795/795 796/796/796
f 776/776/776 796/796/796 775/775/775
f 741/741/741 748/748/748 776/776/776
f 741/741/741 776/776/776 803/803/803
f 803/803/803 776/776/776 775/775/775
f 803/803/803 775/775/775 804/804/804
f 731/731/731 732/732/732 791/791/791
f 731/731/731 791/791/791 794/794/794
f 794/794/794 791/791/791 792/792/792
f 794/794/794 792/792/792 793/793/793
f 659/659/659 658/658/658 820/820/820
f 659/659/659 820/820/820 822/822/822
f 772/772/772 773/773/773 836/836/836
f 772/772/772 836/836/836 835/835/835
f 655/655/655 654/654/654 817/817/817
f 655/655/655 817/817/817 818/818/818
f 721/721/721 656/656/656 819/819/819
f 721/721/721 819/819/819 832/832/832
f 699/699/699 694/694/694 708/708/708
f 699/699/699 708/708/708 713/713/713
f 657/657/657 664/664/664 827/827/827
f 657/657/657 827/827/827 821/821/821
f 667/667/667 666/666/666 829/829/829
f 667/667/667 829/829/829 830/830/830
f 660/660/660 659/659/659 822/822/822
f 660/660/660 822/822/822 838/838/838
f 770/770/770 772/772/772 835/835/835
f 770/770/770 835/835/835 834/834/834
f 698/698/698 700/700/700 714/714/714
f 698/698/698 714/714/714 712/712/712
f 1679/1679/1679 1678/1678/1678 1686/1686/1686
f 1679/1679/1679 1686/1686/1686 1687/1687/1687
f 661/661/661 660/660/660 823/823/823
f 661/661/661 823/823/823 824/824/824
f 666/666/666 665/665/665 828/828/828
f 666/666/666 828/828/828 829/829/829
f 774/774/774 655/655/655 818/818/818
f 774/774/774 818/818/818 837/837/837
f 663/663/663 661/661/661 824/824/824
f 663/663/663 824/824/824 825/825/825
f 654/654/654 771/771/771 833/833/833
f 654/654/654 833/833/833 817/817/817
f 707/707/707 667/667/667 830/830/830
f 707/707/707 830/830/830 831/831/831
f 656/656/656 774/774/774 837/837/837
f 656/656/656 837/837/837 819/819/819
f 851/851/851 852/852/852 4935/4935/4935
f 851/851/851 4935/4935/4935 4936/4936/4936
f 853/853/853 854/854/854 4933/4933/4933
f 853/853/853 4933/4933/4933 4932/4932/4932
f 850/850/850 855/855/855 4931/4931/4931
f 850/850/850 4931/4931/4931 842/842/842
f 875/875/875 851/851/851 4936/4936/4936
f 875/875/875 4936/4936/4936 874/874/874
f 855/855/855 853/853/853 4932/4932/4932
f 855/855/855 4932/4932/4932 4931/4931/4931
f 845/845/845 847/847/847 860/860/860
f 845/845/845 860/860/860 859/859/859
f 843/843/843 844/844/844 857/857/857
f 843/843/843 857/857/857 856/856/856
f 4934/4934/4934 4937/4937/4937 4938/4938/4938
f 4934/4934/4934 4938/4938/4938 876/876/876
f 844/844/844 846/846/846 858/858/858
f 844/844/844 858/858/858 857/857/857
f 859/859/859 860/860/860 866/866/866
f 859/859/859 866/866/866 864/864/864
f 856/856/856 857/857/857 863/863/863
f 856/856/856 863/863/863 862/862/862
f 876/876/876 4938/4938/4938 4939/4939/4939
f 876/876/876 4939/4939/4939 877/877/877
f 857/857/857 858/858/858 865/865/865
f 857/857/857 865/865/865 863/863/863
f 864/864/864 866/866/866 872/872/872
f 864/864/864 872/872/872 870/870/870
f 862/862/862 863/863/863 869/869/869
f 862/862/862 869/869/869 868/868/868
f 877/877/877 4939/4939/4939 4940/4940/4940
f 877/877/877 4940/4940/4940 878/878/878
f 863/863/863 865/865/865 871/871/871
f 863/863/863 871/871/871 869/869/869
f 866/866/866 877/877/877 878/878/878
f 866/866/866 878/878/878 872/872/872
f 860/860/860 876/876/876 877/877/877
f 860/860/860 877/877/877 866/866/866
f 847/847/847 4934/4934/4934 876/876/876
f 847/847/847 876/876/876 860/860/860
f 854/854/854 875/875/875 874/874/874
f 854/854/854 874/874/874 4933/4933/4933
f 848/848/848 849/849/849 881/881/881
f 848/848/848 881/881/881 861/861/861
f 869/869/869 871/871/871 885/885/885
f 869/869/869 885/885/885 883/883/883
f 878/878/878 4940/4940/4940 4942/4942/4942
f 878/878/878 4942/4942/4942 892/892/892
f 870/870/870 872/872/872 888/888/888
f 870/870/870 888/888/888 886/886/886
f 868/868/868 869/869/869 883/883/883
f 868/868/868 883/883/883 880/880/880
f 872/872/872 878/878/878 892/892/892
f 872/872/872 892/892/892 888/888/888
f 861/861/861 881/881/881 893/893/893
f 861/861/861 893/893/893 867/867/867
f 917/917/917 919/919/919 927/927/927
f 917/917/917 927/927/927 926/926/926
f 867/867/867 893/893/893 895/895/895
f 867/867/867 895/895/895 873/873/873
f 1058/1058/1058 3595/3595/3595 3120/3120/3120
f 1058/1058/1058 3120/3120/3120 616/616/616
f 881/881/881 3383/3383/3383 894/894/894
f 881/881/881 894/894/894 893/893/893
f 873/873/873 895/895/895 897/897/897
f 873/873/873 897/897/897 890/890/890
f 893/893/893 894/894/894 896/896/896
f 893/893/893 896/896/896 895/895/895
f 894/894/894 3396/3396/3396 3399/3399/3399
f 894/894/894 3399/3399/3399 896/896/896
f 868/868/868 880/880/880 903/903/903
f 868/868/868 903/903/903 4945/4945/4945
f 843/843/843 856/856/856 4944/4944/4944
f 843/843/843 4944/4944/4944 841/841/841
f 856/856/856 862/862/862 4943/4943/4943
f 856/856/856 4943/4943/4943 4944/4944/4944
f 862/862/862 868/868/868 4945/4945/4945
f 862/862/862 4945/4945/4945 4943/4943/4943
f 911/911/911 923/923/923 936/936/936
f 911/911/911 936/936/936 934/934/934
f 899/899/899 900/900/900 906/906/906
f 899/899/899 906/906/906 905/905/905
f 900/900/900 901/901/901 907/907/907
f 900/900/900 907/907/907 906/906/906
f 839/839/839 899/899/899 905/905/905
f 839/839/839 905/905/905 904/904/904
f 904/904/904 905/905/905 909/909/909
f 904/904/904 909/909/909 908/908/908
f 906/906/906 907/907/907 911/911/911
f 906/906/906 911/911/911 910/910/910
f 3404/3404/3404 904/904/904 908/908/908
f 3404/3404/3404 908/908/908 3414/3414/3414
f 905/905/905 906/906/906 910/910/910
f 905/905/905 910/910/910 909/909/909
f 913/913/913 4947/4947/4947 4948/4948/4948
f 913/913/913 4948/4948/4948 915/915/915
f 915/915/915 4948/4948/4948 4950/4950/4950
f 915/915/915 4950/4950/4950 917/917/917
f 917/917/917 4950/4950/4950 4951/4951/4951
f 917/917/917 4951/4951/4951 919/919/919
f 919/919/919 4951/4951/4951 889/889/889
f 919/919/919 889/889/889 921/921/921
f 1660/1660/1660 1683/1683/1683 1681/1681/1681
f 1660/1660/1660 1681/1681/1681 1661/1661/1661
f 913/913/913 915/915/915 925/925/925
f 913/913/913 925/925/925 924/924/924
f 919/919/919 921/921/921 928/928/928
f 919/919/919 928/928/928 927/927/927
f 915/915/915 917/917/917 926/926/926
f 915/915/915 926/926/926 925/925/925
f 922/922/922 897/897/897 920/920/920
f 922/922/922 920/920/920 929/929/929
f 934/934/934 936/936/936 980/980/980
f 934/934/934 980/980/980 978/978/978
f 926/926/926 927/927/927 940/940/940
f 926/926/926 940/940/940 939/939/939
f 910/910/910 911/911/911 934/934/934
f 910/910/910 934/934/934 933/933/933
f 927/927/927 928/928/928 941/941/941
f 927/927/927 941/941/941 940/940/940
f 924/924/924 925/925/925 938/938/938
f 924/924/924 938/938/938 937/937/937
f 909/909/909 910/910/910 933/933/933
f 909/909/909 933/933/933 932/932/932
f 929/929/929 920/920/920 935/935/935
f 929/929/929 935/935/935 942/942/942
f 1063/1063/1063 1058/1058/1058 616/616/616
f 1063/1063/1063 616/616/616 626/626/626
f 908/908/908 909/909/909 932/932/932
f 908/908/908 932/932/932 931/931/931
f 925/925/925 926/926/926 939/939/939
f 925/925/925 939/939/939 938/938/938
f 3414/3414/3414 908/908/908 931/931/931
f 3414/3414/3414 931/931/931 3438/3438/3438
f 896/896/896 3399/3399/3399 3402/3402/3402
f 896/896/896 3402/3402/3402 898/898/898
f 918/918/918 916/916/916 951/951/951
f 918/918/918 951/951/951 952/952/952
f 884/884/884 887/887/887 946/946/946
f 884/884/884 946/946/946 945/945/945
f 916/916/916 4949/4949/4949 4952/4952/4952
f 916/916/916 4952/4952/4952 951/951/951
f 4941/4941/4941 918/918/918 952/952/952
f 4941/4941/4941 952/952/952 947/947/947
f 914/914/914 902/902/902 949/949/949
f 914/914/914 949/949/949 950/950/950
f 887/887/887 891/891/891 948/948/948
f 887/887/887 948/948/948 946/946/946
f 902/902/902 879/879/879 943/943/943
f 902/902/902 943/943/943 949/949/949
f 879/879/879 882/882/882 944/944/944
f 879/879/879 944/944/944 943/943/943
f 891/891/891 4941/4941/4941 947/947/947
f 891/891/891 947/947/947 948/948/948
f 882/882/882 884/884/884 945/945/945
f 882/882/882 945/945/945 944/944/944
f 946/946/946 948/948/948 958/958/958
f 946/946/946 958/958/958 956/956/956
f 947/947/947 952/952/952 962/962/962
f 947/947/947 962/962/962 957/957/957
f 944/944/944 945/945/945 955/955/955
f 944/944/944 955/955/955 954/954/954
f 950/950/950 949/949/949 959/959/959
f 950/950/950 959/959/959 960/960/960
f 948/948/948 947/947/947 957/957/957
f 948/948/948 957/957/957 958/958/958
f 943/943/943 944/944/944 954/954/954
f 943/943/943 954/954/954 953/953/953
f 951/951/951 4952/4952/4952 4953/4953/4953
f 951/951/951 4953/4953/4953 961/961/961
f 949/949/949 943/943/943 953/953/953
f 949/949/949 953/953/953 959/959/959
f 945/945/945 946/946/946 956/956/956
f 945/945/945 956/956/956 955/955/955
f 952/952/952 951/951/951 961/961/961
f 952/952/952 961/961/961 962/962/962
f 953/953/953 954/954/954 4955/4955/4955
f 953/953/953 4955/4955/4955 4956/4956/4956
f 961/961/961 4953/4953/4953 4961/4961/4961
f 961/961/961 4961/4961/4961 4963/4963/4963
f 959/959/959 953/953/953 4956/4956/4956
f 959/959/959 4956/4956/4956 4960/4960/4960
f 955/955/955 956/956/956 4957/4957/4957
f 955/955/955 4957/4957/4957 4954/4954/4954
f 962/962/962 961/961/961 4963/4963/4963
f 962/962/962 4963/4963/4963 4964/4964/4964
f 956/956/956 958/958/958 4958/4958/4958
f 956/956/956 4958/4958/4958 4957/4957/4957
f 957/957/957 962/962/962 4964/4964/4964
f 957/957/957 4964/4964/4964 4959/4959/4959
f 958/958/958 957/957/957 4959/4959/4959
f 958/958/958 4959/4959/4959 4958/4958/4958
f 954/954/954 955/955/955 4954/4954/4954
f 954/954/954 4954/4954/4954 4955/4955/4955
f 937/937/937 938/938/938 982/982/982
f 937/937/937 982/982/982 981/981/981
f 938/938/938 939/939/939 983/983/983
f 938/938/938 983/983/983 982/982/982
f 939/939/939 940/940/940 984/984/984
f 939/939/939 984/984/984 983/983/983
f 932/932/932 933/933/933 977/977/977
f 932/932/932 977/977/977 976/976/976
f 940/940/940 941/941/941 985/985/985
f 940/940/940 985/985/985 984/984/984
f 3438/3438/3438 931/931/931 975/975/975
f 3438/3438/3438 975/975/975 3484/3484/3484
f 942/942/942 935/935/935 979/979/979
f 942/942/942 979/979/979 986/986/986
f 933/933/933 934/934/934 978/978/978
f 933/933/933 978/978/978 977/977/977
f 920/920/920 898/898/898 930/930/930
f 920/920/920 930/930/930 935/935/935
f 978/978/978 980/980/980 1025/1025/1025
f 978/978/978 1025/1025/1025 1023/1023/1023
f 930/930/930 898/898/898 3402/3402/3402
f 930/930/930 3402/3402/3402 3451/3451/3451
f 931/931/931 932/932/932 976/976/976
f 931/931/931 976/976/976 975/975/975
f 839/839/839 904/904/904 3404/3404/3404
f 839/839/839 3404/3404/3404 3355/3355/3355
f 840/840/840 3356/3356/3356 3499/3499/3499
f 840/840/840 3499/3499/3499 987/987/987
f 840/840/840 987/987/987 850/850/850
f 840/840/840 850/850/850 842/842/842
f 994/994/994 999/999/999 1006/1006/1006
f 994/994/994 1006/1006/1006 1008/1008/1008
f 3506/3506/3506 988/988/988 994/994/994
f 3506/3506/3506 994/994/994 3513/3513/3513
f 988/988/988 993/993/993 999/999/999
f 988/988/988 999/999/999 994/994/994
f 993/993/993 991/991/991 997/997/997
f 993/993/993 997/997/997 999/999/999
f 1008/1008/1008 3526/3526/3526 3513/3513/3513
f 1008/1008/1008 3513/3513/3513 994/994/994
f 991/991/991 992/992/992 998/998/998
f 991/991/991 998/998/998 997/997/997
f 1017/1017/1017 1012/1012/1012 1003/1003/1003
f 1017/1017/1017 1003/1003/1003 1005/1005/1005
f 1012/1012/1012 1015/1015/1015 1004/1004/1004
f 1012/1012/1012 1004/1004/1004 1003/1003/1003
f 1013/1013/1013 1017/1017/1017 1005/1005/1005
f 1013/1013/1013 1005/1005/1005 1000/1000/1000
f 995/995/995 996/996/996 1011/1011/1011
f 995/995/995 1011/1011/1011 1009/1009/1009
f 1014/1014/1014 1016/1016/1016 1018/1018/1018
f 1014/1014/1014 1018/1018/1018 1001/1001/1001
f 1009/1009/1009 1010/1010/1010 998/998/998
f 1009/1009/1009 998/998/998 995/995/995
f 997/997/997 998/998/998 1010/1010/1010
f 997/997/997 1010/1010/1010 1007/1007/1007
f 1008/1008/1008 1006/1006/1006 1017/1017/1017
f 1008/1008/1008 1017/1017/1017 1013/1013/1013
f 3534/3534/3534 1013/1013/1013 1000/1000/1000
f 3534/3534/3534 1000/1000/1000 3520/3520/3520
f 1015/1015/1015 1014/1014/1014 1001/1001/1001
f 1015/1015/1015 1001/1001/1001 1004/1004/1004
f 1007/1007/1007 1010/1010/1010 1015/1015/1015
f 1007/1007/1007 1015/1015/1015 1012/1012/1012
f 1006/1006/1006 1007/1007/1007 1012/1012/1012
f 1006/1006/1006 1012/1012/1012 1017/1017/1017
f 3526/3526/3526 1008/1008/1008 1013/1013/1013
f 3526/3526/3526 1013/1013/1013 3534/3534/3534
f 1010/1010/1010 1009/1009/1009 1014/1014/1014
f 1010/1010/1010 1014/1014/1014 1015/1015/1015
f 1009/1009/1009 1011/1011/1011 1016/1016/1016
f 1009/1009/1009 1016/1016/1016 1014/1014/1014
f 989/989/989 990/990/990 996/996/996
f 989/989/989 996/996/996 995/995/995
f 1023/1023/1023 1025/1025/1025 1038/1038/1038
f 1023/1023/1023 1038/1038/1038 1036/1036/1036
f 975/975/975 976/976/976 1021/1021/1021
f 975/975/975 1021/1021/1021 1020/1020/1020
f 930/930/930 3451/3451/3451 3497/3497/3497
f 930/930/930 3497/3497/3497 974/974/974
f 981/981/981 982/982/982 1027/1027/1027
f 981/981/981 1027/1027/1027 1026/1026/1026
f 982/982/982 983/983/983 1028/1028/1028
f 982/982/982 1028/1028/1028 1027/1027/1027
f 983/983/983 984/984/984 1029/1029/1029
f 983/983/983 1029/1029/1029 1028/1028/1028
f 976/976/976 977/977/977 1022/1022/1022
f 976/976/976 1022/1022/1022 1021/1021/1021
f 984/984/984 985/985/985 1030/1030/1030
f 984/984/984 1030/1030/1030 1029/1029/1029
f 3484/3484/3484 975/975/975 1020/1020/1020
f 3484/3484/3484 1020/1020/1020 3537/3537/3537
f 986/986/986 979/979/979 1024/1024/1024
f 986/986/986 1024/1024/1024 1031/1031/1031
f 977/977/977 978/978/978 1023/1023/1023
f 977/977/977 1023/1023/1023 1022/1022/1022
f 935/935/935 930/930/930 974/974/974
f 935/935/935 974/974/974 979/979/979
f 3537/3537/3537 1020/1020/1020 1033/1033/1033
f 3537/3537/3537 1033/1033/1033 3552/3552/3552
f 1031/1031/1031 1024/1024/1024 1037/1037/1037
f 1031/1031/1031 1037/1037/1037 1044/1044/1044
f 1022/1022/1022 1023/1023/1023 1036/1036/1036
f 1022/1022/1022 1036/1036/1036 1035/1035/1035
f 979/979/979 974/974/974 1019/1019/1019
f 979/979/979 1019/1019/1019 1024/1024/1024
f 1036/1036/1036 1038/1038/1038 1051/1051/1051
f 1036/1036/1036 1051/1051/1051 1049/1049/1049
f 1020/1020/1020 1021/1021/1021 1034/1034/1034
f 1020/1020/1020 1034/1034/1034 1033/1033/1033
f 974/974/974 3497/3497/3497 3550/3550/3550
f 974/974/974 3550/3550/3550 1019/1019/1019
f 1026/1026/1026 1027/1027/1027 1040/1040/1040
f 1026/1026/1026 1040/1040/1040 1039/1039/1039
f 1027/1027/1027 1028/1028/1028 1041/1041/1041
f 1027/1027/1027 1041/1041/1041 1040/1040/1040
f 1028/1028/1028 1029/1029/1029 1042/1042/1042
f 1028/1028/1028 1042/1042/1042 1041/1041/1041
f 1021/1021/1021 1022/1022/1022 1035/1035/1035
f 1021/1021/1021 1035/1035/1035 1034/1034/1034
f 1029/1029/1029 1030/1030/1030 1043/1043/1043
f 1029/1029/1029 1043/1043/1043 1042/1042/1042
f 1049/1049/1049 1051/1051/1051 4971/4971/4971
f 1049/1049/1049 4971/4971/4971 4969/4969/4969
f 1033/1033/1033 1034/1034/1034 1047/1047/1047
f 1033/1033/1033 1047/1047/1047 1046/1046/1046
f 1019/1019/1019 3550/3550/3550 3565/3565/3565
f 1019/1019/1019 3565/3565/3565 1032/1032/1032
f 1039/1039/1039 1040/1040/1040 1053/1053/1053
f 1039/1039/1039 1053/1053/1053 1052/1052/1052
f 1040/1040/1040 1041/1041/1041 1054/1054/1054
f 1040/1040/1040 1054/1054/1054 1053/1053/1053
f 1041/1041/1041 1042/1042/1042 1055/1055/1055
f 1041/1041/1041 1055/1055/1055 1054/1054/1054
f 1034/1034/1034 1035/1035/1035 1048/1048/1048
f 1034/1034/1034 1048/1048/1048 1047/1047/1047
f 1042/1042/1042 1043/1043/1043 1056/1056/1056
f 1042/1042/1042 1056/1056/1056 1055/1055/1055
f 3552/3552/3552 1033/1033/1033 1046/1046/1046
f 3552/3552/3552 1046/1046/1046 3567/3567/3567
f 1044/1044/1044 1037/1037/1037 1050/1050/1050
f 1044/1044/1044 1050/1050/1050 1057/1057/1057
f 1035/1035/1035 1036/1036/1036 1049/1049/1049
f 1035/1035/1035 1049/1049/1049 1048/1048/1048
f 1024/1024/1024 1019/1019/1019 1032/1032/1032
f 1024/1024/1024 1032/1032/1032 1037/1037/1037
f 1053/1053/1053 1054/1054/1054 4973/4973/4973
f 1053/1053/1053 4973/4973/4973 4970/4970/4970
f 1054/1054/1054 1055/1055/1055 4974/4974/4974
f 1054/1054/1054 4974/4974/4974 4973/4973/4973
f 1047/1047/1047 1048/1048/1048 4965/4965/4965
f 1047/1047/1047 4965/4965/4965 4966/4966/4966
f 1055/1055/1055 1056/1056/1056 4975/4975/4975
f 1055/1055/1055 4975/4975/4975 4974/4974/4974
f 3567/3567/3567 1046/1046/1046 4967/4967/4967
f 3567/3567/3567 4967/4967/4967 4968/4968/4968
f 1057/1057/1057 1050/1050/1050 4977/4977/4977
f 1057/1057/1057 4977/4977/4977 4976/4976/4976
f 1048/1048/1048 1049/1049/1049 4969/4969/4969
f 1048/1048/1048 4969/4969/4969 4965/4965/4965
f 1037/1037/1037 1032/1032/1032 1045/1045/1045
f 1037/1037/1037 1045/1045/1045 1050/1050/1050
f 1062/1062/1062 1064/1064/1064 629/629/629
f 1062/1062/1062 629/629/629 623/623/623
f 1046/1046/1046 1047/1047/1047 4966/4966/4966
f 1046/1046/1046 4966/4966/4966 4967/4967/4967
f 1032/1032/1032 3565/3565/3565 3580/3580/3580
f 1032/1032/1032 3580/3580/3580 1045/1045/1045
f 1052/1052/1052 1053/1053/1053 4970/4970/4970
f 1052/1052/1052 4970/4970/4970 4972/4972/4972
f 1059/1059/1059 1060/1060/1060 619/619/619
f 1059/1059/1059 619/619/619 617/617/617
f 641/641/641 3135/3135/3135 3176/3176/3176
f 641/641/641 3176/3176/3176 687/687/687
f 1065/1065/1065 1066/1066/1066 631/631/631
f 1065/1065/1065 631/631/631 627/627/627
f 1066/1066/1066 1067/1067/1067 633/633/633
f 1066/1066/1066 633/633/633 631/631/631
f 1067/1067/1067 1068/1068/1068 635/635/635
f 1067/1067/1067 635/635/635 633/633/633
f 1060/1060/1060 1061/1061/1061 621/621/621
f 1060/1060/1060 621/621/621 619/619/619
f 1068/1068/1068 1069/1069/1069 637/637/637
f 1068/1068/1068 637/637/637 635/635/635
f 3582/3582/3582 1059/1059/1059 617/617/617
f 3582/3582/3582 617/617/617 3093/3093/3093
f 1070/1070/1070 1063/1063/1063 626/626/626
f 1070/1070/1070 626/626/626 640/640/640
f 1061/1061/1061 1062/1062/1062 623/623/623
f 1061/1061/1061 623/623/623 621/621/621
f 907/907/907 912/912/912 923/923/923
f 907/907/907 923/923/923 911/911/911
f 849/849/849 3347/3347/3347 3383/3383/3383
f 849/849/849 3383/3383/3383 881/881/881
f 852/852/852 3348/3348/3348 4980/4980/4980
f 852/852/852 4980/4980/4980 4935/4935/4935
f 783/783/783 801/801/801 721/721/721
f 783/783/783 721/721/721 664/664/664
f 1141/1141/1141 1150/1150/1150 1151/1151/1151
f 1141/1141/1141 1151/1151/1151 1142/1142/1142
f 1142/1142/1142 1151/1151/1151 1152/1152/1152
f 1142/1142/1142 1152/1152/1152 1143/1143/1143
f 1143/1143/1143 1152/1152/1152 1153/1153/1153
f 1143/1143/1143 1153/1153/1153 1144/1144/1144
f 1138/1138/1138 1147/1147/1147 1146/1146/1146
f 1138/1138/1138 1146/1146/1146 1137/1137/1137
f 1140/1140/1140 1149/1149/1149 1150/1150/1150
f 1140/1140/1140 1150/1150/1150 1141/1141/1141
f 1630/1630/1630 4992/4992/4992 4991/4991/4991
f 1630/1630/1630 4991/4991/4991 1645/1645/1645
f 1656/1656/1656 1654/1654/1654 1144/1144/1144
f 1656/1656/1656 1144/1144/1144 1153/1153/1153
f 1150/1150/1150 1081/1081/1081 1073/1073/1073
f 1150/1150/1150 1073/1073/1073 1151/1151/1151
f 1631/1631/1631 1630/1630/1630 1645/1645/1645
f 1631/1631/1631 1645/1645/1645 1647/1647/1647
f 1146/1146/1146 1075/1075/1075 1072/1072/1072
f 1146/1146/1146 1072/1072/1072 1145/1145/1145
f 1151/1151/1151 1073/1073/1073 1071/1071/1071
f 1151/1151/1151 1071/1071/1071 1152/1152/1152
f 1145/1145/1145 1072/1072/1072 1079/1079/1079
f 1145/1145/1145 1079/1079/1079 1148/1148/1148
f 1074/1074/1074 1147/1147/1147 1636/1636/1636
f 1074/1074/1074 1636/1636/1636 1628/1628/1628
f 1152/1152/1152 1071/1071/1071 1076/1076/1076
f 1152/1152/1152 1076/1076/1076 1153/1153/1153
f 1149/1149/1149 1080/1080/1080 1081/1081/1081
f 1149/1149/1149 1081/1081/1081 1150/1150/1150
f 1147/1147/1147 1074/1074/1074 1075/1075/1075
f 1147/1147/1147 1075/1075/1075 1146/1146/1146
f 1093/1093/1093 4983/4983/4983 4992/4992/4992
f 1093/1093/1093 4992/4992/4992 1630/1630/1630
f 4984/4984/4984 1098/1098/1098 1099/1099/1099
f 4984/4984/4984 1099/1099/1099 4989/4989/4989
f 4988/4988/4988 1095/1095/1095 1096/1096/1096
f 4988/4988/4988 1096/1096/1096 4986/4986/4986
f 4983/4983/4983 1093/1093/1093 1092/1092/1092
f 4983/4983/4983 1092/1092/1092 4982/4982/4982
f 4986/4986/4986 1096/1096/1096 1097/1097/1097
f 4986/4986/4986 1097/1097/1097 4985/4985/4985
f 1632/1632/1632 1631/1631/1631 1647/1647/1647
f 1632/1632/1632 1647/1647/1647 1649/1649/1649
f 4982/4982/4982 1092/1092/1092 1091/1091/1091
f 4982/4982/4982 1091/1091/1091 4981/4981/4981
f 4985/4985/4985 1097/1097/1097 1098/1098/1098
f 4985/4985/4985 1098/1098/1098 4984/4984/4984
f 4981/4981/4981 1091/1091/1091 1094/1094/1094
f 4981/4981/4981 1094/1094/1094 4987/4987/4987
f 1633/1633/1633 1632/1632/1632 1649/1649/1649
f 1633/1633/1633 1649/1649/1649 1651/1651/1651
f 1092/1092/1092 1101/1101/1101 1100/1100/1100
f 1092/1092/1092 1100/1100/1100 1091/1091/1091
f 1097/1097/1097 1106/1106/1106 1107/1107/1107
f 1097/1097/1097 1107/1107/1107 1098/1098/1098
f 1091/1091/1091 1100/1100/1100 1103/1103/1103
f 1091/1091/1091 1103/1103/1103 1094/1094/1094
f 1102/1102/1102 1093/1093/1093 1630/1630/1630
f 1102/1102/1102 1630/1630/1630 1631/1631/1631
f 1098/1098/1098 1107/1107/1107 1108/1108/1108
f 1098/1098/1098 1108/1108/1108 1099/1099/1099
f 1095/1095/1095 1104/1104/1104 1105/1105/1105
f 1095/1095/1095 1105/1105/1105 1096/1096/1096
f 1093/1093/1093 1102/1102/1102 1101/1101/1101
f 1093/1093/1093 1101/1101/1101 1092/1092/1092
f 1096/1096/1096 1105/1105/1105 1106/1106/1106
f 1096/1096/1096 1106/1106/1106 1097/1097/1097
f 1107/1107/1107 1116/1116/1116 1117/1117/1117
f 1107/1107/1107 1117/1117/1117 1108/1108/1108
f 1104/1104/1104 1113/1113/1113 1114/1114/1114
f 1104/1104/1104 1114/1114/1114 1105/1105/1105
f 1102/1102/1102 1111/1111/1111 1110/1110/1110
f 1102/1102/1102 1110/1110/1110 1101/1101/1101
f 1105/1105/1105 1114/1114/1114 1115/1115/1115
f 1105/1105/1105 1115/1115/1115 1106/1106/1106
f 1634/1634/1634 1633/1633/1633 1651/1651/1651
f 1634/1634/1634 1651/1651/1651 1653/1653/1653
f 1101/1101/1101 1110/1110/1110 1109/1109/1109
f 1101/1101/1101 1109/1109/1109 1100/1100/1100
f 1106/1106/1106 1115/1115/1115 1116/1116/1116
f 1106/1106/1106 1116/1116/1116 1107/1107/1107
f 1100/1100/1100 1109/1109/1109 1112/1112/1112
f 1100/1100/1100 1112/1112/1112 1103/1103/1103
f 1111/1111/1111 1102/1102/1102 1631/1631/1631
f 1111/1111/1111 1631/1631/1631 1632/1632/1632
f 1635/1635/1635 1634/1634/1634 1653/1653/1653
f 1635/1635/1635 1653/1653/1653 1655/1655/1655
f 1110/1110/1110 1119/1119/1119 1118/1118/1118
f 1110/1110/1110 1118/1118/1118 1109/1109/1109
f 1115/1115/1115 1124/1124/1124 1125/1125/1125
f 1115/1115/1115 1125/1125/1125 1116/1116/1116
f 1109/1109/1109 1118/1118/1118 1121/1121/1121
f 1109/1109/1109 1121/1121/1121 1112/1112/1112
f 1120/1120/1120 1111/1111/1111 1632/1632/1632
f 1120/1120/1120 1632/1632/1632 1633/1633/1633
f 1116/1116/1116 1125/1125/1125 1126/1126/1126
f 1116/1116/1116 1126/1126/1126 1117/1117/1117
f 1113/1113/1113 1122/1122/1122 1123/1123/1123
f 1113/1113/1113 1123/1123/1123 1114/1114/1114
f 1111/1111/1111 1120/1120/1120 1119/1119/1119
f 1111/1111/1111 1119/1119/1119 1110/1110/1110
f 1114/1114/1114 1123/1123/1123 1124/1124/1124
f 1114/1114/1114 1124/1124/1124 1115/1115/1115
f 1122/1122/1122 1131/1131/1131 1132/1132/1132
f 1122/1122/1122 1132/1132/1132 1123/1123/1123
f 1120/1120/1120 1129/1129/1129 1128/1128/1128
f 1120/1120/1120 1128/1128/1128 1119/1119/1119
f 1123/1123/1123 1132/1132/1132 1133/1133/1133
f 1123/1123/1123 1133/1133/1133 1124/1124/1124
f 1636/1636/1636 1635/1635/1635 1655/1655/1655
f 1636/1636/1636 1655/1655/1655 1657/1657/1657
f 1119/1119/1119 1128/1128/1128 1127/1127/1127
f 1119/1119/1119 1127/1127/1127 1118/1118/1118
f 1124/1124/1124 1133/1133/1133 1134/1134/1134
f 1124/1124/1124 1134/1134/1134 1125/1125/1125
f 1118/1118/1118 1127/1127/1127 1130/1130/1130
f 1118/1118/1118 1130/1130/1130 1121/1121/1121
f 1129/1129/1129 1120/1120/1120 1633/1633/1633
f 1129/1129/1129 1633/1633/1633 1634/1634/1634
f 1125/1125/1125 1134/1134/1134 1135/1135/1135
f 1125/1125/1125 1135/1135/1135 1126/1126/1126
f 1128/1128/1128 1137/1137/1137 1136/1136/1136
f 1128/1128/1128 1136/1136/1136 1127/1127/1127
f 1133/1133/1133 1142/1142/1142 1143/1143/1143
f 1133/1133/1133 1143/1143/1143 1134/1134/1134
f 1127/1127/1127 1136/1136/1136 1139/1139/1139
f 1127/1127/1127 1139/1139/1139 1130/1130/1130
f 1138/1138/1138 1129/1129/1129 1634/1634/1634
f 1138/1138/1138 1634/1634/1634 1635/1635/1635
f 1134/1134/1134 1143/1143/1143 1144/1144/1144
f 1134/1134/1134 1144/1144/1144 1135/1135/1135
f 1131/1131/1131 1140/1140/1140 1141/1141/1141
f 1131/1131/1131 1141/1141/1141 1132/1132/1132
f 1147/1147/1147 1138/1138/1138 1635/1635/1635
f 1147/1147/1147 1635/1635/1635 1636/1636/1636
f 1137/1137/1137 1146/1146/1146 1145/1145/1145
f 1137/1137/1137 1145/1145/1145 1136/1136/1136
f 1129/1129/1129 1138/1138/1138 1137/1137/1137
f 1129/1129/1129 1137/1137/1137 1128/1128/1128
f 1132/1132/1132 1141/1141/1141 1142/1142/1142
f 1132/1132/1132 1142/1142/1142 1133/1133/1133
f 1078/1078/1078 1628/1628/1628 1636/1636/1636
f 1078/1078/1078 1636/1636/1636 1657/1657/1657
f 1165/1165/1165 1074/1074/1074 1628/1628/1628
f 1165/1165/1165 1628/1628/1628 1638/1638/1638
f 1165/1165/1165 1156/1156/1156 1155/1155/1155
f 1165/1165/1165 1155/1155/1155 1172/1172/1172
f 1172/1172/1172 1155/1155/1155 1154/1154/1154
f 1172/1172/1172 1154/1154/1154 1174/1174/1174
f 1175/1175/1175 1163/1163/1163 1164/1164/1164
f 1175/1175/1175 1164/1164/1164 1166/1166/1166
f 1174/1174/1174 1154/1154/1154 1159/1159/1159
f 1174/1174/1174 1159/1159/1159 1169/1169/1169
f 1173/1173/1173 1162/1162/1162 1163/1163/1163
f 1173/1173/1173 1163/1163/1163 1175/1175/1175
f 1075/1075/1075 1172/1172/1172 1174/1174/1174
f 1075/1075/1075 1174/1174/1174 1072/1072/1072
f 1171/1171/1171 1161/1161/1161 1162/1162/1162
f 1171/1171/1171 1162/1162/1162 1173/1173/1173
f 1074/1074/1074 1165/1165/1165 1172/1172/1172
f 1074/1074/1074 1172/1172/1172 1075/1075/1075
f 1185/1185/1185 1156/1156/1156 1637/1637/1637
f 1185/1185/1185 1637/1637/1637 1639/1639/1639
f 1170/1170/1170 1160/1160/1160 1161/1161/1161
f 1170/1170/1170 1161/1161/1161 1171/1171/1171
f 1289/1289/1289 1294/1294/1294 1219/1219/1219
f 1289/1289/1289 1219/1219/1219 1210/1210/1210
f 1080/1080/1080 1170/1170/1170 1171/1171/1171
f 1080/1080/1080 1171/1171/1171 1081/1081/1081
f 1166/1166/1166 1164/1164/1164 1157/1157/1157
f 1166/1166/1166 1157/1157/1157 1167/1167/1167
f 1197/1197/1197 1198/1198/1198 1204/1204/1204
f 1197/1197/1197 1204/1204/1204 1203/1203/1203
f 1081/1081/1081 1171/1171/1171 1173/1173/1173
f 1081/1081/1081 1173/1173/1173 1073/1073/1073
f 1072/1072/1072 1174/1174/1174 1169/1169/1169
f 1072/1072/1072 1169/1169/1169 1079/1079/1079
f 1156/1156/1156 1185/1185/1185 1181/1181/1181
f 1156/1156/1156 1181/1181/1181 1155/1155/1155
f 1212/1212/1212 1278/1278/1278 1279/1279/1279
f 1212/1212/1212 1279/1279/1279 1215/1215/1215
f 1193/1193/1193 1185/1185/1185 1639/1639/1639
f 1193/1193/1193 1639/1639/1639 1640/1640/1640
f 1208/1208/1208 1297/1297/1297 1298/1298/1298
f 1208/1208/1208 1298/1298/1298 1213/1213/1213
f 1071/1071/1071 1175/1175/1175 1166/1166/1166
f 1071/1071/1071 1166/1166/1166 1076/1076/1076
f 1202/1202/1202 1299/1299/1299 1296/1296/1296
f 1202/1202/1202 1296/1296/1296 1207/1207/1207
f 1073/1073/1073 1173/1173/1173 1175/1175/1175
f 1073/1073/1073 1175/1175/1175 1071/1071/1071
f 1155/1155/1155 1181/1181/1181 1180/1180/1180
f 1155/1155/1155 1180/1180/1180 1154/1154/1154
f 1213/1213/1213 1298/1298/1298 1292/1292/1292
f 1213/1213/1213 1292/1292/1292 1198/1198/1198
f 1185/1185/1185 1193/1193/1193 1196/1196/1196
f 1185/1185/1185 1196/1196/1196 1181/1181/1181
f 1216/1216/1216 1280/1280/1280 1281/1281/1281
f 1216/1216/1216 1281/1281/1281 1200/1200/1200
f 1209/1209/1209 1193/1193/1193 1640/1640/1640
f 1209/1209/1209 1640/1640/1640 1641/1641/1641
f 1160/1160/1160 1184/1184/1184 1177/1177/1177
f 1160/1160/1160 1177/1177/1177 1161/1161/1161
f 1163/1163/1163 1182/1182/1182 1186/1186/1186
f 1163/1163/1163 1186/1186/1186 1164/1164/1164
f 1154/1154/1154 1180/1180/1180 1183/1183/1183
f 1154/1154/1154 1183/1183/1183 1159/1159/1159
f 1162/1162/1162 1176/1176/1176 1182/1182/1182
f 1162/1162/1162 1182/1182/1182 1163/1163/1163
f 1181/1181/1181 1196/1196/1196 1189/1189/1189
f 1181/1181/1181 1189/1189/1189 1180/1180/1180
f 1188/1188/1188 1224/1224/1224 1228/1228/1228
f 1188/1188/1188 1228/1228/1228 1199/1199/1199
f 1161/1161/1161 1177/1177/1177 1176/1176/1176
f 1161/1161/1161 1176/1176/1176 1162/1162/1162
f 1193/1193/1193 1209/1209/1209 1220/1220/1220
f 1193/1193/1193 1220/1220/1220 1196/1196/1196
f 1209/1209/1209 1210/1210/1210 1219/1219/1219
f 1209/1209/1209 1219/1219/1219 1220/1220/1220
f 1217/1217/1217 1226/1226/1226 1229/1229/1229
f 1217/1217/1217 1229/1229/1229 1211/1211/1211
f 1210/1210/1210 1209/1209/1209 1641/1641/1641
f 1210/1210/1210 1641/1641/1641 1642/1642/1642
f 1282/1282/1282 1289/1289/1289 1210/1210/1210
f 1282/1282/1282 1210/1210/1210 1642/1642/1642
f 1184/1184/1184 1192/1192/1192 1195/1195/1195
f 1184/1184/1184 1195/1195/1195 1177/1177/1177
f 1192/1192/1192 1206/1206/1206 1214/1214/1214
f 1192/1192/1192 1214/1214/1214 1195/1195/1195
f 1182/1182/1182 1190/1190/1190 1194/1194/1194
f 1182/1182/1182 1194/1194/1194 1186/1186/1186
f 1190/1190/1190 1203/1203/1203 1211/1211/1211
f 1190/1190/1190 1211/1211/1211 1194/1194/1194
f 1180/1180/1180 1189/1189/1189 1191/1191/1191
f 1180/1180/1180 1191/1191/1191 1183/1183/1183
f 1189/1189/1189 1201/1201/1201 1205/1205/1205
f 1189/1189/1189 1205/1205/1205 1191/1191/1191
f 1176/1176/1176 1187/1187/1187 1190/1190/1190
f 1176/1176/1176 1190/1190/1190 1182/1182/1182
f 1187/1187/1187 1197/1197/1197 1203/1203/1203
f 1187/1187/1187 1203/1203/1203 1190/1190/1190
f 1196/1196/1196 1220/1220/1220 1201/1201/1201
f 1196/1196/1196 1201/1201/1201 1189/1189/1189
f 1220/1220/1220 1219/1219/1219 1202/1202/1202
f 1220/1220/1220 1202/1202/1202 1201/1201/1201
f 1194/1194/1194 1225/1225/1225 1223/1223/1223
f 1194/1194/1194 1223/1223/1223 1186/1186/1186
f 1177/1177/1177 1195/1195/1195 1187/1187/1187
f 1177/1177/1177 1187/1187/1187 1176/1176/1176
f 1195/1195/1195 1214/1214/1214 1197/1197/1197
f 1195/1195/1195 1197/1197/1197 1187/1187/1187
f 1229/1229/1229 1238/1238/1238 1234/1234/1234
f 1229/1229/1229 1234/1234/1234 1225/1225/1225
f 1218/1218/1218 1216/1216/1216 1200/1200/1200
f 1218/1218/1218 1200/1200/1200 1199/1199/1199
f 1228/1228/1228 1237/1237/1237 1235/1235/1235
f 1228/1228/1228 1235/1235/1235 1227/1227/1227
f 1225/1225/1225 1234/1234/1234 1232/1232/1232
f 1225/1225/1225 1232/1232/1232 1223/1223/1223
f 1211/1211/1211 1229/1229/1229 1225/1225/1225
f 1211/1211/1211 1225/1225/1225 1194/1194/1194
f 1211/1211/1211 1212/1212/1212 1215/1215/1215
f 1211/1211/1211 1215/1215/1215 1217/1217/1217
f 1179/1179/1179 1222/1222/1222 1224/1224/1224
f 1179/1179/1179 1224/1224/1224 1188/1188/1188
f 1234/1234/1234 1243/1243/1243 1241/1241/1241
f 1234/1234/1234 1241/1241/1241 1232/1232/1232
f 1233/1233/1233 1242/1242/1242 1246/1246/1246
f 1233/1233/1233 1246/1246/1246 1237/1237/1237
f 1236/1236/1236 1245/1245/1245 1247/1247/1247
f 1236/1236/1236 1247/1247/1247 1238/1238/1238
f 1222/1222/1222 1231/1231/1231 1233/1233/1233
f 1222/1222/1222 1233/1233/1233 1224/1224/1224
f 1232/1232/1232 1241/1241/1241 1239/1239/1239
f 1232/1232/1232 1239/1239/1239 1230/1230/1230
f 1223/1223/1223 1232/1232/1232 1230/1230/1230
f 1223/1223/1223 1230/1230/1230 1221/1221/1221
f 1224/1224/1224 1233/1233/1233 1237/1237/1237
f 1224/1224/1224 1237/1237/1237 1228/1228/1228
f 1242/1242/1242 1251/1251/1251 1255/1255/1255
f 1242/1242/1242 1255/1255/1255 1246/1246/1246
f 1226/1226/1226 1236/1236/1236 1238/1238/1238
f 1226/1226/1226 1238/1238/1238 1229/1229/1229
f 1245/1245/1245 1254/1254/1254 1256/1256/1256
f 1245/1245/1245 1256/1256/1256 1247/1247/1247
f 1240/1240/1240 1249/1249/1249 1251/1251/1251
f 1240/1240/1240 1251/1251/1251 1242/1242/1242
f 1199/1199/1199 1228/1228/1228 1227/1227/1227
f 1199/1199/1199 1227/1227/1227 1218/1218/1218
f 1238/1238/1238 1247/1247/1247 1243/1243/1243
f 1238/1238/1238 1243/1243/1243 1234/1234/1234
f 1231/1231/1231 1240/1240/1240 1242/1242/1242
f 1231/1231/1231 1242/1242/1242 1233/1233/1233
f 1249/1249/1249 1258/1258/1258 1260/1260/1260
f 1249/1249/1249 1260/1260/1260 1251/1251/1251
f 1256/1256/1256 1265/1265/1265 1261/1261/1261
f 1256/1256/1256 1261/1261/1261 1252/1252/1252
f 1237/1237/1237 1246/1246/1246 1244/1244/1244
f 1237/1237/1237 1244/1244/1244 1235/1235/1235
f 1255/1255/1255 1264/1264/1264 1262/1262/1262
f 1255/1255/1255 1262/1262/1262 1253/1253/1253
f 1243/1243/1243 1252/1252/1252 1250/1250/1250
f 1243/1243/1243 1250/1250/1250 1241/1241/1241
f 1247/1247/1247 1256/1256/1256 1252/1252/1252
f 1247/1247/1247 1252/1252/1252 1243/1243/1243
f 1246/1246/1246 1255/1255/1255 1253/1253/1253
f 1246/1246/1246 1253/1253/1253 1244/1244/1244
f 1264/1264/1264 1275/1275/1275 1274/1274/1274
f 1264/1264/1264 1274/1274/1274 1262/1262/1262
f 1261/1261/1261 1272/1272/1272 1270/1270/1270
f 1261/1261/1261 1270/1270/1270 1259/1259/1259
f 1260/1260/1260 1271/1271/1271 1275/1275/1275
f 1260/1260/1260 1275/1275/1275 1264/1264/1264
f 1241/1241/1241 1250/1250/1250 1248/1248/1248
f 1241/1241/1241 1248/1248/1248 1239/1239/1239
f 1250/1250/1250 1259/1259/1259 1257/1257/1257
f 1250/1250/1250 1257/1257/1257 1248/1248/1248
f 1251/1251/1251 1260/1260/1260 1264/1264/1264
f 1251/1251/1251 1264/1264/1264 1255/1255/1255
f 1252/1252/1252 1261/1261/1261 1259/1259/1259
f 1252/1252/1252 1259/1259/1259 1250/1250/1250
f 1254/1254/1254 1263/1263/1263 1265/1265/1265
f 1254/1254/1254 1265/1265/1265 1256/1256/1256
f 1270/1270/1270 1272/1272/1272 1266/1266/1266
f 1270/1270/1270 1266/1266/1266 1268/1268/1268
f 1265/1265/1265 1276/1276/1276 1272/1272/1272
f 1265/1265/1265 1272/1272/1272 1261/1261/1261
f 1258/1258/1258 1269/1269/1269 1271/1271/1271
f 1258/1258/1258 1271/1271/1271 1260/1260/1260
f 1272/1272/1272 1276/1276/1276 1273/1273/1273
f 1272/1272/1272 1273/1273/1273 1266/1266/1266
f 1259/1259/1259 1270/1270/1270 1268/1268/1268
f 1259/1259/1259 1268/1268/1268 1257/1257/1257
f 1199/1199/1199 1200/1200/1200 1642/1642/1642
f 1199/1199/1199 1642/1642/1642 1641/1641/1641
f 1294/1294/1294 1299/1299/1299 1202/1202/1202
f 1294/1294/1294 1202/1202/1202 1219/1219/1219
f 1200/1200/1200 1281/1281/1281 1282/1282/1282
f 1200/1200/1200 1282/1282/1282 1642/1642/1642
f 1267/1267/1267 1274/1274/1274 1275/1275/1275
f 1267/1267/1267 1275/1275/1275 1271/1271/1271
f 1214/1214/1214 1213/1213/1213 1198/1198/1198
f 1214/1214/1214 1198/1198/1198 1197/1197/1197
f 1278/1278/1278 1212/1212/1212 1204/1204/1204
f 1278/1278/1278 1204/1204/1204 1277/1277/1277
f 1299/1299/1299 1339/1339/1339 1330/1330/1330
f 1299/1299/1299 1330/1330/1330 1296/1296/1296
f 1201/1201/1201 1202/1202/1202 1207/1207/1207
f 1201/1201/1201 1207/1207/1207 1205/1205/1205
f 1263/1263/1263 1273/1273/1273 1276/1276/1276
f 1263/1263/1263 1276/1276/1276 1265/1265/1265
f 1206/1206/1206 1208/1208/1208 1213/1213/1213
f 1206/1206/1206 1213/1213/1213 1214/1214/1214
f 1281/1281/1281 1304/1304/1304 1305/1305/1305
f 1281/1281/1281 1305/1305/1305 1282/1282/1282
f 1284/1284/1284 1316/1316/1316 1317/1317/1317
f 1284/1284/1284 1317/1317/1317 1289/1289/1289
f 1298/1298/1298 1333/1333/1333 1334/1334/1334
f 1298/1298/1298 1334/1334/1334 1291/1291/1291
f 1277/1277/1277 1300/1300/1300 1301/1301/1301
f 1277/1277/1277 1301/1301/1301 1278/1278/1278
f 1291/1291/1291 1334/1334/1334 1335/1335/1335
f 1291/1291/1291 1335/1335/1335 1295/1295/1295
f 1289/1289/1289 1318/1318/1318 1319/1319/1319
f 1289/1289/1289 1319/1319/1319 1290/1290/1290
f 1278/1278/1278 1301/1301/1301 1302/1302/1302
f 1278/1278/1278 1302/1302/1302 1279/1279/1279
f 1286/1286/1286 1290/1290/1290 1319/1319/1319
f 1286/1286/1286 1319/1319/1319 1310/1310/1310
f 1280/1280/1280 1303/1303/1303 1304/1304/1304
f 1280/1280/1280 1304/1304/1304 1281/1281/1281
f 1294/1294/1294 1337/1337/1337 1338/1338/1338
f 1294/1294/1294 1338/1338/1338 1299/1299/1299
f 1291/1291/1291 1320/1320/1320 1321/1321/1321
f 1291/1291/1291 1321/1321/1321 1292/1292/1292
f 1282/1282/1282 1305/1305/1305 1306/1306/1306
f 1282/1282/1282 1306/1306/1306 1283/1283/1283
f 1292/1292/1292 1322/1322/1322 1323/1323/1323
f 1292/1292/1292 1323/1323/1323 1287/1287/1287
f 1290/1290/1290 1286/1286/1286 1324/1324/1324
f 1290/1290/1290 1324/1324/1324 1325/1325/1325
f 1283/1283/1283 1307/1307/1307 1308/1308/1308
f 1283/1283/1283 1308/1308/1308 1284/1284/1284
f 1290/1290/1290 1325/1325/1325 1326/1326/1326
f 1290/1290/1290 1326/1326/1326 1293/1293/1293
f 1285/1285/1285 1309/1309/1309 1300/1300/1300
f 1285/1285/1285 1300/1300/1300 1277/1277/1277
f 1293/1293/1293 1327/1327/1327 1328/1328/1328
f 1293/1293/1293 1328/1328/1328 1294/1294/1294
f 1287/1287/1287 1312/1312/1312 1313/1313/1313
f 1287/1287/1287 1313/1313/1313 1288/1288/1288
f 1295/1295/1295 1329/1329/1329 1320/1320/1320
f 1295/1295/1295 1320/1320/1320 1291/1291/1291
f 1288/1288/1288 1313/1313/1313 1314/1314/1314
f 1288/1288/1288 1314/1314/1314 1277/1277/1277
f 1297/1297/1297 1331/1331/1331 1332/1332/1332
f 1297/1297/1297 1332/1332/1332 1298/1298/1298
f 1277/1277/1277 1314/1314/1314 1315/1315/1315
f 1277/1277/1277 1315/1315/1315 1285/1285/1285
f 1325/1325/1325 1324/1324/1324 1364/1364/1364
f 1325/1325/1325 1364/1364/1364 1365/1365/1365
f 1307/1307/1307 1347/1347/1347 1348/1348/1348
f 1307/1307/1307 1348/1348/1348 1308/1308/1308
f 1325/1325/1325 1365/1365/1365 1366/1366/1366
f 1325/1325/1325 1366/1366/1366 1326/1326/1326
f 1309/1309/1309 1349/1349/1349 1340/1340/1340
f 1309/1309/1309 1340/1340/1340 1300/1300/1300
f 1326/1326/1326 1366/1366/1366 1367/1367/1367
f 1326/1326/1326 1367/1367/1367 1327/1327/1327
f 1311/1311/1311 1351/1351/1351 1352/1352/1352
f 1311/1311/1311 1352/1352/1352 1312/1312/1312
f 1327/1327/1327 1367/1367/1367 1368/1368/1368
f 1327/1327/1327 1368/1368/1368 1328/1328/1328
f 1312/1312/1312 1352/1352/1352 1353/1353/1353
f 1312/1312/1312 1353/1353/1353 1313/1313/1313
f 1329/1329/1329 1369/1369/1369 1360/1360/1360
f 1329/1329/1329 1360/1360/1360 1320/1320/1320
f 1313/1313/1313 1353/1353/1353 1354/1354/1354
f 1313/1313/1313 1354/1354/1354 1314/1314/1314
f 1331/1331/1331 1371/1371/1371 1372/1372/1372
f 1331/1331/1331 1372/1372/1372 1332/1332/1332
f 1314/1314/1314 1354/1354/1354 1355/1355/1355
f 1314/1314/1314 1355/1355/1355 1315/1315/1315
f 1332/1332/1332 1372/1372/1372 1373/1373/1373
f 1332/1332/1332 1373/1373/1373 1333/1333/1333
f 1316/1316/1316 1356/1356/1356 1357/1357/1357
f 1316/1316/1316 1357/1357/1357 1317/1317/1317
f 1333/1333/1333 1373/1373/1373 1374/1374/1374
f 1333/1333/1333 1374/1374/1374 1334/1334/1334
f 1317/1317/1317 1357/1357/1357 1358/1358/1358
f 1317/1317/1317 1358/1358/1358 1318/1318/1318
f 1334/1334/1334 1374/1374/1374 1375/1375/1375
f 1334/1334/1334 1375/1375/1375 1335/1335/1335
f 1318/1318/1318 1358/1358/1358 1359/1359/1359
f 1318/1318/1318 1359/1359/1359 1319/1319/1319
f 1300/1300/1300 1340/1340/1340 1341/1341/1341
f 1300/1300/1300 1341/1341/1341 1301/1301/1301
f 1336/1336/1336 1376/1376/1376 1377/1377/1377
f 1336/1336/1336 1377/1377/1377 1337/1337/1337
f 1310/1310/1310 1319/1319/1319 1359/1359/1359
f 1310/1310/1310 1359/1359/1359 1350/1350/1350
f 1301/1301/1301 1341/1341/1341 1342/1342/1342
f 1301/1301/1301 1342/1342/1342 1302/1302/1302
f 1337/1337/1337 1377/1377/1377 1378/1378/1378
f 1337/1337/1337 1378/1378/1378 1338/1338/1338
f 1320/1320/1320 1360/1360/1360 1361/1361/1361
f 1320/1320/1320 1361/1361/1361 1321/1321/1321
f 1303/1303/1303 1343/1343/1343 1344/1344/1344
f 1303/1303/1303 1344/1344/1344 1304/1304/1304
f 1338/1338/1338 1378/1378/1378 1379/1379/1379
f 1338/1338/1338 1379/1379/1379 1339/1339/1339
f 1321/1321/1321 1361/1361/1361 1362/1362/1362
f 1321/1321/1321 1362/1362/1362 1322/1322/1322
f 1305/1305/1305 1345/1345/1345 1346/1346/1346
f 1305/1305/1305 1346/1346/1346 1306/1306/1306
f 1339/1339/1339 1379/1379/1379 1370/1370/1370
f 1339/1339/1339 1370/1370/1370 1330/1330/1330
f 1322/1322/1322 1362/1362/1362 1363/1363/1363
f 1322/1322/1322 1363/1363/1363 1323/1323/1323
f 1306/1306/1306 1346/1346/1346 1347/1347/1347
f 1306/1306/1306 1347/1347/1347 1307/1307/1307
f 1304/1304/1304 1344/1344/1344 1345/1345/1345
f 1304/1304/1304 1345/1345/1345 1305/1305/1305
f 1367/1367/1367 1407/1407/1407 1408/1408/1408
f 1367/1367/1367 1408/1408/1408 1368/1368/1368
f 1352/1352/1352 1392/1392/1392 1393/1393/1393
f 1352/1352/1352 1393/1393/1393 1353/1353/1353
f 1369/1369/1369 1409/1409/1409 1400/1400/1400
f 1369/1369/1369 1400/1400/1400 1360/1360/1360
f 1353/1353/1353 1393/1393/1393 1394/1394/1394
f 1353/1353/1353 1394/1394/1394 1354/1354/1354
f 1371/1371/1371 1411/1411/1411 1412/1412/1412
f 1371/1371/1371 1412/1412/1412 1372/1372/1372
f 1354/1354/1354 1394/1394/1394 1395/1395/1395
f 1354/1354/1354 1395/1395/1395 1355/1355/1355
f 1372/1372/1372 1412/1412/1412 1413/1413/1413
f 1372/1372/1372 1413/1413/1413 1373/1373/1373
f 1356/1356/1356 1396/1396/1396 1397/1397/1397
f 1356/1356/1356 1397/1397/1397 1357/1357/1357
f 1373/1373/1373 1413/1413/1413 1414/1414/1414
f 1373/1373/1373 1414/1414/1414 1374/1374/1374
f 1357/1357/1357 1397/1397/1397 1398/1398/1398
f 1357/1357/1357 1398/1398/1398 1358/1358/1358
f 1374/1374/1374 1414/1414/1414 1415/1415/1415
f 1374/1374/1374 1415/1415/1415 1375/1375/1375
f 1358/1358/1358 1398/1398/1398 1399/1399/1399
f 1358/1358/1358 1399/1399/1399 1359/1359/1359
f 1340/1340/1340 1380/1380/1380 1381/1381/1381
f 1340/1340/1340 1381/1381/1381 1341/1341/1341
f 1376/1376/1376 1416/1416/1416 1417/1417/1417
f 1376/1376/1376 1417/1417/1417 1377/1377/1377
f 1350/1350/1350 1359/1359/1359 1399/1399/1399
f 1350/1350/1350 1399/1399/1399 1390/1390/1390
f 1341/1341/1341 1381/1381/1381 1382/1382/1382
f 1341/1341/1341 1382/1382/1382 1342/1342/1342
f 1377/1377/1377 1417/1417/1417 1418/1418/1418
f 1377/1377/1377 1418/1418/1418 1378/1378/1378
f 1360/1360/1360 1400/1400/1400 1401/1401/1401
f 1360/1360/1360 1401/1401/1401 1361/1361/1361
f 1343/1343/1343 1383/1383/1383 1384/1384/1384
f 1343/1343/1343 1384/1384/1384 1344/1344/1344
f 1378/1378/1378 1418/1418/1418 1419/1419/1419
f 1378/1378/1378 1419/1419/1419 1379/1379/1379
f 1361/1361/1361 1401/1401/1401 1402/1402/1402
f 1361/1361/1361 1402/1402/1402 1362/1362/1362
f 1345/1345/1345 1385/1385/1385 1386/1386/1386
f 1345/1345/1345 1386/1386/1386 1346/1346/1346
f 1379/1379/1379 1419/1419/1419 1410/1410/1410
f 1379/1379/1379 1410/1410/1410 1370/1370/1370
f 1362/1362/1362 1402/1402/1402 1403/1403/1403
f 1362/1362/1362 1403/1403/1403 1363/1363/1363
f 1346/1346/1346 1386/1386/1386 1387/1387/1387
f 1346/1346/1346 1387/1387/1387 1347/1347/1347
f 1344/1344/1344 1384/1384/1384 1385/1385/1385
f 1344/1344/1344 1385/1385/1385 1345/1345/1345
f 1365/1365/1365 1364/1364/1364 1404/1404/1404
f 1365/1365/1365 1404/1404/1404 1405/1405/1405
f 1347/1347/1347 1387/1387/1387 1388/1388/1388
f 1347/1347/1347 1388/1388/1388 1348/1348/1348
f 1365/1365/1365 1405/1405/1405 1406/1406/1406
f 1365/1365/1365 1406/1406/1406 1366/1366/1366
f 1349/1349/1349 1389/1389/1389 1380/1380/1380
f 1349/1349/1349 1380/1380/1380 1340/1340/1340
f 1366/1366/1366 1406/1406/1406 1407/1407/1407
f 1366/1366/1366 1407/1407/1407 1367/1367/1367
f 1351/1351/1351 1391/1391/1391 1392/1392/1392
f 1351/1351/1351 1392/1392/1392 1352/1352/1352
f 1412/1412/1412 1452/1452/1452 1453/1453/1453
f 1412/1412/1412 1453/1453/1453 1413/1413/1413
f 1396/1396/1396 1436/1436/1436 1437/1437/1437
f 1396/1396/1396 1437/1437/1437 1397/1397/1397
f 1413/1413/1413 1453/1453/1453 1454/1454/1454
f 1413/1413/1413 1454/1454/1454 1414/1414/1414
f 1397/1397/1397 1437/1437/1437 1438/1438/1438
f 1397/1397/1397 1438/1438/1438 1398/1398/1398
f 1414/1414/1414 1454/1454/1454 1455/1455/1455
f 1414/1414/1414 1455/1455/1455 1415/1415/1415
f 1398/1398/1398 1438/1438/1438 1439/1439/1439
f 1398/1398/1398 1439/1439/1439 1399/1399/1399
f 1380/1380/1380 1420/1420/1420 1421/1421/1421
f 1380/1380/1380 1421/1421/1421 1381/1381/1381
f 1416/1416/1416 1456/1456/1456 1457/1457/1457
f 1416/1416/1416 1457/1457/1457 1417/1417/1417
f 1390/1390/1390 1399/1399/1399 1439/1439/1439
f 1390/1390/1390 1439/1439/1439 1430/1430/1430
f 1381/1381/1381 1421/1421/1421 1422/1422/1422
f 1381/1381/1381 1422/1422/1422 1382/1382/1382
f 1417/1417/1417 1457/1457/1457 1458/1458/1458
f 1417/1417/1417 1458/1458/1458 1418/1418/1418
f 1400/1400/1400 1440/1440/1440 1441/1441/1441
f 1400/1400/1400 1441/1441/1441 1401/1401/1401
f 1383/1383/1383 1423/1423/1423 1424/1424/1424
f 1383/1383/1383 1424/1424/1424 1384/1384/1384
f 1418/1418/1418 1458/1458/1458 1459/1459/1459
f 1418/1418/1418 1459/1459/1459 1419/1419/1419
f 1401/1401/1401 1441/1441/1441 1442/1442/1442
f 1401/1401/1401 1442/1442/1442 1402/1402/1402
f 1385/1385/1385 1425/1425/1425 1426/1426/1426
f 1385/1385/1385 1426/1426/1426 1386/1386/1386
f 1419/1419/1419 1459/1459/1459 1450/1450/1450
f 1419/1419/1419 1450/1450/1450 1410/1410/1410
f 1402/1402/1402 1442/1442/1442 1443/1443/1443
f 1402/1402/1402 1443/1443/1443 1403/1403/1403
f 1386/1386/1386 1426/1426/1426 1427/1427/1427
f 1386/1386/1386 1427/1427/1427 1387/1387/1387
f 1384/1384/1384 1424/1424/1424 1425/1425/1425
f 1384/1384/1384 1425/1425/1425 1385/1385/1385
f 1405/1405/1405 1404/1404/1404 1444/1444/1444
f 1405/1405/1405 1444/1444/1444 1445/1445/1445
f 1387/1387/1387 1427/1427/1427 1428/1428/1428
f 1387/1387/1387 1428/1428/1428 1388/1388/1388
f 1405/1405/1405 1445/1445/1445 1446/1446/1446
f 1405/1405/1405 1446/1446/1446 1406/1406/1406
f 1389/1389/1389 1429/1429/1429 1420/1420/1420
f 1389/1389/1389 1420/1420/1420 1380/1380/1380
f 1406/1406/1406 1446/1446/1446 1447/1447/1447
f 1406/1406/1406 1447/1447/1447 1407/1407/1407
f 1391/1391/1391 1431/1431/1431 1432/1432/1432
f 1391/1391/1391 1432/1432/1432 1392/1392/1392
f 1407/1407/1407 1447/1447/1447 1448/1448/1448
f 1407/1407/1407 1448/1448/1448 1408/1408/1408
f 1392/1392/1392 1432/1432/1432 1433/1433/1433
f 1392/1392/1392 1433/1433/1433 1393/1393/1393
f 1409/1409/1409 1449/1449/1449 1440/1440/1440
f 1409/1409/1409 1440/1440/1440 1400/1400/1400
f 1393/1393/1393 1433/1433/1433 1434/1434/1434
f 1393/1393/1393 1434/1434/1434 1394/1394/1394
f 1411/1411/1411 1451/1451/1451 1452/1452/1452
f 1411/1411/1411 1452/1452/1452 1412/1412/1412
f 1394/1394/1394 1434/1434/1434 1435/1435/1435
f 1394/1394/1394 1435/1435/1435 1395/1395/1395
f 1586/1586/1586 1496/1496/1496 1497/1497/1497
f 1586/1586/1586 1497/1497/1497 1584/1584/1584
f 1621/1621/1621 1620/1620/1620 1479/1479/1479
f 1621/1621/1621 1479/1479/1479 1470/1470/1470
f 1610/1610/1610 1461/1461/1461 1462/1462/1462
f 1610/1610/1610 1462/1462/1462 1608/1608/1608
f 1584/1584/1584 1497/1497/1497 1498/1498/1498
f 1584/1584/1584 1498/1498/1498 1583/1583/1583
f 1598/1598/1598 1480/1480/1480 1481/1481/1481
f 1598/1598/1598 1481/1481/1481 1597/1597/1597
f 1609/1609/1609 1463/1463/1463 1464/1464/1464
f 1609/1609/1609 1464/1464/1464 1607/1607/1607
f 1583/1583/1583 1498/1498/1498 1499/1499/1499
f 1583/1583/1583 1499/1499/1499 1582/1582/1582
f 1597/1597/1597 1481/1481/1481 1482/1482/1482
f 1597/1597/1597 1482/1482/1482 1596/1596/1596
f 1606/1606/1606 1465/1465/1465 1466/1466/1466
f 1606/1606/1606 1466/1466/1466 1605/1605/1605
f 1582/1582/1582 1499/1499/1499 1490/1490/1490
f 1582/1582/1582 1490/1490/1490 1623/1623/1623
f 1596/1596/1596 1482/1482/1482 1483/1483/1483
f 1596/1596/1596 1483/1483/1483 1594/1594/1594
f 1605/1605/1605 1466/1466/1466 1467/1467/1467
f 1605/1605/1605 1467/1467/1467 1604/1604/1604
f 1607/1607/1607 1464/1464/1464 1465/1465/1465
f 1607/1607/1607 1465/1465/1465 1606/1606/1606
f 1593/1593/1593 1595/1595/1595 1484/1484/1484
f 1593/1593/1593 1484/1484/1484 1485/1485/1485
f 1604/1604/1604 1467/1467/1467 1468/1468/1468
f 1604/1604/1604 1468/1468/1468 1600/1600/1600
f 1593/1593/1593 1485/1485/1485 1486/1486/1486
f 1593/1593/1593 1486/1486/1486 1590/1590/1590
f 1601/1601/1601 1469/1469/1469 1460/1460/1460
f 1601/1601/1601 1460/1460/1460 1599/1599/1599
f 1590/1590/1590 1486/1486/1486 1487/1487/1487
f 1590/1590/1590 1487/1487/1487 1589/1589/1589
f 1622/1622/1622 1471/1471/1471 1472/1472/1472
f 1622/1622/1622 1472/1472/1472 1619/1619/1619
f 1589/1589/1589 1487/1487/1487 1488/1488/1488
f 1589/1589/1589 1488/1488/1488 1587/1587/1587
f 1619/1619/1619 1472/1472/1472 1473/1473/1473
f 1619/1619/1619 1473/1473/1473 1618/1618/1618
f 1588/1588/1588 1489/1489/1489 1480/1480/1480
f 1588/1588/1588 1480/1480/1480 1598/1598/1598
f 1618/1618/1618 1473/1473/1473 1474/1474/1474
f 1618/1618/1618 1474/1474/1474 1617/1617/1617
f 1624/1624/1624 1491/1491/1491 1492/1492/1492
f 1624/1624/1624 1492/1492/1492 1625/1625/1625
f 1617/1617/1617 1474/1474/1474 1475/1475/1475
f 1617/1617/1617 1475/1475/1475 1615/1615/1615
f 1625/1625/1625 1492/1492/1492 1493/1493/1493
f 1625/1625/1625 1493/1493/1493 1626/1626/1626
f 1616/1616/1616 1476/1476/1476 1477/1477/1477
f 1616/1616/1616 1477/1477/1477 1614/1614/1614
f 1626/1626/1626 1493/1493/1493 1494/1494/1494
f 1626/1626/1626 1494/1494/1494 1627/1627/1627
f 1614/1614/1614 1477/1477/1477 1478/1478/1478
f 1614/1614/1614 1478/1478/1478 1611/1611/1611
f 1627/1627/1627 1494/1494/1494 1495/1495/1495
f 1627/1627/1627 1495/1495/1495 1585/1585/1585
f 1611/1611/1611 1478/1478/1478 1479/1479/1479
f 1611/1611/1611 1479/1479/1479 1620/1620/1620
f 1599/1599/1599 1460/1460/1460 1461/1461/1461
f 1599/1599/1599 1461/1461/1461 1610/1610/1610
f 1499/1499/1499 1539/1539/1539 1530/1530/1530
f 1499/1499/1499 1530/1530/1530 1490/1490/1490
f 1482/1482/1482 1522/1522/1522 1523/1523/1523
f 1482/1482/1482 1523/1523/1523 1483/1483/1483
f 1466/1466/1466 1506/1506/1506 1507/1507/1507
f 1466/1466/1466 1507/1507/1507 1467/1467/1467
f 1464/1464/1464 1504/1504/1504 1505/1505/1505
f 1464/1464/1464 1505/1505/1505 1465/1465/1465
f 1485/1485/1485 1484/1484/1484 1524/1524/1524
f 1485/1485/1485 1524/1524/1524 1525/1525/1525
f 1467/1467/1467 1507/1507/1507 1508/1508/1508
f 1467/1467/1467 1508/1508/1508 1468/1468/1468
f 1485/1485/1485 1525/1525/1525 1526/1526/1526
f 1485/1485/1485 1526/1526/1526 1486/1486/1486
f 1469/1469/1469 1509/1509/1509 1500/1500/1500
f 1469/1469/1469 1500/1500/1500 1460/1460/1460
f 1486/1486/1486 1526/1526/1526 1527/1527/1527
f 1486/1486/1486 1527/1527/1527 1487/1487/1487
f 1471/1471/1471 1511/1511/1511 1512/1512/1512
f 1471/1471/1471 1512/1512/1512 1472/1472/1472
f 1487/1487/1487 1527/1527/1527 1528/1528/1528
f 1487/1487/1487 1528/1528/1528 1488/1488/1488
f 1472/1472/1472 1512/1512/1512 1513/1513/1513
f 1472/1472/1472 1513/1513/1513 1473/1473/1473
f 1489/1489/1489 1529/1529/1529 1520/1520/1520
f 1489/1489/1489 1520/1520/1520 1480/1480/1480
f 1473/1473/1473 1513/1513/1513 1514/1514/1514
f 1473/1473/1473 1514/1514/1514 1474/1474/1474
f 1491/1491/1491 1531/1531/1531 1532/1532/1532
f 1491/1491/1491 1532/1532/1532 1492/1492/1492
f 1474/1474/1474 1514/1514/1514 1515/1515/1515
f 1474/1474/1474 1515/1515/1515 1475/1475/1475
f 1492/1492/1492 1532/1532/1532 1533/1533/1533
f 1492/1492/1492 1533/1533/1533 1493/1493/1493
f 1476/1476/1476 1516/1516/1516 1517/1517/1517
f 1476/1476/1476 1517/1517/1517 1477/1477/1477
f 1493/1493/1493 1533/1533/1533 1534/1534/1534
f 1493/1493/1493 1534/1534/1534 1494/1494/1494
f 1477/1477/1477 1517/1517/1517 1518/1518/1518
f 1477/1477/1477 1518/1518/1518 1478/1478/1478
f 1494/1494/1494 1534/1534/1534 1535/1535/1535
f 1494/1494/1494 1535/1535/1535 1495/1495/1495
f 1478/1478/1478 1518/1518/1518 1519/1519/1519
f 1478/1478/1478 1519/1519/1519 1479/1479/1479
f 1460/1460/1460 1500/1500/1500 1501/1501/1501
f 1460/1460/1460 1501/1501/1501 1461/1461/1461
f 1496/1496/1496 1536/1536/1536 1537/1537/1537
f 1496/1496/1496 1537/1537/1537 1497/1497/1497
f 1470/1470/1470 1479/1479/1479 1519/1519/1519
f 1470/1470/1470 1519/1519/1519 1510/1510/1510
f 1461/1461/1461 1501/1501/1501 1502/1502/1502
f 1461/1461/1461 1502/1502/1502 1462/1462/1462
f 1497/1497/1497 1537/1537/1537 1538/1538/1538
f 1497/1497/1497 1538/1538/1538 1498/1498/1498
f 1480/1480/1480 1520/1520/1520 1521/1521/1521
f 1480/1480/1480 1521/1521/1521 1481/1481/1481
f 1463/1463/1463 1503/1503/1503 1504/1504/1504
f 1463/1463/1463 1504/1504/1504 1464/1464/1464
f 1498/1498/1498 1538/1538/1538 1539/1539/1539
f 1498/1498/1498 1539/1539/1539 1499/1499/1499
f 1481/1481/1481 1521/1521/1521 1522/1522/1522
f 1481/1481/1481 1522/1522/1522 1482/1482/1482
f 1465/1465/1465 1505/1505/1505 1506/1506/1506
f 1465/1465/1465 1506/1506/1506 1466/1466/1466
f 1526/1526/1526 1566/1566/1566 1567/1567/1567
f 1526/1526/1526 1567/1567/1567 1527/1527/1527
f 1511/1511/1511 1551/1551/1551 1552/1552/1552
f 1511/1511/1511 1552/1552/1552 1512/1512/1512
f 1527/1527/1527 1567/1567/1567 1568/1568/1568
f 1527/1527/1527 1568/1568/1568 1528/1528/1528
f 1512/1512/1512 1552/1552/1552 1553/1553/1553
f 1512/1512/1512 1553/1553/1553 1513/1513/1513
f 1529/1529/1529 1569/1569/1569 1560/1560/1560
f 1529/1529/1529 1560/1560/1560 1520/1520/1520
f 1513/1513/1513 1553/1553/1553 1554/1554/1554
f 1513/1513/1513 1554/1554/1554 1514/1514/1514
f 1531/1531/1531 1571/1571/1571 1572/1572/1572
f 1531/1531/1531 1572/1572/1572 1532/1532/1532
f 1514/1514/1514 1554/1554/1554 1555/1555/1555
f 1514/1514/1514 1555/1555/1555 1515/1515/1515
f 1532/1532/1532 1572/1572/1572 1573/1573/1573
f 1532/1532/1532 1573/1573/1573 1533/1533/1533
f 1516/1516/1516 1556/1556/1556 1557/1557/1557
f 1516/1516/1516 1557/1557/1557 1517/1517/1517
f 1533/1533/1533 1573/1573/1573 1574/1574/1574
f 1533/1533/1533 1574/1574/1574 1534/1534/1534
f 1517/1517/1517 1557/1557/1557 1558/1558/1558
f 1517/1517/1517 1558/1558/1558 1518/1518/1518
f 1534/1534/1534 1574/1574/1574 1575/1575/1575
f 1534/1534/1534 1575/1575/1575 1535/1535/1535
f 1518/1518/1518 1558/1558/1558 1559/1559/1559
f 1518/1518/1518 1559/1559/1559 1519/1519/1519
f 1500/1500/1500 1540/1540/1540 1541/1541/1541
f 1500/1500/1500 1541/1541/1541 1501/1501/1501
f 1536/1536/1536 1576/1576/1576 1577/1577/1577
f 1536/1536/1536 1577/1577/1577 1537/1537/1537
f 1510/1510/1510 1519/1519/1519 1559/1559/1559
f 1510/1510/1510 1559/1559/1559 1550/1550/1550
f 1501/1501/1501 1541/1541/1541 1542/1542/1542
f 1501/1501/1501 1542/1542/1542 1502/1502/1502
f 1537/1537/1537 1577/1577/1577 1578/1578/1578
f 1537/1537/1537 1578/1578/1578 1538/1538/1538
f 1520/1520/1520 1560/1560/1560 1561/1561/1561
f 1520/1520/1520 1561/1561/1561 1521/1521/1521
f 1503/1503/1503 1543/1543/1543 1544/1544/1544
f 1503/1503/1503 1544/1544/1544 1504/1504/1504
f 1538/1538/1538 1578/1578/1578 1579/1579/1579
f 1538/1538/1538 1579/1579/1579 1539/1539/1539
f 1521/1521/1521 1561/1561/1561 1562/1562/1562
f 1521/1521/1521 1562/1562/1562 1522/1522/1522
f 1505/1505/1505 1545/1545/1545 1546/1546/1546
f 1505/1505/1505 1546/1546/1546 1506/1506/1506
f 1539/1539/1539 1579/1579/1579 1570/1570/1570
f 1539/1539/1539 1570/1570/1570 1530/1530/1530
f 1522/1522/1522 1562/1562/1562 1563/1563/1563
f 1522/1522/1522 1563/1563/1563 1523/1523/1523
f 1506/1506/1506 1546/1546/1546 1547/1547/1547
f 1506/1506/1506 1547/1547/1547 1507/1507/1507
f 1504/1504/1504 1544/1544/1544 1545/1545/1545
f 1504/1504/1504 1545/1545/1545 1505/1505/1505
f 1525/1525/1525 1524/1524/1524 1564/1564/1564
f 1525/1525/1525 1564/1564/1564 1565/1565/1565
f 1507/1507/1507 1547/1547/1547 1548/1548/1548
f 1507/1507/1507 1548/1548/1548 1508/1508/1508
f 1525/1525/1525 1565/1565/1565 1566/1566/1566
f 1525/1525/1525 1566/1566/1566 1526/1526/1526
f 1509/1509/1509 1549/1549/1549 1540/1540/1540
f 1509/1509/1509 1540/1540/1540 1500/1500/1500
f 1438/1438/1438 1611/1611/1611 1620/1620/1620
f 1438/1438/1438 1620/1620/1620 1439/1439/1439
f 1437/1437/1437 1614/1614/1614 1611/1611/1611
f 1437/1437/1437 1611/1611/1611 1438/1438/1438
f 1436/1436/1436 1616/1616/1616 1614/1614/1614
f 1436/1436/1436 1614/1614/1614 1437/1437/1437
f 1434/1434/1434 1617/1617/1617 1615/1615/1615
f 1434/1434/1434 1615/1615/1615 1435/1435/1435
f 1433/1433/1433 1618/1618/1618 1617/1617/1617
f 1433/1433/1433 1617/1617/1617 1434/1434/1434
f 1432/1432/1432 1619/1619/1619 1618/1618/1618
f 1432/1432/1432 1618/1618/1618 1433/1433/1433
f 1431/1431/1431 1622/1622/1622 1619/1619/1619
f 1431/1431/1431 1619/1619/1619 1432/1432/1432
f 1430/1430/1430 1439/1439/1439 1620/1620/1620
f 1430/1430/1430 1620/1620/1620 1621/1621/1621
f 1420/1420/1420 1599/1599/1599 1610/1610/1610
f 1420/1420/1420 1610/1610/1610 1421/1421/1421
f 1429/1429/1429 1601/1601/1601 1599/1599/1599
f 1429/1429/1429 1599/1599/1599 1420/1420/1420
f 1427/1427/1427 1604/1604/1604 1600/1600/1600
f 1427/1427/1427 1600/1600/1600 1428/1428/1428
f 1424/1424/1424 1607/1607/1607 1606/1606/1606
f 1424/1424/1424 1606/1606/1606 1425/1425/1425
f 1426/1426/1426 1605/1605/1605 1604/1604/1604
f 1426/1426/1426 1604/1604/1604 1427/1427/1427
f 1425/1425/1425 1606/1606/1606 1605/1605/1605
f 1425/1425/1425 1605/1605/1605 1426/1426/1426
f 1423/1423/1423 1609/1609/1609 1607/1607/1607
f 1423/1423/1423 1607/1607/1607 1424/1424/1424
f 1421/1421/1421 1610/1610/1610 1608/1608/1608
f 1421/1421/1421 1608/1608/1608 1422/1422/1422
f 1449/1449/1449 1588/1588/1588 1598/1598/1598
f 1449/1449/1449 1598/1598/1598 1440/1440/1440
f 1447/1447/1447 1589/1589/1589 1587/1587/1587
f 1447/1447/1447 1587/1587/1587 1448/1448/1448
f 1446/1446/1446 1590/1590/1590 1589/1589/1589
f 1446/1446/1446 1589/1589/1589 1447/1447/1447
f 1445/1445/1445 1593/1593/1593 1590/1590/1590
f 1445/1445/1445 1590/1590/1590 1446/1446/1446
f 1445/1445/1445 1444/1444/1444 1595/1595/1595
f 1445/1445/1445 1595/1595/1595 1593/1593/1593
f 1442/1442/1442 1596/1596/1596 1594/1594/1594
f 1442/1442/1442 1594/1594/1594 1443/1443/1443
f 1441/1441/1441 1597/1597/1597 1596/1596/1596
f 1441/1441/1441 1596/1596/1596 1442/1442/1442
f 1440/1440/1440 1598/1598/1598 1597/1597/1597
f 1440/1440/1440 1597/1597/1597 1441/1441/1441
f 1454/1454/1454 1627/1627/1627 1585/1585/1585
f 1454/1454/1454 1585/1585/1585 1455/1455/1455
f 1453/1453/1453 1626/1626/1626 1627/1627/1627
f 1453/1453/1453 1627/1627/1627 1454/1454/1454
f 1452/1452/1452 1625/1625/1625 1626/1626/1626
f 1452/1452/1452 1626/1626/1626 1453/1453/1453
f 1451/1451/1451 1624/1624/1624 1625/1625/1625
f 1451/1451/1451 1625/1625/1625 1452/1452/1452
f 1459/1459/1459 1582/1582/1582 1623/1623/1623
f 1459/1459/1459 1623/1623/1623 1450/1450/1450
f 1458/1458/1458 1583/1583/1583 1582/1582/1582
f 1458/1458/1458 1582/1582/1582 1459/1459/1459
f 1457/1457/1457 1584/1584/1584 1583/1583/1583
f 1457/1457/1457 1583/1583/1583 1458/1458/1458
f 1456/1456/1456 1586/1586/1586 1584/1584/1584
f 1456/1456/1456 1584/1584/1584 1457/1457/1457
f 1654/1654/1654 1652/1652/1652 1135/1135/1135
f 1654/1654/1654 1135/1135/1135 1144/1144/1144
f 1652/1652/1652 1650/1650/1650 1126/1126/1126
f 1652/1652/1652 1126/1126/1126 1135/1135/1135
f 1650/1650/1650 1648/1648/1648 1117/1117/1117
f 1650/1650/1650 1117/1117/1117 1126/1126/1126
f 1648/1648/1648 1646/1646/1646 1108/1108/1108
f 1648/1648/1648 1108/1108/1108 1117/1117/1117
f 1646/1646/1646 1644/1644/1644 1099/1099/1099
f 1646/1646/1646 1099/1099/1099 1108/1108/1108
f 1644/1644/1644 4990/4990/4990 4989/4989/4989
f 1644/1644/1644 4989/4989/4989 1099/1099/1099
f 1077/1077/1077 1656/1656/1656 1153/1153/1153
f 1077/1077/1077 1153/1153/1153 1076/1076/1076
f 1136/1136/1136 1145/1145/1145 1148/1148/1148
f 1136/1136/1136 1148/1148/1148 1139/1139/1139
f 1188/1188/1188 1199/1199/1199 1641/1641/1641
f 1188/1188/1188 1641/1641/1641 1640/1640/1640
f 1179/1179/1179 1188/1188/1188 1640/1640/1640
f 1179/1179/1179 1640/1640/1640 1639/1639/1639
f 1158/1158/1158 1179/1179/1179 1639/1639/1639
f 1158/1158/1158 1639/1639/1639 1637/1637/1637
f 1078/1078/1078 1168/1168/1168 1638/1638/1638
f 1078/1078/1078 1638/1638/1638 1628/1628/1628
f 1168/1168/1168 1158/1158/1158 1637/1637/1637
f 1168/1168/1168 1637/1637/1637 1638/1638/1638
f 1221/1221/1221 1178/1178/1178 1186/1186/1186
f 1221/1221/1221 1186/1186/1186 1223/1223/1223
f 1164/1164/1164 1186/1186/1186 1178/1178/1178
f 1164/1164/1164 1178/1178/1178 1157/1157/1157
f 1076/1076/1076 1166/1166/1166 1167/1167/1167
f 1076/1076/1076 1167/1167/1167 1077/1077/1077
f 1156/1156/1156 1165/1165/1165 1638/1638/1638
f 1156/1156/1156 1638/1638/1638 1637/1637/1637
f 1203/1203/1203 1204/1204/1204 1212/1212/1212
f 1203/1203/1203 1212/1212/1212 1211/1211/1211
f 1198/1198/1198 1287/1287/1287 1288/1288/1288
f 1198/1198/1198 1288/1288/1288 1204/1204/1204
f 972/972/972 971/971/971 1088/1088/1088
f 972/972/972 1088/1088/1088 1089/1089/1089
f 970/970/970 969/969/969 1086/1086/1086
f 970/970/970 1086/1086/1086 1087/1087/1087
f 966/966/966 968/968/968 1629/1629/1629
f 966/966/966 1629/1629/1629 1084/1084/1084
f 964/964/964 965/965/965 1083/1083/1083
f 964/964/964 1083/1083/1083 1082/1082/1082
f 973/973/973 972/972/972 1089/1089/1089
f 973/973/973 1089/1089/1089 1090/1090/1090
f 968/968/968 967/967/967 1643/1643/1643
f 968/968/968 1643/1643/1643 1629/1629/1629
f 963/963/963 964/964/964 1082/1082/1082
f 963/963/963 1082/1082/1082 1085/1085/1085
f 967/967/967 973/973/973 1090/1090/1090
f 967/967/967 1090/1090/1090 1643/1643/1643
f 969/969/969 963/963/963 1085/1085/1085
f 969/969/969 1085/1085/1085 1086/1086/1086
f 965/965/965 966/966/966 1084/1084/1084
f 965/965/965 1084/1084/1084 1083/1083/1083
f 895/895/895 896/896/896 898/898/898
f 895/895/895 898/898/898 897/897/897
f 1658/1658/1658 1659/1659/1659 1660/1660/1660
f 1658/1658/1658 1660/1660/1660 1661/1661/1661
f 1662/1662/1662 1663/1663/1663 1664/1664/1664
f 1662/1662/1662 1664/1664/1664 1665/1665/1665
f 1665/1665/1665 1664/1664/1664 1666/1666/1666
f 1665/1665/1665 1666/1666/1666 1667/1667/1667
f 1668/1668/1668 1669/1669/1669 1670/1670/1670
f 1668/1668/1668 1670/1670/1670 1671/1671/1671
f 1673/1673/1673 1675/1675/1675 1676/1676/1676
f 1673/1673/1673 1676/1676/1676 1677/1677/1677
f 1677/1677/1677 1676/1676/1676 1678/1678/1678
f 1677/1677/1677 1678/1678/1678 1679/1679/1679
f 1680/1680/1680 1682/1682/1682 1669/1669/1669
f 1680/1680/1680 1669/1669/1669 1668/1668/1668
f 1684/1684/1684 1685/1685/1685 1663/1663/1663
f 1684/1684/1684 1663/1663/1663 1662/1662/1662
f 1678/1678/1678 1706/1706/1706 1717/1717/1717
f 1678/1678/1678 1717/1717/1717 1686/1686/1686
f 1671/1671/1671 1670/1670/1670 1688/1688/1688
f 1671/1671/1671 1688/1688/1688 1689/1689/1689
f 1687/1687/1687 1686/1686/1686 1690/1690/1690
f 1687/1687/1687 1690/1690/1690 1691/1691/1691
f 1660/1660/1660 1720/1720/1720 1716/1716/1716
f 1660/1660/1660 1716/1716/1716 1683/1683/1683
f 1667/1667/1667 1666/1666/1666 1692/1692/1692
f 1667/1667/1667 1692/1692/1692 1693/1693/1693
f 1689/1689/1689 1688/1688/1688 1694/1694/1694
f 1689/1689/1689 1694/1694/1694 1696/1696/1696
f 1691/1691/1691 1690/1690/1690 1659/1659/1659
f 1691/1691/1691 1659/1659/1659 1658/1658/1658
f 1693/1693/1693 1692/1692/1692 1674/1674/1674
f 1693/1693/1693 1674/1674/1674 1672/1672/1672
f 1697/1697/1697 1695/1695/1695 1698/1698/1698
f 1697/1697/1697 1698/1698/1698 1699/1699/1699
f 1698/1698/1698 1700/1700/1700 1701/1701/1701
f 1698/1698/1698 1701/1701/1701 1685/1685/1685
f 1688/1688/1688 1702/1702/1702 1703/1703/1703
f 1688/1688/1688 1703/1703/1703 1694/1694/1694
f 1676/1676/1676 1705/1705/1705 1706/1706/1706
f 1676/1676/1676 1706/1706/1706 1678/1678/1678
f 1666/1666/1666 1707/1707/1707 1708/1708/1708
f 1666/1666/1666 1708/1708/1708 1692/1692/1692
f 1685/1685/1685 1701/1701/1701 1709/1709/1709
f 1685/1685/1685 1709/1709/1709 1663/1663/1663
f 1695/1695/1695 1704/1704/1704 1700/1700/1700
f 1695/1695/1695 1700/1700/1700 1698/1698/1698
f 1690/1690/1690 1710/1710/1710 1711/1711/1711
f 1690/1690/1690 1711/1711/1711 1659/1659/1659
f 1670/1670/1670 1712/1712/1712 1702/1702/1702
f 1670/1670/1670 1702/1702/1702 1688/1688/1688
f 1675/1675/1675 1714/1714/1714 1705/1705/1705
f 1675/1675/1675 1705/1705/1705 1676/1676/1676
f 826/826/826 1716/1716/1716 1720/1720/1720
f 826/826/826 1720/1720/1720 828/828/828
f 836/836/836 831/831/831 1717/1717/1717
f 836/836/836 1717/1717/1717 1706/1706/1706
f 1669/1669/1669 1718/1718/1718 1719/1719/1719
f 1669/1669/1669 1719/1719/1719 1670/1670/1670
f 1659/1659/1659 1711/1711/1711 1720/1720/1720
f 1659/1659/1659 1720/1720/1720 1660/1660/1660
f 1664/1664/1664 1721/1721/1721 1707/1707/1707
f 1664/1664/1664 1707/1707/1707 1666/1666/1666
f 1682/1682/1682 1715/1715/1715 1718/1718/1718
f 1682/1682/1682 1718/1718/1718 1669/1669/1669
f 1692/1692/1692 1708/1708/1708 1713/1713/1713
f 1692/1692/1692 1713/1713/1713 1674/1674/1674
f 1686/1686/1686 1717/1717/1717 1710/1710/1710
f 1686/1686/1686 1710/1710/1710 1690/1690/1690
f 1663/1663/1663 1709/1709/1709 1721/1721/1721
f 1663/1663/1663 1721/1721/1721 1664/1664/1664
f 1699/1699/1699 1698/1698/1698 1685/1685/1685
f 1699/1699/1699 1685/1685/1685 1684/1684/1684
f 817/817/817 833/833/833 1713/1713/1713
f 817/817/817 1713/1713/1713 1708/1708/1708
f 822/822/822 820/820/820 1703/1703/1703
f 822/822/822 1703/1703/1703 1702/1702/1702
f 827/827/827 832/832/832 1701/1701/1701
f 827/827/827 1701/1701/1701 1700/1700/1700
f 838/838/838 822/822/822 1702/1702/1702
f 838/838/838 1702/1702/1702 1712/1712/1712
f 824/824/824 823/823/823 1719/1719/1719
f 824/824/824 1719/1719/1719 1718/1718/1718
f 825/825/825 824/824/824 1718/1718/1718
f 825/825/825 1718/1718/1718 1715/1715/1715
f 831/831/831 830/830/830 1710/1710/1710
f 831/831/831 1710/1710/1710 1717/1717/1717
f 823/823/823 660/660/660 1670/1670/1670
f 823/823/823 1670/1670/1670 1719/1719/1719
f 832/832/832 819/819/819 1709/1709/1709
f 832/832/832 1709/1709/1709 1701/1701/1701
f 837/837/837 818/818/818 1707/1707/1707
f 837/837/837 1707/1707/1707 1721/1721/1721
f 999/999/999 997/997/997 1007/1007/1007
f 999/999/999 1007/1007/1007 1006/1006/1006
f 835/835/835 836/836/836 1706/1706/1706
f 835/835/835 1706/1706/1706 1705/1705/1705
f 819/819/819 837/837/837 1721/1721/1721
f 819/819/819 1721/1721/1721 1709/1709/1709
f 829/829/829 828/828/828 1720/1720/1720
f 829/829/829 1720/1720/1720 1711/1711/1711
f 818/818/818 817/817/817 1708/1708/1708
f 818/818/818 1708/1708/1708 1707/1707/1707
f 660/660/660 838/838/838 1712/1712/1712
f 660/660/660 1712/1712/1712 1670/1670/1670
f 834/834/834 835/835/835 1705/1705/1705
f 834/834/834 1705/1705/1705 1714/1714/1714
f 821/821/821 827/827/827 1700/1700/1700
f 821/821/821 1700/1700/1700 1704/1704/1704
f 830/830/830 829/829/829 1711/1711/1711
f 830/830/830 1711/1711/1711 1710/1710/1710
f 1773/1773/1773 1752/1752/1752 1753/1753/1753
f 1773/1773/1773 1753/1753/1753 1774/1774/1774
f 1775/1775/1775 1745/1745/1745 1746/1746/1746
f 1775/1775/1775 1746/1746/1746 1776/1776/1776
f 1774/1774/1774 1753/1753/1753 1754/1754/1754
f 1774/1774/1774 1754/1754/1754 1777/1777/1777
f 1776/1776/1776 1746/1746/1746 1747/1747/1747
f 1776/1776/1776 1747/1747/1747 1778/1778/1778
f 1777/1777/1777 1754/1754/1754 1755/1755/1755
f 1777/1777/1777 1755/1755/1755 1779/1779/1779
f 1778/1778/1778 1747/1747/1747 1748/1748/1748
f 1778/1778/1778 1748/1748/1748 1780/1780/1780
f 1782/1782/1782 1740/1740/1740 1741/1741/1741
f 1782/1782/1782 1741/1741/1741 1783/1783/1783
f 1779/1779/1779 1755/1755/1755 1739/1739/1739
f 1779/1779/1779 1739/1739/1739 1781/1781/1781
f 1780/1780/1780 1748/1748/1748 1749/1749/1749
f 1780/1780/1780 1749/1749/1749 1784/1784/1784
f 1783/1783/1783 1741/1741/1741 1742/1742/1742
f 1783/1783/1783 1742/1742/1742 1785/1785/1785
f 1784/1784/1784 1749/1749/1749 1750/1750/1750
f 1784/1784/1784 1750/1750/1750 1786/1786/1786
f 1785/1785/1785 1742/1742/1742 1743/1743/1743
f 1785/1785/1785 1743/1743/1743 1787/1787/1787
f 1786/1786/1786 1750/1750/1750 1751/1751/1751
f 1786/1786/1786 1751/1751/1751 1788/1788/1788
f 1787/1787/1787 1743/1743/1743 1744/1744/1744
f 1787/1787/1787 1744/1744/1744 1789/1789/1789
f 1788/1788/1788 1751/1751/1751 1752/1752/1752
f 1788/1788/1788 1752/1752/1752 1773/1773/1773
f 1789/1789/1789 1744/1744/1744 1745/1745/1745
f 1789/1789/1789 1745/1745/1745 1775/1775/1775
f 1751/1751/1751 1768/1768/1768 1769/1769/1769
f 1751/1751/1751 1769/1769/1769 1752/1752/1752
f 1744/1744/1744 1761/1761/1761 1762/1762/1762
f 1744/1744/1744 1762/1762/1762 1745/1745/1745
f 1752/1752/1752 1769/1769/1769 1770/1770/1770
f 1752/1752/1752 1770/1770/1770 1753/1753/1753
f 1745/1745/1745 1762/1762/1762 1763/1763/1763
f 1745/1745/1745 1763/1763/1763 1746/1746/1746
f 1753/1753/1753 1770/1770/1770 1771/1771/1771
f 1753/1753/1753 1771/1771/1771 1754/1754/1754
f 1746/1746/1746 1763/1763/1763 1764/1764/1764
f 1746/1746/1746 1764/1764/1764 1747/1747/1747
f 1754/1754/1754 1771/1771/1771 1772/1772/1772
f 1754/1754/1754 1772/1772/1772 1755/1755/1755
f 1747/1747/1747 1764/1764/1764 1765/1765/1765
f 1747/1747/1747 1765/1765/1765 1748/1748/1748
f 1740/1740/1740 1757/1757/1757 1758/1758/1758
f 1740/1740/1740 1758/1758/1758 1741/1741/1741
f 1755/1755/1755 1772/1772/1772 1756/1756/1756
f 1755/1755/1755 1756/1756/1756 1739/1739/1739
f 1748/1748/1748 1765/1765/1765 1766/1766/1766
f 1748/1748/1748 1766/1766/1766 1749/1749/1749
f 1741/1741/1741 1758/1758/1758 1759/1759/1759
f 1741/1741/1741 1759/1759/1759 1742/1742/1742
f 1749/1749/1749 1766/1766/1766 1767/1767/1767
f 1749/1749/1749 1767/1767/1767 1750/1750/1750
f 1742/1742/1742 1759/1759/1759 1760/1760/1760
f 1742/1742/1742 1760/1760/1760 1743/1743/1743
f 1750/1750/1750 1767/1767/1767 1768/1768/1768
f 1750/1750/1750 1768/1768/1768 1751/1751/1751
f 1743/1743/1743 1760/1760/1760 1761/1761/1761
f 1743/1743/1743 1761/1761/1761 1744/1744/1744
f 1727/1727/1727 1789/1789/1789 1775/1775/1775
f 1727/1727/1727 1775/1775/1775 1728/1728/1728
f 1734/1734/1734 1788/1788/1788 1773/1773/1773
f 1734/1734/1734 1773/1773/1773 1735/1735/1735
f 1726/1726/1726 1787/1787/1787 1789/1789/1789
f 1726/1726/1726 1789/1789/1789 1727/1727/1727
f 1733/1733/1733 1786/1786/1786 1788/1788/1788
f 1733/1733/1733 1788/1788/1788 1734/1734/1734
f 1725/1725/1725 1785/1785/1785 1787/1787/1787
f 1725/1725/1725 1787/1787/1787 1726/1726/1726
f 1732/1732/1732 1784/1784/1784 1786/1786/1786
f 1732/1732/1732 1786/1786/1786 1733/1733/1733
f 1724/1724/1724 1783/1783/1783 1785/1785/1785
f 1724/1724/1724 1785/1785/1785 1725/1725/1725
f 1731/1731/1731 1780/1780/1780 1784/1784/1784
f 1731/1731/1731 1784/1784/1784 1732/1732/1732
f 1738/1738/1738 1779/1779/1779 1781/1781/1781
f 1738/1738/1738 1781/1781/1781 1722/1722/1722
f 1723/1723/1723 1782/1782/1782 1783/1783/1783
f 1723/1723/1723 1783/1783/1783 1724/1724/1724
f 1730/1730/1730 1778/1778/1778 1780/1780/1780
f 1730/1730/1730 1780/1780/1780 1731/1731/1731
f 1737/1737/1737 1777/1777/1777 1779/1779/1779
f 1737/1737/1737 1779/1779/1779 1738/1738/1738
f 1729/1729/1729 1776/1776/1776 1778/1778/1778
f 1729/1729/1729 1778/1778/1778 1730/1730/1730
f 1736/1736/1736 1774/1774/1774 1777/1777/1777
f 1736/1736/1736 1777/1777/1777 1737/1737/1737
f 1728/1728/1728 1775/1775/1775 1776/1776/1776
f 1728/1728/1728 1776/1776/1776 1729/1729/1729
f 1735/1735/1735 1773/1773/1773 1774/1774/1774
f 1735/1735/1735 1774/1774/1774 1736/1736/1736
f 1769/1769/1769 5006/5006/5006 5007/5007/5007
f 1769/1769/1769 5007/5007/5007 1770/1770/1770
f 1762/1762/1762 4999/4999/4999 5000/5000/5000
f 1762/1762/1762 5000/5000/5000 1763/1763/1763
f 1770/1770/1770 5007/5007/5007 5008/5008/5008
f 1770/1770/1770 5008/5008/5008 1771/1771/1771
f 1763/1763/1763 5000/5000/5000 5001/5001/5001
f 1763/1763/1763 5001/5001/5001 1764/1764/1764
f 1771/1771/1771 5008/5008/5008 5009/5009/5009
f 1771/1771/1771 5009/5009/5009 1772/1772/1772
f 1764/1764/1764 5001/5001/5001 5002/5002/5002
f 1764/1764/1764 5002/5002/5002 1765/1765/1765
f 1757/1757/1757 4995/4995/4995 4993/4993/4993
f 1757/1757/1757 4993/4993/4993 1758/1758/1758
f 1772/1772/1772 5009/5009/5009 4994/4994/4994
f 1772/1772/1772 4994/4994/4994 1756/1756/1756
f 1765/1765/1765 5002/5002/5002 5003/5003/5003
f 1765/1765/1765 5003/5003/5003 1766/1766/1766
f 1758/1758/1758 4993/4993/4993 4996/4996/4996
f 1758/1758/1758 4996/4996/4996 1759/1759/1759
f 1766/1766/1766 5003/5003/5003 5004/5004/5004
f 1766/1766/1766 5004/5004/5004 1767/1767/1767
f 1759/1759/1759 4996/4996/4996 4997/4997/4997
f 1759/1759/1759 4997/4997/4997 1760/1760/1760
f 1767/1767/1767 5004/5004/5004 5005/5005/5005
f 1767/1767/1767 5005/5005/5005 1768/1768/1768
f 1760/1760/1760 4997/4997/4997 4998/4998/4998
f 1760/1760/1760 4998/4998/4998 1761/1761/1761
f 1768/1768/1768 5005/5005/5005 5006/5006/5006
f 1768/1768/1768 5006/5006/5006 1769/1769/1769
f 1761/1761/1761 4998/4998/4998 4999/4999/4999
f 1761/1761/1761 4999/4999/4999 1762/1762/1762
f 5012/5012/5012 5010/5010/5010 1825/1825/1825
f 5012/5012/5012 1825/1825/1825 1826/1826/1826
f 5011/5011/5011 5026/5026/5026 1840/1840/1840
f 5011/5011/5011 1840/1840/1840 1824/1824/1824
f 5020/5020/5020 5019/5019/5019 1833/1833/1833
f 5020/5020/5020 1833/1833/1833 1834/1834/1834
f 5013/5013/5013 5012/5012/5012 1826/1826/1826
f 5013/5013/5013 1826/1826/1826 1827/1827/1827
f 5021/5021/5021 5020/5020/5020 1834/1834/1834
f 5021/5021/5021 1834/1834/1834 1835/1835/1835
f 5014/5014/5014 5013/5013/5013 1827/1827/1827
f 5014/5014/5014 1827/1827/1827 1828/1828/1828
f 5022/5022/5022 5021/5021/5021 1835/1835/1835
f 5022/5022/5022 1835/1835/1835 1836/1836/1836
f 5015/5015/5015 5014/5014/5014 1828/1828/1828
f 5015/5015/5015 1828/1828/1828 1829/1829/1829
f 5023/5023/5023 5022/5022/5022 1836/1836/1836
f 5023/5023/5023 1836/1836/1836 1837/1837/1837
f 5016/5016/5016 5015/5015/5015 1829/1829/1829
f 5016/5016/5016 1829/1829/1829 1830/1830/1830
f 5024/5024/5024 5023/5023/5023 1837/1837/1837
f 5024/5024/5024 1837/1837/1837 1838/1838/1838
f 5017/5017/5017 5016/5016/5016 1830/1830/1830
f 5017/5017/5017 1830/1830/1830 1831/1831/1831
f 5025/5025/5025 5024/5024/5024 1838/1838/1838
f 5025/5025/5025 1838/1838/1838 1839/1839/1839
f 5018/5018/5018 5017/5017/5017 1831/1831/1831
f 5018/5018/5018 1831/1831/1831 1832/1832/1832
f 5026/5026/5026 5025/5025/5025 1839/1839/1839
f 5026/5026/5026 1839/1839/1839 1840/1840/1840
f 5019/5019/5019 5018/5018/5018 1832/1832/1832
f 5019/5019/5019 1832/1832/1832 1833/1833/1833
f 1840/1840/1840 1839/1839/1839 1856/1856/1856
f 1840/1840/1840 1856/1856/1856 1857/1857/1857
f 1833/1833/1833 1832/1832/1832 1849/1849/1849
f 1833/1833/1833 1849/1849/1849 1850/1850/1850
f 1826/1826/1826 1825/1825/1825 1842/1842/1842
f 1826/1826/1826 1842/1842/1842 1843/1843/1843
f 1824/1824/1824 1840/1840/1840 1857/1857/1857
f 1824/1824/1824 1857/1857/1857 1841/1841/1841
f 1834/1834/1834 1833/1833/1833 1850/1850/1850
f 1834/1834/1834 1850/1850/1850 1851/1851/1851
f 1827/1827/1827 1826/1826/1826 1843/1843/1843
f 1827/1827/1827 1843/1843/1843 1844/1844/1844
f 1835/1835/1835 1834/1834/1834 1851/1851/1851
f 1835/1835/1835 1851/1851/1851 1852/1852/1852
f 1828/1828/1828 1827/1827/1827 1844/1844/1844
f 1828/1828/1828 1844/1844/1844 1845/1845/1845
f 1836/1836/1836 1835/1835/1835 1852/1852/1852
f 1836/1836/1836 1852/1852/1852 1853/1853/1853
f 1829/1829/1829 1828/1828/1828 1845/1845/1845
f 1829/1829/1829 1845/1845/1845 1846/1846/1846
f 1837/1837/1837 1836/1836/1836 1853/1853/1853
f 1837/1837/1837 1853/1853/1853 1854/1854/1854
f 1830/1830/1830 1829/1829/1829 1846/1846/1846
f 1830/1830/1830 1846/1846/1846 1847/1847/1847
f 1838/1838/1838 1837/1837/1837 1854/1854/1854
f 1838/1838/1838 1854/1854/1854 1855/1855/1855
f 1831/1831/1831 1830/1830/1830 1847/1847/1847
f 1831/1831/1831 1847/1847/1847 1848/1848/1848
f 1839/1839/1839 1838/1838/1838 1855/1855/1855
f 1839/1839/1839 1855/1855/1855 1856/1856/1856
f 1832/1832/1832 1831/1831/1831 1848/1848/1848
f 1832/1832/1832 1848/1848/1848 1849/1849/1849
f 1847/1847/1847 1846/1846/1846 1863/1863/1863
f 1847/1847/1847 1863/1863/1863 1864/1864/1864
f 1855/1855/1855 1854/1854/1854 1871/1871/1871
f 1855/1855/1855 1871/1871/1871 1872/1872/1872
f 1848/1848/1848 1847/1847/1847 1864/1864/1864
f 1848/1848/1848 1864/1864/1864 1865/1865/1865
f 1856/1856/1856 1855/1855/1855 1872/1872/1872
f 1856/1856/1856 1872/1872/1872 1873/1873/1873
f 1849/1849/1849 1848/1848/1848 1865/1865/1865
f 1849/1849/1849 1865/1865/1865 1866/1866/1866
f 1857/1857/1857 1856/1856/1856 1873/1873/1873
f 1857/1857/1857 1873/1873/1873 1874/1874/1874
f 1850/1850/1850 1849/1849/1849 1866/1866/1866
f 1850/1850/1850 1866/1866/1866 1867/1867/1867
f 1843/1843/1843 1842/1842/1842 1859/1859/1859
f 1843/1843/1843 1859/1859/1859 1860/1860/1860
f 1841/1841/1841 1857/1857/1857 1874/1874/1874
f 1841/1841/1841 1874/1874/1874 1858/1858/1858
f 1851/1851/1851 1850/1850/1850 1867/1867/1867
f 1851/1851/1851 1867/1867/1867 1868/1868/1868
f 1844/1844/1844 1843/1843/1843 1860/1860/1860
f 1844/1844/1844 1860/1860/1860 1861/1861/1861
f 1852/1852/1852 1851/1851/1851 1868/1868/1868
f 1852/1852/1852 1868/1868/1868 1869/1869/1869
f 1845/1845/1845 1844/1844/1844 1861/1861/1861
f 1845/1845/1845 1861/1861/1861 1862/1862/1862
f 1853/1853/1853 1852/1852/1852 1869/1869/1869
f 1853/1853/1853 1869/1869/1869 1870/1870/1870
f 1846/1846/1846 1845/1845/1845 1862/1862/1862
f 1846/1846/1846 1862/1862/1862 1863/1863/1863
f 1854/1854/1854 1853/1853/1853 1870/1870/1870
f 1854/1854/1854 1870/1870/1870 1871/1871/1871
f 1869/1869/1869 1868/1868/1868 1885/1885/1885
f 1869/1869/1869 1885/1885/1885 1886/1886/1886
f 1862/1862/1862 1861/1861/1861 1878/1878/1878
f 1862/1862/1862 1878/1878/1878 1879/1879/1879
f 1870/1870/1870 1869/1869/1869 1886/1886/1886
f 1870/1870/1870 1886/1886/1886 1887/1887/1887
f 1863/1863/1863 1862/1862/1862 1879/1879/1879
f 1863/1863/1863 1879/1879/1879 1880/1880/1880
f 1871/1871/1871 1870/1870/1870 1887/1887/1887
f 1871/1871/1871 1887/1887/1887 1888/1888/1888
f 1864/1864/1864 1863/1863/1863 1880/1880/1880
f 1864/1864/1864 1880/1880/1880 1881/1881/1881
f 1872/1872/1872 1871/1871/1871 1888/1888/1888
f 1872/1872/1872 1888/1888/1888 1889/1889/1889
f 1865/1865/1865 1864/1864/1864 1881/1881/1881
f 1865/1865/1865 1881/1881/1881 1882/1882/1882
f 1873/1873/1873 1872/1872/1872 1889/1889/1889
f 1873/1873/1873 1889/1889/1889 1890/1890/1890
f 1866/1866/1866 1865/1865/1865 1882/1882/1882
f 1866/1866/1866 1882/1882/1882 1883/1883/1883
f 1874/1874/1874 1873/1873/1873 1890/1890/1890
f 1874/1874/1874 1890/1890/1890 1891/1891/1891
f 1867/1867/1867 1866/1866/1866 1883/1883/1883
f 1867/1867/1867 1883/1883/1883 1884/1884/1884
f 1860/1860/1860 1859/1859/1859 1876/1876/1876
f 1860/1860/1860 1876/1876/1876 1877/1877/1877
f 1858/1858/1858 1874/1874/1874 1891/1891/1891
f 1858/1858/1858 1891/1891/1891 1875/1875/1875
f 1868/1868/1868 1867/1867/1867 1884/1884/1884
f 1868/1868/1868 1884/1884/1884 1885/1885/1885
f 1861/1861/1861 1860/1860/1860 1877/1877/1877
f 1861/1861/1861 1877/1877/1877 1878/1878/1878
f 1891/1891/1891 1890/1890/1890 1907/1907/1907
f 1891/1891/1891 1907/1907/1907 1908/1908/1908
f 1884/1884/1884 1883/1883/1883 1900/1900/1900
f 1884/1884/1884 1900/1900/1900 1901/1901/1901
f 1877/1877/1877 1876/1876/1876 1893/1893/1893
f 1877/1877/1877 1893/1893/1893 1894/1894/1894
f 1875/1875/1875 1891/1891/1891 1908/1908/1908
f 1875/1875/1875 1908/1908/1908 1892/1892/1892
f 1885/1885/1885 1884/1884/1884 1901/1901/1901
f 1885/1885/1885 1901/1901/1901 1902/1902/1902
f 1878/1878/1878 1877/1877/1877 1894/1894/1894
f 1878/1878/1878 1894/1894/1894 1895/1895/1895
f 1886/1886/1886 1885/1885/1885 1902/1902/1902
f 1886/1886/1886 1902/1902/1902 1903/1903/1903
f 1879/1879/1879 1878/1878/1878 1895/1895/1895
f 1879/1879/1879 1895/1895/1895 1896/1896/1896
f 1887/1887/1887 1886/1886/1886 1903/1903/1903
f 1887/1887/1887 1903/1903/1903 1904/1904/1904
f 1880/1880/1880 1879/1879/1879 1896/1896/1896
f 1880/1880/1880 1896/1896/1896 1897/1897/1897
f 1888/1888/1888 1887/1887/1887 1904/1904/1904
f 1888/1888/1888 1904/1904/1904 1905/1905/1905
f 1881/1881/1881 1880/1880/1880 1897/1897/1897
f 1881/1881/1881 1897/1897/1897 1898/1898/1898
f 1889/1889/1889 1888/1888/1888 1905/1905/1905
f 1889/1889/1889 1905/1905/1905 1906/1906/1906
f 1882/1882/1882 1881/1881/1881 1898/1898/1898
f 1882/1882/1882 1898/1898/1898 1899/1899/1899
f 1890/1890/1890 1889/1889/1889 1906/1906/1906
f 1890/1890/1890 1906/1906/1906 1907/1907/1907
f 1883/1883/1883 1882/1882/1882 1899/1899/1899
f 1883/1883/1883 1899/1899/1899 1900/1900/1900
f 1823/1823/1823 5060/5060/5060 5059/5059/5059
f 1823/1823/1823 5059/5059/5059 1822/1822/1822
f 1809/1809/1809 5046/5046/5046 5044/5044/5044
f 1809/1809/1809 5044/5044/5044 1807/1807/1807
f 1796/1796/1796 5033/5033/5033 5034/5034/5034
f 1796/1796/1796 5034/5034/5034 1797/1797/1797
f 1822/1822/1822 5059/5059/5059 5058/5058/5058
f 1822/1822/1822 5058/5058/5058 1821/1821/1821
f 1795/1795/1795 5032/5032/5032 5033/5033/5033
f 1795/1795/1795 5033/5033/5033 1796/1796/1796
f 1821/1821/1821 5058/5058/5058 5057/5057/5057
f 1821/1821/1821 5057/5057/5057 1820/1820/1820
f 1794/1794/1794 5031/5031/5031 5032/5032/5032
f 1794/1794/1794 5032/5032/5032 1795/1795/1795
f 1820/1820/1820 5057/5057/5057 5056/5056/5056
f 1820/1820/1820 5056/5056/5056 1819/1819/1819
f 1793/1793/1793 5030/5030/5030 5031/5031/5031
f 1793/1793/1793 5031/5031/5031 1794/1794/1794
f 1819/1819/1819 5056/5056/5056 5055/5055/5055
f 1819/1819/1819 5055/5055/5055 1818/1818/1818
f 1806/1806/1806 5043/5043/5043 5028/5028/5028
f 1806/1806/1806 5028/5028/5028 1790/1790/1790
f 1792/1792/1792 5027/5027/5027 5030/5030/5030
f 1792/1792/1792 5030/5030/5030 1793/1793/1793
f 1818/1818/1818 5055/5055/5055 5054/5054/5054
f 1818/1818/1818 5054/5054/5054 1817/1817/1817
f 1805/1805/1805 5042/5042/5042 5043/5043/5043
f 1805/1805/1805 5043/5043/5043 1806/1806/1806
f 1791/1791/1791 5029/5029/5029 5027/5027/5027
f 1791/1791/1791 5027/5027/5027 1792/1792/1792
f 1817/1817/1817 5054/5054/5054 5053/5053/5053
f 1817/1817/1817 5053/5053/5053 1816/1816/1816
f 1804/1804/1804 5041/5041/5041 5042/5042/5042
f 1804/1804/1804 5042/5042/5042 1805/1805/1805
f 1816/1816/1816 5053/5053/5053 5052/5052/5052
f 1816/1816/1816 5052/5052/5052 1815/1815/1815
f 1803/1803/1803 5040/5040/5040 5041/5041/5041
f 1803/1803/1803 5041/5041/5041 1804/1804/1804
f 1815/1815/1815 5052/5052/5052 5051/5051/5051
f 1815/1815/1815 5051/5051/5051 1814/1814/1814
f 1802/1802/1802 5039/5039/5039 5040/5040/5040
f 1802/1802/1802 5040/5040/5040 1803/1803/1803
f 1814/1814/1814 5051/5051/5051 5050/5050/5050
f 1814/1814/1814 5050/5050/5050 1813/1813/1813
f 1801/1801/1801 5038/5038/5038 5039/5039/5039
f 1801/1801/1801 5039/5039/5039 1802/1802/1802
f 1813/1813/1813 5050/5050/5050 5049/5049/5049
f 1813/1813/1813 5049/5049/5049 1812/1812/1812
f 1800/1800/1800 5037/5037/5037 5038/5038/5038
f 1800/1800/1800 5038/5038/5038 1801/1801/1801
f 1812/1812/1812 5049/5049/5049 5048/5048/5048
f 1812/1812/1812 5048/5048/5048 1811/1811/1811
f 1799/1799/1799 5036/5036/5036 5037/5037/5037
f 1799/1799/1799 5037/5037/5037 1800/1800/1800
f 1811/1811/1811 5048/5048/5048 5047/5047/5047
f 1811/1811/1811 5047/5047/5047 1810/1810/1810
f 1798/1798/1798 5035/5035/5035 5036/5036/5036
f 1798/1798/1798 5036/5036/5036 1799/1799/1799
f 1808/1808/1808 5045/5045/5045 5060/5060/5060
f 1808/1808/1808 5060/5060/5060 1823/1823/1823
f 1810/1810/1810 5047/5047/5047 5046/5046/5046
f 1810/1810/1810 5046/5046/5046 1809/1809/1809
f 1797/1797/1797 5034/5034/5034 5035/5035/5035
f 1797/1797/1797 5035/5035/5035 1798/1798/1798
f 5067/5067/5067 5065/5065/5065 1935/1935/1935
f 5067/5067/5067 1935/1935/1935 1936/1936/1936
f 5062/5062/5062 5067/5067/5067 1936/1936/1936
f 5062/5062/5062 1936/1936/1936 1937/1937/1937
f 1946/1946/1946 5062/5062/5062 1937/1937/1937
f 1946/1946/1946 1937/1937/1937 1938/1938/1938
f 1947/1947/1947 1946/1946/1946 1938/1938/1938
f 1947/1947/1947 1938/1938/1938 1939/1939/1939
f 1948/1948/1948 1947/1947/1947 1939/1939/1939
f 1948/1948/1948 1939/1939/1939 1940/1940/1940
f 1949/1949/1949 1948/1948/1948 1940/1940/1940
f 1949/1949/1949 1940/1940/1940 1941/1941/1941
f 1950/1950/1950 1949/1949/1949 1941/1941/1941
f 1950/1950/1950 1941/1941/1941 1942/1942/1942
f 1952/1952/1952 1950/1950/1950 1942/1942/1942
f 1952/1952/1952 1942/1942/1942 1927/1927/1927
f 1953/1953/1953 1951/1951/1951 1926/1926/1926
f 1953/1953/1953 1926/1926/1926 1928/1928/1928
f 1954/1954/1954 1953/1953/1953 1928/1928/1928
f 1954/1954/1954 1928/1928/1928 1929/1929/1929
f 1955/1955/1955 1954/1954/1954 1929/1929/1929
f 1955/1955/1955 1929/1929/1929 1930/1930/1930
f 1956/1956/1956 1955/1955/1955 1930/1930/1930
f 1956/1956/1956 1930/1930/1930 1931/1931/1931
f 1957/1957/1957 1956/1956/1956 1931/1931/1931
f 1957/1957/1957 1931/1931/1931 1932/1932/1932
f 5064/5064/5064 1957/1957/1957 1932/1932/1932
f 5064/5064/5064 1932/1932/1932 1933/1933/1933
f 5066/5066/5066 5064/5064/5064 1933/1933/1933
f 5066/5066/5066 1933/1933/1933 1934/1934/1934
f 5065/5065/5065 5066/5066/5066 1934/1934/1934
f 5065/5065/5065 1934/1934/1934 1935/1935/1935
f 2017/2017/2017 2004/2004/2004 1983/1983/1983
f 2017/2017/2017 1983/1983/1983 2012/2012/2012
f 2011/2011/2011 1979/1979/1979 1977/1977/1977
f 2011/2011/2011 1977/1977/1977 2010/2010/2010
f 5063/5063/5063 1999/1999/1999 1957/1957/1957
f 5063/5063/5063 1957/1957/1957 5064/5064/5064
f 1999/1999/1999 1998/1998/1998 1956/1956/1956
f 1999/1999/1999 1956/1956/1956 1957/1957/1957
f 1998/1998/1998 1997/1997/1997 1955/1955/1955
f 1998/1998/1998 1955/1955/1955 1956/1956/1956
f 1997/1997/1997 1996/1996/1996 1954/1954/1954
f 1997/1997/1997 1954/1954/1954 1955/1955/1955
f 1996/1996/1996 1995/1995/1995 1953/1953/1953
f 1996/1996/1996 1953/1953/1953 1954/1954/1954
f 1995/1995/1995 1993/1993/1993 1951/1951/1951
f 1995/1995/1995 1951/1951/1951 1953/1953/1953
f 1994/1994/1994 1992/1992/1992 1950/1950/1950
f 1994/1994/1994 1950/1950/1950 1952/1952/1952
f 1992/1992/1992 1991/1991/1991 1949/1949/1949
f 1992/1992/1992 1949/1949/1949 1950/1950/1950
f 1991/1991/1991 1990/1990/1990 1948/1948/1948
f 1991/1991/1991 1948/1948/1948 1949/1949/1949
f 1990/1990/1990 1989/1989/1989 1947/1947/1947
f 1990/1990/1990 1947/1947/1947 1948/1948/1948
f 1989/1989/1989 1988/1988/1988 1946/1946/1946
f 1989/1989/1989 1946/1946/1946 1947/1947/1947
f 1988/1988/1988 5061/5061/5061 5062/5062/5062
f 1988/1988/1988 5062/5062/5062 1946/1946/1946
f 2009/2009/2009 1978/1978/1978 1980/1980/1980
f 2009/2009/2009 1980/1980/1980 2006/2006/2006
f 2007/2007/2007 1986/1986/1986 1984/1984/1984
f 2007/2007/2007 1984/1984/1984 2008/2008/2008
f 1919/1919/1919 1918/1918/1918 5069/5069/5069
f 1919/1919/1919 5069/5069/5069 5068/5068/5068
f 1920/1920/1920 1919/1919/1919 5068/5068/5068
f 1920/1920/1920 5068/5068/5068 5070/5070/5070
f 1921/1921/1921 1920/1920/1920 5070/5070/5070
f 1921/1921/1921 5070/5070/5070 1963/1963/1963
f 1922/1922/1922 1921/1921/1921 1963/1963/1963
f 1922/1922/1922 1963/1963/1963 1964/1964/1964
f 1923/1923/1923 1922/1922/1922 1964/1964/1964
f 1923/1923/1923 1964/1964/1964 1965/1965/1965
f 1924/1924/1924 1923/1923/1923 1965/1965/1965
f 1924/1924/1924 1965/1965/1965 1966/1966/1966
f 1925/1925/1925 1924/1924/1924 1966/1966/1966
f 1925/1925/1925 1966/1966/1966 1967/1967/1967
f 1911/1911/1911 1925/1925/1925 1967/1967/1967
f 1911/1911/1911 1967/1967/1967 1969/1969/1969
f 1909/1909/1909 1910/1910/1910 1968/1968/1968
f 1909/1909/1909 1968/1968/1968 1970/1970/1970
f 1912/1912/1912 1909/1909/1909 1970/1970/1970
f 1912/1912/1912 1970/1970/1970 1971/1971/1971
f 1913/1913/1913 1912/1912/1912 1971/1971/1971
f 1913/1913/1913 1971/1971/1971 1972/1972/1972
f 1914/1914/1914 1913/1913/1913 1972/1972/1972
f 1914/1914/1914 1972/1972/1972 1973/1973/1973
f 1915/1915/1915 1914/1914/1914 1973/1973/1973
f 1915/1915/1915 1973/1973/1973 1974/1974/1974
f 1916/1916/1916 1915/1915/1915 1974/1974/1974
f 1916/1916/1916 1974/1974/1974 5072/5072/5072
f 1917/1917/1917 1916/1916/1916 5072/5072/5072
f 1917/1917/1917 5072/5072/5072 5071/5071/5071
f 1918/1918/1918 1917/1917/1917 5071/5071/5071
f 1918/1918/1918 5071/5071/5071 5069/5069/5069
f 2002/2002/2002 2005/2005/2005 1986/1986/1986
f 2002/2002/2002 1986/1986/1986 1980/1980/1980
f 2005/2005/2005 2004/2004/2004 1984/1984/1984
f 2005/2005/2005 1984/1984/1984 1986/1986/1986
f 2003/2003/2003 2001/2001/2001 1978/1978/1978
f 2003/2003/2003 1978/1978/1978 1982/1982/1982
f 2001/2001/2001 2002/2002/2002 1980/1980/1980
f 2001/2001/2001 1980/1980/1980 1978/1978/1978
f 2012/2012/2012 1983/1983/1983 1985/1985/1985
f 2012/2012/2012 1985/1985/1985 2013/2013/2013
f 2010/2010/2010 1977/1977/1977 1981/1981/1981
f 2010/2010/2010 1981/1981/1981 2014/2014/2014
f 2013/2013/2013 1985/1985/1985 1979/1979/1979
f 2013/2013/2013 1979/1979/1979 2011/2011/2011
f 2016/2016/2016 2003/2003/2003 1982/1982/1982
f 2016/2016/2016 1982/1982/1982 2015/2015/2015
f 2006/2006/2006 1980/1980/1980 1986/1986/1986
f 2006/2006/2006 1986/1986/1986 2007/2007/2007
f 2015/2015/2015 1982/1982/1982 1978/1978/1978
f 2015/2015/2015 1978/1978/1978 2009/2009/2009
f 2014/2014/2014 1981/1981/1981 2003/2003/2003
f 2014/2014/2014 2003/2003/2003 2016/2016/2016
f 1977/1977/1977 1979/1979/1979 2002/2002/2002
f 1977/1977/1977 2002/2002/2002 2001/2001/2001
f 1981/1981/1981 1977/1977/1977 2001/2001/2001
f 1981/1981/1981 2001/2001/2001 2003/2003/2003
f 1985/1985/1985 1983/1983/1983 2004/2004/2004
f 1985/1985/1985 2004/2004/2004 2005/2005/2005
f 1979/1979/1979 1985/1985/1985 2005/2005/2005
f 1979/1979/1979 2005/2005/2005 2002/2002/2002
f 1963/1963/1963 5070/5070/5070 5061/5061/5061
f 1963/1963/1963 5061/5061/5061 1988/1988/1988
f 1964/1964/1964 1963/1963/1963 1988/1988/1988
f 1964/1964/1964 1988/1988/1988 1989/1989/1989
f 1965/1965/1965 1964/1964/1964 1989/1989/1989
f 1965/1965/1965 1989/1989/1989 1990/1990/1990
f 1966/1966/1966 1965/1965/1965 1990/1990/1990
f 1966/1966/1966 1990/1990/1990 1991/1991/1991
f 1967/1967/1967 1966/1966/1966 1991/1991/1991
f 1967/1967/1967 1991/1991/1991 1992/1992/1992
f 1969/1969/1969 1967/1967/1967 1992/1992/1992
f 1969/1969/1969 1992/1992/1992 1994/1994/1994
f 1970/1970/1970 1968/1968/1968 1993/1993/1993
f 1970/1970/1970 1993/1993/1993 1995/1995/1995
f 1971/1971/1971 1970/1970/1970 1995/1995/1995
f 1971/1971/1971 1995/1995/1995 1996/1996/1996
f 1972/1972/1972 1971/1971/1971 1996/1996/1996
f 1972/1972/1972 1996/1996/1996 1997/1997/1997
f 1973/1973/1973 1972/1972/1972 1997/1997/1997
f 1973/1973/1973 1997/1997/1997 1998/1998/1998
f 1974/1974/1974 1973/1973/1973 1998/1998/1998
f 1974/1974/1974 1998/1998/1998 1999/1999/1999
f 5072/5072/5072 1974/1974/1974 1999/1999/1999
f 5072/5072/5072 1999/1999/1999 5063/5063/5063
f 2008/2008/2008 1984/1984/1984 2004/2004/2004
f 2008/2008/2008 2004/2004/2004 2017/2017/2017
f 1962/1962/1962 2014/2014/2014 2016/2016/2016
f 1962/1962/1962 2016/2016/2016 1987/1987/1987
f 1945/1945/1945 2015/2015/2015 2009/2009/2009
f 1945/1945/1945 2009/2009/2009 1943/1943/1943
f 1944/1944/1944 2006/2006/2006 2007/2007/2007
f 1944/1944/1944 2007/2007/2007 1959/1959/1959
f 1987/1987/1987 2016/2016/2016 2015/2015/2015
f 1987/1987/1987 2015/2015/2015 1945/1945/1945
f 1976/1976/1976 2013/2013/2013 2011/2011/2011
f 1976/1976/1976 2011/2011/2011 1961/1961/1961
f 1960/1960/1960 2010/2010/2010 2014/2014/2014
f 1960/1960/1960 2014/2014/2014 1962/1962/1962
f 1975/1975/1975 2012/2012/2012 2013/2013/2013
f 1975/1975/1975 2013/2013/2013 1976/1976/1976
f 1959/1959/1959 2007/2007/2007 2008/2008/2008
f 1959/1959/1959 2008/2008/2008 1958/1958/1958
f 1943/1943/1943 2009/2009/2009 2006/2006/2006
f 1943/1943/1943 2006/2006/2006 1944/1944/1944
f 1961/1961/1961 2011/2011/2011 2010/2010/2010
f 1961/1961/1961 2010/2010/2010 1960/1960/1960
f 2000/2000/2000 2017/2017/2017 2012/2012/2012
f 2000/2000/2000 2012/2012/2012 1975/1975/1975
f 1958/1958/1958 2008/2008/2008 2017/2017/2017
f 1958/1958/1958 2017/2017/2017 2000/2000/2000
f 2021/2021/2021 2020/2020/2020 2037/2037/2037
f 2021/2021/2021 2037/2037/2037 2038/2038/2038
f 2034/2034/2034 2033/2033/2033 2050/2050/2050
f 2034/2034/2034 2050/2050/2050 2051/2051/2051
f 2020/2020/2020 2019/2019/2019 2036/2036/2036
f 2020/2020/2020 2036/2036/2036 2037/2037/2037
f 2033/2033/2033 2032/2032/2032 2049/2049/2049
f 2033/2033/2033 2049/2049/2049 2050/2050/2050
f 2032/2032/2032 2031/2031/2031 2048/2048/2048
f 2032/2032/2032 2048/2048/2048 2049/2049/2049
f 2031/2031/2031 2030/2030/2030 2047/2047/2047
f 2031/2031/2031 2047/2047/2047 2048/2048/2048
f 2030/2030/2030 2029/2029/2029 2046/2046/2046
f 2030/2030/2030 2046/2046/2046 2047/2047/2047
f 2029/2029/2029 2028/2028/2028 2045/2045/2045
f 2029/2029/2029 2045/2045/2045 2046/2046/2046
f 2090/2090/2090 2086/2086/2086 2056/2056/2056
f 2090/2090/2090 2056/2056/2056 2057/2057/2057
f 2091/2091/2091 2087/2087/2087 2064/2064/2064
f 2091/2091/2091 2064/2064/2064 2065/2065/2065
f 2092/2092/2092 2090/2090/2090 2057/2057/2057
f 2092/2092/2092 2057/2057/2057 2058/2058/2058
f 2093/2093/2093 2091/2091/2091 2065/2065/2065
f 2093/2093/2093 2065/2065/2065 2066/2066/2066
f 2094/2094/2094 2092/2092/2092 2058/2058/2058
f 2094/2094/2094 2058/2058/2058 2059/2059/2059
f 2095/2095/2095 2093/2093/2093 2066/2066/2066
f 2095/2095/2095 2066/2066/2066 2067/2067/2067
f 2096/2096/2096 2094/2094/2094 2059/2059/2059
f 2096/2096/2096 2059/2059/2059 2060/2060/2060
f 2097/2097/2097 2095/2095/2095 2067/2067/2067
f 2097/2097/2097 2067/2067/2067 2068/2068/2068
f 2098/2098/2098 2096/2096/2096 2060/2060/2060
f 2098/2098/2098 2060/2060/2060 2061/2061/2061
f 2099/2099/2099 2089/2089/2089 2053/2053/2053
f 2099/2099/2099 2053/2053/2053 2054/2054/2054
f 2088/2088/2088 2097/2097/2097 2068/2068/2068
f 2088/2088/2088 2068/2068/2068 2052/2052/2052
f 2100/2100/2100 2098/2098/2098 2061/2061/2061
f 2100/2100/2100 2061/2061/2061 2062/2062/2062
f 2101/2101/2101 2099/2099/2099 2054/2054/2054
f 2101/2101/2101 2054/2054/2054 2055/2055/2055
f 2102/2102/2102 2100/2100/2100 2062/2062/2062
f 2102/2102/2102 2062/2062/2062 2063/2063/2063
f 2086/2086/2086 2101/2101/2101 2055/2055/2055
f 2086/2086/2086 2055/2055/2055 2056/2056/2056
f 2087/2087/2087 2102/2102/2102 2063/2063/2063
f 2087/2087/2087 2063/2063/2063 2064/2064/2064
f 2018/2018/2018 2034/2034/2034 2051/2051/2051
f 2018/2018/2018 2051/2051/2051 2035/2035/2035
f 2022/2022/2022 2021/2021/2021 2038/2038/2038
f 2022/2022/2022 2038/2038/2038 2039/2039/2039
f 2023/2023/2023 2022/2022/2022 2039/2039/2039
f 2023/2023/2023 2039/2039/2039 2040/2040/2040
f 2024/2024/2024 2023/2023/2023 2040/2040/2040
f 2024/2024/2024 2040/2040/2040 2041/2041/2041
f 2025/2025/2025 2024/2024/2024 2041/2041/2041
f 2025/2025/2025 2041/2041/2041 2042/2042/2042
f 2026/2026/2026 2025/2025/2025 2042/2042/2042
f 2026/2026/2026 2042/2042/2042 2043/2043/2043
f 2027/2027/2027 2026/2026/2026 2043/2043/2043
f 2027/2027/2027 2043/2043/2043 2044/2044/2044
f 2028/2028/2028 2027/2027/2027 2044/2044/2044
f 2028/2028/2028 2044/2044/2044 2045/2045/2045
f 2047/2047/2047 2046/2046/2046 5073/5073/5073
f 2047/2047/2047 5073/5073/5073 5074/5074/5074
f 2039/2039/2039 2038/2038/2038 5075/5075/5075
f 2039/2039/2039 5075/5075/5075 5076/5076/5076
f 2046/2046/2046 2045/2045/2045 5077/5077/5077
f 2046/2046/2046 5077/5077/5077 5073/5073/5073
f 2038/2038/2038 2037/2037/2037 5078/5078/5078
f 2038/2038/2038 5078/5078/5078 5075/5075/5075
f 2045/2045/2045 2044/2044/2044 5079/5079/5079
f 2045/2045/2045 5079/5079/5079 5077/5077/5077
f 2035/2035/2035 2051/2051/2051 5080/5080/5080
f 2035/2035/2035 5080/5080/5080 5081/5081/5081
f 2037/2037/2037 2036/2036/2036 5082/5082/5082
f 2037/2037/2037 5082/5082/5082 5078/5078/5078
f 2044/2044/2044 2043/2043/2043 5083/5083/5083
f 2044/2044/2044 5083/5083/5083 5079/5079/5079
f 2051/2051/2051 2050/2050/2050 5084/5084/5084
f 2051/2051/2051 5084/5084/5084 5080/5080/5080
f 2043/2043/2043 2042/2042/2042 5085/5085/5085
f 2043/2043/2043 5085/5085/5085 5083/5083/5083
f 2050/2050/2050 2049/2049/2049 5086/5086/5086
f 2050/2050/2050 5086/5086/5086 5084/5084/5084
f 2042/2042/2042 2041/2041/2041 5087/5087/5087
f 2042/2042/2042 5087/5087/5087 5085/5085/5085
f 2049/2049/2049 2048/2048/2048 5088/5088/5088
f 2049/2049/2049 5088/5088/5088 5086/5086/5086
f 2041/2041/2041 2040/2040/2040 5089/5089/5089
f 2041/2041/2041 5089/5089/5089 5087/5087/5087
f 2048/2048/2048 2047/2047/2047 5074/5074/5074
f 2048/2048/2048 5074/5074/5074 5088/5088/5088
f 2040/2040/2040 2039/2039/2039 5076/5076/5076
f 2040/2040/2040 5076/5076/5076 5089/5089/5089
f 2072/2072/2072 2085/2085/2085 2102/2102/2102
f 2072/2072/2072 2102/2102/2102 2087/2087/2087
f 2070/2070/2070 2084/2084/2084 2101/2101/2101
f 2070/2070/2070 2101/2101/2101 2086/2086/2086
f 2085/2085/2085 2083/2083/2083 2100/2100/2100
f 2085/2085/2085 2100/2100/2100 2102/2102/2102
f 2084/2084/2084 2080/2080/2080 2099/2099/2099
f 2084/2084/2084 2099/2099/2099 2101/2101/2101
f 2083/2083/2083 2079/2079/2079 2098/2098/2098
f 2083/2083/2083 2098/2098/2098 2100/2100/2100
f 2081/2081/2081 2078/2078/2078 2097/2097/2097
f 2081/2081/2081 2097/2097/2097 2088/2088/2088
f 2080/2080/2080 2082/2082/2082 2089/2089/2089
f 2080/2080/2080 2089/2089/2089 2099/2099/2099
f 2079/2079/2079 2077/2077/2077 2096/2096/2096
f 2079/2079/2079 2096/2096/2096 2098/2098/2098
f 2078/2078/2078 2076/2076/2076 2095/2095/2095
f 2078/2078/2078 2095/2095/2095 2097/2097/2097
f 2077/2077/2077 2075/2075/2075 2094/2094/2094
f 2077/2077/2077 2094/2094/2094 2096/2096/2096
f 2076/2076/2076 2074/2074/2074 2093/2093/2093
f 2076/2076/2076 2093/2093/2093 2095/2095/2095
f 2075/2075/2075 2073/2073/2073 2092/2092/2092
f 2075/2075/2075 2092/2092/2092 2094/2094/2094
f 2074/2074/2074 2071/2071/2071 2091/2091/2091
f 2074/2074/2074 2091/2091/2091 2093/2093/2093
f 2073/2073/2073 2069/2069/2069 2090/2090/2090
f 2073/2073/2073 2090/2090/2090 2092/2092/2092
f 2071/2071/2071 2072/2072/2072 2087/2087/2087
f 2071/2071/2071 2087/2087/2087 2091/2091/2091
f 2069/2069/2069 2070/2070/2070 2086/2086/2086
f 2069/2069/2069 2086/2086/2086 2090/2090/2090
f 2126/2126/2126 2149/2149/2149 2148/2148/2148
f 2126/2126/2126 2148/2148/2148 2124/2124/2124
f 2112/2112/2112 2141/2141/2141 2140/2140/2140
f 2112/2112/2112 2140/2140/2140 2109/2109/2109
f 2128/2128/2128 2150/2150/2150 2149/2149/2149
f 2128/2128/2128 2149/2149/2149 2126/2126/2126
f 2114/2114/2114 2142/2142/2142 2141/2141/2141
f 2114/2114/2114 2141/2141/2141 2112/2112/2112
f 2130/2130/2130 2151/2151/2151 2150/2150/2150
f 2130/2130/2130 2150/2150/2150 2128/2128/2128
f 2116/2116/2116 2143/2143/2143 2142/2142/2142
f 2116/2116/2116 2142/2142/2142 2114/2114/2114
f 2132/2132/2132 2152/2152/2152 2151/2151/2151
f 2132/2132/2132 2151/2151/2151 2130/2130/2130
f 2119/2119/2119 2144/2144/2144 2143/2143/2143
f 2119/2119/2119 2143/2143/2143 2116/2116/2116
f 2103/2103/2103 2137/2137/2137 2153/2153/2153
f 2103/2103/2103 2153/2153/2153 2134/2134/2134
f 2135/2135/2135 2154/2154/2154 2152/2152/2152
f 2135/2135/2135 2152/2152/2152 2132/2132/2132
f 2121/2121/2121 2146/2146/2146 2145/2145/2145
f 2121/2121/2121 2145/2145/2145 2118/2118/2118
f 2105/2105/2105 2138/2138/2138 2137/2137/2137
f 2105/2105/2105 2137/2137/2137 2103/2103/2103
f 2122/2122/2122 2147/2147/2147 2146/2146/2146
f 2122/2122/2122 2146/2146/2146 2121/2121/2121
f 2107/2107/2107 2139/2139/2139 2138/2138/2138
f 2107/2107/2107 2138/2138/2138 2105/2105/2105
f 2124/2124/2124 2148/2148/2148 2147/2147/2147
f 2124/2124/2124 2147/2147/2147 2122/2122/2122
f 2109/2109/2109 2140/2140/2140 2139/2139/2139
f 2109/2109/2109 2139/2139/2139 2107/2107/2107
f 2217/2217/2217 2164/2164/2164 2163/2163/2163
f 2217/2217/2217 2163/2163/2163 2222/2222/2222
f 2223/2223/2223 5095/5095/5095 5094/5094/5094
f 2223/2223/2223 5094/5094/5094 2228/2228/2228
f 2229/2229/2229 5096/5096/5096 2164/2164/2164
f 2229/2229/2229 2164/2164/2164 2217/2217/2217
f 2232/2232/2232 2159/2159/2159 5095/5095/5095
f 2232/2232/2232 5095/5095/5095 2223/2223/2223
f 2235/2235/2235 5097/5097/5097 5096/5096/5096
f 2235/2235/2235 5096/5096/5096 2229/2229/2229
f 2238/2238/2238 2160/2160/2160 2159/2159/2159
f 2238/2238/2238 2159/2159/2159 2232/2232/2232
f 2241/2241/2241 5098/5098/5098 5097/5097/5097
f 2241/2241/2241 5097/5097/5097 2235/2235/2235
f 2244/2244/2244 2161/2161/2161 2160/2160/2160
f 2244/2244/2244 2160/2160/2160 2238/2238/2238
f 2247/2247/2247 5099/5099/5099 5098/5098/5098
f 2247/2247/2247 5098/5098/5098 2241/2241/2241
f 2250/2250/2250 5092/5092/5092 5090/5090/5090
f 2250/2250/2250 5090/5090/5090 2257/2257/2257
f 2258/2258/2258 5091/5091/5091 5099/5099/5099
f 2258/2258/2258 5099/5099/5099 2247/2247/2247
f 2262/2262/2262 5093/5093/5093 5092/5092/5092
f 2262/2262/2262 5092/5092/5092 2250/2250/2250
f 2222/2222/2222 2163/2163/2163 2162/2162/2162
f 2222/2222/2222 2162/2162/2162 2259/2259/2259
f 2228/2228/2228 5094/5094/5094 5093/5093/5093
f 2228/2228/2228 5093/5093/5093 2262/2262/2262
f 2162/2162/2162 2177/2177/2177 2175/2175/2175
f 2162/2162/2162 2175/2175/2175 2145/2145/2145
f 2161/2161/2161 2174/2174/2174 2173/2173/2173
f 2161/2161/2161 2173/2173/2173 2160/2160/2160
f 2159/2159/2159 2172/2172/2172 5100/5100/5100
f 2159/2159/2159 5100/5100/5100 5095/5095/5095
f 5096/5096/5096 5101/5101/5101 2179/2179/2179
f 5096/5096/5096 2179/2179/2179 2164/2164/2164
f 2163/2163/2163 2178/2178/2178 2177/2177/2177
f 2163/2163/2163 2177/2177/2177 2162/2162/2162
f 2144/2144/2144 2176/2176/2176 2174/2174/2174
f 2144/2144/2144 2174/2174/2174 2161/2161/2161
f 2160/2160/2160 2173/2173/2173 2172/2172/2172
f 2160/2160/2160 2172/2172/2172 2159/2159/2159
f 2164/2164/2164 2179/2179/2179 2178/2178/2178
f 2164/2164/2164 2178/2178/2178 2163/2163/2163
f 5101/5101/5101 5102/5102/5102 2189/2189/2189
f 5101/5101/5101 2189/2189/2189 2179/2179/2179
f 2178/2178/2178 2188/2188/2188 2187/2187/2187
f 2178/2178/2178 2187/2187/2187 2177/2177/2177
f 2176/2176/2176 2186/2186/2186 2184/2184/2184
f 2176/2176/2176 2184/2184/2184 2174/2174/2174
f 2173/2173/2173 2183/2183/2183 2182/2182/2182
f 2173/2173/2173 2182/2182/2182 2172/2172/2172
f 2179/2179/2179 2189/2189/2189 2188/2188/2188
f 2179/2179/2179 2188/2188/2188 2178/2178/2178
f 2177/2177/2177 2187/2187/2187 2185/2185/2185
f 2177/2177/2177 2185/2185/2185 2175/2175/2175
f 2174/2174/2174 2184/2184/2184 2183/2183/2183
f 2174/2174/2174 2183/2183/2183 2173/2173/2173
f 2172/2172/2172 2182/2182/2182 5103/5103/5103
f 2172/2172/2172 5103/5103/5103 5100/5100/5100
f 2186/2186/2186 2196/2196/2196 2194/2194/2194
f 2186/2186/2186 2194/2194/2194 2184/2184/2184
f 2183/2183/2183 2193/2193/2193 2192/2192/2192
f 2183/2183/2183 2192/2192/2192 2182/2182/2182
f 2189/2189/2189 2199/2199/2199 2198/2198/2198
f 2189/2189/2189 2198/2198/2198 2188/2188/2188
f 2187/2187/2187 2197/2197/2197 2195/2195/2195
f 2187/2187/2187 2195/2195/2195 2185/2185/2185
f 2184/2184/2184 2194/2194/2194 2193/2193/2193
f 2184/2184/2184 2193/2193/2193 2183/2183/2183
f 2182/2182/2182 2192/2192/2192 5104/5104/5104
f 2182/2182/2182 5104/5104/5104 5103/5103/5103
f 5102/5102/5102 5113/5113/5113 2199/2199/2199
f 5102/5102/5102 2199/2199/2199 2189/2189/2189
f 2188/2188/2188 2198/2198/2198 2197/2197/2197
f 2188/2188/2188 2197/2197/2197 2187/2187/2187
f 2199/2199/2199 2207/2207/2207 2206/2206/2206
f 2199/2199/2199 2206/2206/2206 2198/2198/2198
f 2197/2197/2197 2205/2205/2205 2204/2204/2204
f 2197/2197/2197 2204/2204/2204 2195/2195/2195
f 2194/2194/2194 2202/2202/2202 2201/2201/2201
f 2194/2194/2194 2201/2201/2201 2193/2193/2193
f 2198/2198/2198 2206/2206/2206 2205/2205/2205
f 2198/2198/2198 2205/2205/2205 2197/2197/2197
f 2196/2196/2196 2203/2203/2203 2202/2202/2202
f 2196/2196/2196 2202/2202/2202 2194/2194/2194
f 2193/2193/2193 2201/2201/2201 2200/2200/2200
f 2193/2193/2193 2200/2200/2200 2192/2192/2192
f 2202/2202/2202 5107/5107/5107 5106/5106/5106
f 2202/2202/2202 5106/5106/5106 2201/2201/2201
f 2206/2206/2206 5111/5111/5111 5110/5110/5110
f 2206/2206/2206 5110/5110/5110 2205/2205/2205
f 2203/2203/2203 5108/5108/5108 5107/5107/5107
f 2203/2203/2203 5107/5107/5107 2202/2202/2202
f 2201/2201/2201 5106/5106/5106 5105/5105/5105
f 2201/2201/2201 5105/5105/5105 2200/2200/2200
f 2207/2207/2207 5112/5112/5112 5111/5111/5111
f 2207/2207/2207 5111/5111/5111 2206/2206/2206
f 2205/2205/2205 5110/5110/5110 5109/5109/5109
f 2205/2205/2205 5109/5109/5109 2204/2204/2204
f 2139/2139/2139 2226/2226/2226 2264/2264/2264
f 2139/2139/2139 2264/2264/2264 2138/2138/2138
f 2226/2226/2226 2227/2227/2227 2263/2263/2263
f 2226/2226/2226 2263/2263/2263 2264/2264/2264
f 2227/2227/2227 2228/2228/2228 2262/2262/2262
f 2227/2227/2227 2262/2262/2262 2263/2263/2263
f 2147/2147/2147 2220/2220/2220 2261/2261/2261
f 2147/2147/2147 2261/2261/2261 2146/2146/2146
f 2220/2220/2220 2221/2221/2221 2260/2260/2260
f 2220/2220/2220 2260/2260/2260 2261/2261/2261
f 2221/2221/2221 2222/2222/2222 2259/2259/2259
f 2221/2221/2221 2259/2259/2259 2260/2260/2260
f 2138/2138/2138 2264/2264/2264 2252/2252/2252
f 2138/2138/2138 2252/2252/2252 2137/2137/2137
f 2264/2264/2264 2263/2263/2263 2251/2251/2251
f 2264/2264/2264 2251/2251/2251 2252/2252/2252
f 2263/2263/2263 2262/2262/2262 2250/2250/2250
f 2263/2263/2263 2250/2250/2250 2251/2251/2251
f 2154/2154/2154 2254/2254/2254 2249/2249/2249
f 2154/2154/2154 2249/2249/2249 2152/2152/2152
f 2254/2254/2254 2256/2256/2256 2248/2248/2248
f 2254/2254/2254 2248/2248/2248 2249/2249/2249
f 2256/2256/2256 2258/2258/2258 2247/2247/2247
f 2256/2256/2256 2247/2247/2247 2248/2248/2248
f 2137/2137/2137 2252/2252/2252 2253/2253/2253
f 2137/2137/2137 2253/2253/2253 2153/2153/2153
f 2252/2252/2252 2251/2251/2251 2255/2255/2255
f 2252/2252/2252 2255/2255/2255 2253/2253/2253
f 2251/2251/2251 2250/2250/2250 2257/2257/2257
f 2251/2251/2251 2257/2257/2257 2255/2255/2255
f 2152/2152/2152 2249/2249/2249 2243/2243/2243
f 2152/2152/2152 2243/2243/2243 2151/2151/2151
f 2249/2249/2249 2248/2248/2248 2242/2242/2242
f 2249/2249/2249 2242/2242/2242 2243/2243/2243
f 2248/2248/2248 2247/2247/2247 2241/2241/2241
f 2248/2248/2248 2241/2241/2241 2242/2242/2242
f 2143/2143/2143 2246/2246/2246 2240/2240/2240
f 2143/2143/2143 2240/2240/2240 2142/2142/2142
f 2246/2246/2246 2245/2245/2245 2239/2239/2239
f 2246/2246/2246 2239/2239/2239 2240/2240/2240
f 2245/2245/2245 2244/2244/2244 2238/2238/2238
f 2245/2245/2245 2238/2238/2238 2239/2239/2239
f 2151/2151/2151 2243/2243/2243 2237/2237/2237
f 2151/2151/2151 2237/2237/2237 2150/2150/2150
f 2243/2243/2243 2242/2242/2242 2236/2236/2236
f 2243/2243/2243 2236/2236/2236 2237/2237/2237
f 2242/2242/2242 2241/2241/2241 2235/2235/2235
f 2242/2242/2242 2235/2235/2235 2236/2236/2236
f 2142/2142/2142 2240/2240/2240 2234/2234/2234
f 2142/2142/2142 2234/2234/2234 2141/2141/2141
f 2240/2240/2240 2239/2239/2239 2233/2233/2233
f 2240/2240/2240 2233/2233/2233 2234/2234/2234
f 2239/2239/2239 2238/2238/2238 2232/2232/2232
f 2239/2239/2239 2232/2232/2232 2233/2233/2233
f 2150/2150/2150 2237/2237/2237 2231/2231/2231
f 2150/2150/2150 2231/2231/2231 2149/2149/2149
f 2237/2237/2237 2236/2236/2236 2230/2230/2230
f 2237/2237/2237 2230/2230/2230 2231/2231/2231
f 2236/2236/2236 2235/2235/2235 2229/2229/2229
f 2236/2236/2236 2229/2229/2229 2230/2230/2230
f 2141/2141/2141 2234/2234/2234 2225/2225/2225
f 2141/2141/2141 2225/2225/2225 2140/2140/2140
f 2234/2234/2234 2233/2233/2233 2224/2224/2224
f 2234/2234/2234 2224/2224/2224 2225/2225/2225
f 2233/2233/2233 2232/2232/2232 2223/2223/2223
f 2233/2233/2233 2223/2223/2223 2224/2224/2224
f 2149/2149/2149 2231/2231/2231 2219/2219/2219
f 2149/2149/2149 2219/2219/2219 2148/2148/2148
f 2231/2231/2231 2230/2230/2230 2218/2218/2218
f 2231/2231/2231 2218/2218/2218 2219/2219/2219
f 2230/2230/2230 2229/2229/2229 2217/2217/2217
f 2230/2230/2230 2217/2217/2217 2218/2218/2218
f 2140/2140/2140 2225/2225/2225 2226/2226/2226
f 2140/2140/2140 2226/2226/2226 2139/2139/2139
f 2225/2225/2225 2224/2224/2224 2227/2227/2227
f 2225/2225/2225 2227/2227/2227 2226/2226/2226
f 2224/2224/2224 2223/2223/2223 2228/2228/2228
f 2224/2224/2224 2228/2228/2228 2227/2227/2227
f 2148/2148/2148 2219/2219/2219 2220/2220/2220
f 2148/2148/2148 2220/2220/2220 2147/2147/2147
f 2219/2219/2219 2218/2218/2218 2221/2221/2221
f 2219/2219/2219 2221/2221/2221 2220/2220/2220
f 2218/2218/2218 2217/2217/2217 2222/2222/2222
f 2218/2218/2218 2222/2222/2222 2221/2221/2221
f 2166/2166/2166 5121/5121/5121 5120/5120/5120
f 2166/2166/2166 5120/5120/5120 2165/2165/2165
f 2216/2216/2216 5137/5137/5137 5136/5136/5136
f 2216/2216/2216 5136/5136/5136 2215/2215/2215
f 2158/2158/2158 5119/5119/5119 5118/5118/5118
f 2158/2158/2158 5118/5118/5118 2157/2157/2157
f 2215/2215/2215 5136/5136/5136 5135/5135/5135
f 2215/2215/2215 5135/5135/5135 2214/2214/2214
f 2165/2165/2165 5120/5120/5120 5125/5125/5125
f 2165/2165/2165 5125/5125/5125 2180/2180/2180
f 2157/2157/2157 5118/5118/5118 5117/5117/5117
f 2157/2157/2157 5117/5117/5117 2156/2156/2156
f 2214/2214/2214 5135/5135/5135 5134/5134/5134
f 2214/2214/2214 5134/5134/5134 2213/2213/2213
f 2156/2156/2156 5117/5117/5117 5116/5116/5116
f 2156/2156/2156 5116/5116/5116 2155/2155/2155
f 2208/2208/2208 5129/5129/5129 5128/5128/5128
f 2208/2208/2208 5128/5128/5128 2191/2191/2191
f 2213/2213/2213 5134/5134/5134 5133/5133/5133
f 2213/2213/2213 5133/5133/5133 2212/2212/2212
f 2169/2169/2169 5114/5114/5114 5123/5123/5123
f 2169/2169/2169 5123/5123/5123 2168/2168/2168
f 2155/2155/2155 5116/5116/5116 5115/5115/5115
f 2155/2155/2155 5115/5115/5115 2170/2170/2170
f 2211/2211/2211 5132/5132/5132 5131/5131/5131
f 2211/2211/2211 5131/5131/5131 2210/2210/2210
f 2171/2171/2171 5124/5124/5124 5119/5119/5119
f 2171/2171/2171 5119/5119/5119 2158/2158/2158
f 2168/2168/2168 5123/5123/5123 5122/5122/5122
f 2168/2168/2168 5122/5122/5122 2167/2167/2167
f 2180/2180/2180 5125/5125/5125 5126/5126/5126
f 2180/2180/2180 5126/5126/5126 2190/2190/2190
f 2210/2210/2210 5131/5131/5131 5130/5130/5130
f 2210/2210/2210 5130/5130/5130 2209/2209/2209
f 2191/2191/2191 5128/5128/5128 5127/5127/5127
f 2191/2191/2191 5127/5127/5127 2181/2181/2181
f 2181/2181/2181 5127/5127/5127 5124/5124/5124
f 2181/2181/2181 5124/5124/5124 2171/2171/2171
f 2167/2167/2167 5122/5122/5122 5121/5121/5121
f 2167/2167/2167 5121/5121/5121 2166/2166/2166
f 2190/2190/2190 5126/5126/5126 5137/5137/5137
f 2190/2190/2190 5137/5137/5137 2216/2216/2216
f 2209/2209/2209 5130/5130/5130 5129/5129/5129
f 2209/2209/2209 5129/5129/5129 2208/2208/2208
f 2129/2129/2129 2277/2277/2277 2278/2278/2278
f 2129/2129/2129 2278/2278/2278 2131/2131/2131
f 2113/2113/2113 2270/2270/2270 2271/2271/2271
f 2113/2113/2113 2271/2271/2271 2115/2115/2115
f 2131/2131/2131 2278/2278/2278 2279/2279/2279
f 2131/2131/2131 2279/2279/2279 2133/2133/2133
f 2115/2115/2115 2271/2271/2271 2272/2272/2272
f 2115/2115/2115 2272/2272/2272 2117/2117/2117
f 2136/2136/2136 2280/2280/2280 2265/2265/2265
f 2136/2136/2136 2265/2265/2265 2104/2104/2104
f 2133/2133/2133 2279/2279/2279 2280/2280/2280
f 2133/2133/2133 2280/2280/2280 2136/2136/2136
f 2117/2117/2117 2272/2272/2272 2273/2273/2273
f 2117/2117/2117 2273/2273/2273 2120/2120/2120
f 2104/2104/2104 2265/2265/2265 2266/2266/2266
f 2104/2104/2104 2266/2266/2266 2106/2106/2106
f 2120/2120/2120 2273/2273/2273 2274/2274/2274
f 2120/2120/2120 2274/2274/2274 2123/2123/2123
f 2106/2106/2106 2266/2266/2266 2267/2267/2267
f 2106/2106/2106 2267/2267/2267 2108/2108/2108
f 2123/2123/2123 2274/2274/2274 2275/2275/2275
f 2123/2123/2123 2275/2275/2275 2125/2125/2125
f 2108/2108/2108 2267/2267/2267 2268/2268/2268
f 2108/2108/2108 2268/2268/2268 2110/2110/2110
f 2125/2125/2125 2275/2275/2275 2276/2276/2276
f 2125/2125/2125 2276/2276/2276 2127/2127/2127
f 2110/2110/2110 2268/2268/2268 2269/2269/2269
f 2110/2110/2110 2269/2269/2269 2111/2111/2111
f 2127/2127/2127 2276/2276/2276 2277/2277/2277
f 2127/2127/2127 2277/2277/2277 2129/2129/2129
f 2111/2111/2111 2269/2269/2269 2270/2270/2270
f 2111/2111/2111 2270/2270/2270 2113/2113/2113
f 2301/2301/2301 5157/5157/5157 5155/5155/5155
f 2301/2301/2301 5155/5155/5155 2299/2299/2299
f 2284/2284/2284 5140/5140/5140 5138/5138/5138
f 2284/2284/2284 5138/5138/5138 2282/2282/2282
f 2283/2283/2283 5139/5139/5139 5147/5147/5147
f 2283/2283/2283 5147/5147/5147 2291/2291/2291
f 2302/2302/2302 5158/5158/5158 5156/5156/5156
f 2302/2302/2302 5156/5156/5156 2300/2300/2300
f 2297/2297/2297 5153/5153/5153 5152/5152/5152
f 2297/2297/2297 5152/5152/5152 2296/2296/2296
f 2285/2285/2285 5141/5141/5141 5140/5140/5140
f 2285/2285/2285 5140/5140/5140 2284/2284/2284
f 2303/2303/2303 5159/5159/5159 5158/5158/5158
f 2303/2303/2303 5158/5158/5158 2302/2302/2302
f 2286/2286/2286 5142/5142/5142 5141/5141/5141
f 2286/2286/2286 5141/5141/5141 2285/2285/2285
f 2288/2288/2288 5144/5144/5144 5149/5149/5149
f 2288/2288/2288 5149/5149/5149 2293/2293/2293
f 2304/2304/2304 5160/5160/5160 5159/5159/5159
f 2304/2304/2304 5159/5159/5159 2303/2303/2303
f 2287/2287/2287 5143/5143/5143 5142/5142/5142
f 2287/2287/2287 5142/5142/5142 2286/2286/2286
f 2305/2305/2305 5161/5161/5161 5160/5160/5160
f 2305/2305/2305 5160/5160/5160 2304/2304/2304
f 2289/2289/2289 5145/5145/5145 5144/5144/5144
f 2289/2289/2289 5144/5144/5144 2288/2288/2288
f 2298/2298/2298 5154/5154/5154 5153/5153/5153
f 2298/2298/2298 5153/5153/5153 2297/2297/2297
f 2294/2294/2294 5150/5150/5150 5161/5161/5161
f 2294/2294/2294 5161/5161/5161 2305/2305/2305
f 2290/2290/2290 5146/5146/5146 5145/5145/5145
f 2290/2290/2290 5145/5145/5145 2289/2289/2289
f 2295/2295/2295 5151/5151/5151 5148/5148/5148
f 2295/2295/2295 5148/5148/5148 2292/2292/2292
f 2296/2296/2296 5152/5152/5152 5151/5151/5151
f 2296/2296/2296 5151/5151/5151 2295/2295/2295
f 2299/2299/2299 5155/5155/5155 5154/5154/5154
f 2299/2299/2299 5154/5154/5154 2298/2298/2298
f 2293/2293/2293 5149/5149/5149 5150/5150/5150
f 2293/2293/2293 5150/5150/5150 2294/2294/2294
f 2291/2291/2291 5147/5147/5147 5146/5146/5146
f 2291/2291/2291 5146/5146/5146 2290/2290/2290
f 2292/2292/2292 5148/5148/5148 5143/5143/5143
f 2292/2292/2292 5143/5143/5143 2287/2287/2287
f 2321/2321/2321 2322/2322/2322 2324/2324/2324
f 2321/2321/2321 2324/2324/2324 2325/2325/2325
f 2320/2320/2320 2321/2321/2321 2325/2325/2325
f 2320/2320/2320 2325/2325/2325 2326/2326/2326
f 2326/2326/2326 2327/2327/2327 2319/2319/2319
f 2326/2326/2326 2319/2319/2319 2320/2320/2320
f 2318/2318/2318 2319/2319/2319 2327/2327/2327
f 2318/2318/2318 2327/2327/2327 2317/2317/2317
f 2317/2317/2317 2316/2316/2316 2315/2315/2315
f 2317/2317/2317 2315/2315/2315 2318/2318/2318
f 2310/2310/2310 2315/2315/2315 2316/2316/2316
f 2310/2310/2310 2316/2316/2316 2311/2311/2311
f 2309/2309/2309 2310/2310/2310 2311/2311/2311
f 2309/2309/2309 2311/2311/2311 2312/2312/2312
f 2308/2308/2308 2309/2309/2309 2312/2312/2312
f 2308/2308/2308 2312/2312/2312 2313/2313/2313
f 2307/2307/2307 2308/2308/2308 2313/2313/2313
f 2307/2307/2307 2313/2313/2313 2314/2314/2314
f 992/992/992 989/989/989 995/995/995
f 992/992/992 995/995/995 998/998/998
f 727/727/727 709/709/709 749/749/749
f 727/727/727 749/749/749 761/761/761
f 624/624/624 628/628/628 668/668/668
f 624/624/624 668/668/668 680/680/680
f 2328/2328/2328 2377/2377/2377 2379/2379/2379
f 2328/2328/2328 2379/2379/2379 2329/2329/2329
f 2328/2328/2328 2329/2329/2329 2331/2331/2331
f 2328/2328/2328 2331/2331/2331 2330/2330/2330
f 2330/2330/2330 2331/2331/2331 2335/2335/2335
f 2330/2330/2330 2335/2335/2335 2334/2334/2334
f 2605/2605/2605 5193/5193/5193 5172/5172/5172
f 2605/2605/2605 5172/5172/5172 2332/2332/2332
f 2334/2334/2334 2342/2342/2342 2341/2341/2341
f 2334/2334/2334 2341/2341/2341 2333/2333/2333
f 2335/2335/2335 2344/2344/2344 2342/2342/2342
f 2335/2335/2335 2342/2342/2342 2334/2334/2334
f 2466/2466/2466 2464/2464/2464 2463/2463/2463
f 2466/2466/2466 2463/2463/2463 2476/2476/2476
f 2361/2361/2361 2364/2364/2364 2363/2363/2363
f 2361/2361/2361 2363/2363/2363 2360/2360/2360
f 2363/2363/2363 2366/2366/2366 2365/2365/2365
f 2363/2363/2363 2365/2365/2365 2362/2362/2362
f 2364/2364/2364 2367/2367/2367 2366/2366/2366
f 2364/2364/2364 2366/2366/2366 2363/2363/2363
f 2366/2366/2366 2369/2369/2369 2368/2368/2368
f 2366/2366/2366 2368/2368/2368 2365/2365/2365
f 2367/2367/2367 2370/2370/2370 2369/2369/2369
f 2367/2367/2367 2369/2369/2369 2366/2366/2366
f 2581/2581/2581 2374/2374/2374 2372/2372/2372
f 2581/2581/2581 2372/2372/2372 2582/2582/2582
f 2583/2583/2583 2376/2376/2376 2374/2374/2374
f 2583/2583/2583 2374/2374/2374 2581/2581/2581
f 2349/2349/2349 2347/2347/2347 2386/2386/2386
f 2349/2349/2349 2386/2386/2386 2387/2387/2387
f 2358/2358/2358 2391/2391/2391 2392/2392/2392
f 2358/2358/2358 2392/2392/2392 2382/2382/2382
f 2356/2356/2356 2390/2390/2390 2391/2391/2391
f 2356/2356/2356 2391/2391/2391 2358/2358/2358
f 2353/2353/2353 2389/2389/2389 2390/2390/2390
f 2353/2353/2353 2390/2390/2390 2356/2356/2356
f 2349/2349/2349 2387/2387/2387 2388/2388/2388
f 2349/2349/2349 2388/2388/2388 2351/2351/2351
f 2345/2345/2345 2385/2385/2385 2386/2386/2386
f 2345/2345/2345 2386/2386/2386 2347/2347/2347
f 2391/2391/2391 2401/2401/2401 2402/2402/2402
f 2391/2391/2391 2402/2402/2402 2392/2392/2392
f 2389/2389/2389 2399/2399/2399 2400/2400/2400
f 2389/2389/2389 2400/2400/2400 2390/2390/2390
f 2387/2387/2387 2397/2397/2397 2398/2398/2398
f 2387/2387/2387 2398/2398/2398 2388/2388/2388
f 2385/2385/2385 2395/2395/2395 2396/2396/2396
f 2385/2385/2385 2396/2396/2396 2386/2386/2386
f 2390/2390/2390 2400/2400/2400 2401/2401/2401
f 2390/2390/2390 2401/2401/2401 2391/2391/2391
f 2387/2387/2387 2386/2386/2386 2396/2396/2396
f 2387/2387/2387 2396/2396/2396 2397/2397/2397
f 2345/2345/2345 2338/2338/2338 2384/2384/2384
f 2345/2345/2345 2384/2384/2384 2385/2385/2385
f 2395/2395/2395 2405/2405/2405 2406/2406/2406
f 2395/2395/2395 2406/2406/2406 2396/2396/2396
f 2400/2400/2400 2410/2410/2410 2411/2411/2411
f 2400/2400/2400 2411/2411/2411 2401/2401/2401
f 2397/2397/2397 2396/2396/2396 2406/2406/2406
f 2397/2397/2397 2406/2406/2406 2407/2407/2407
f 2385/2385/2385 2384/2384/2384 2394/2394/2394
f 2385/2385/2385 2394/2394/2394 2395/2395/2395
f 2401/2401/2401 2411/2411/2411 2412/2412/2412
f 2401/2401/2401 2412/2412/2412 2402/2402/2402
f 2399/2399/2399 2409/2409/2409 2410/2410/2410
f 2399/2399/2399 2410/2410/2410 2400/2400/2400
f 2397/2397/2397 2407/2407/2407 2408/2408/2408
f 2397/2397/2397 2408/2408/2408 2398/2398/2398
f 2420/2420/2420 2422/2422/2422 2421/2421/2421
f 2420/2420/2420 2421/2421/2421 2419/2419/2419
f 2414/2414/2414 2420/2420/2420 2419/2419/2419
f 2414/2414/2414 2419/2419/2419 2413/2413/2413
f 2417/2417/2417 2414/2414/2414 2413/2413/2413
f 2417/2417/2417 2413/2413/2413 2418/2418/2418
f 2411/2411/2411 2415/2415/2415 2416/2416/2416
f 2411/2411/2411 2416/2416/2416 2412/2412/2412
f 2422/2422/2422 2424/2424/2424 2423/2423/2423
f 2422/2422/2422 2423/2423/2423 2421/2421/2421
f 2423/2423/2423 2424/2424/2424 2428/2428/2428
f 2423/2423/2423 2428/2428/2428 2517/2517/2517
f 2424/2424/2424 2434/2434/2434 2436/2436/2436
f 2424/2424/2424 2436/2436/2436 2428/2428/2428
f 2414/2414/2414 2429/2429/2429 2432/2432/2432
f 2414/2414/2414 2432/2432/2432 2420/2420/2420
f 2673/2673/2673 2674/2674/2674 2417/2417/2417
f 2673/2673/2673 2417/2417/2417 2418/2418/2418
f 2420/2420/2420 2432/2432/2432 2433/2433/2433
f 2420/2420/2420 2433/2433/2433 2422/2422/2422
f 2422/2422/2422 2433/2433/2433 2434/2434/2434
f 2422/2422/2422 2434/2434/2434 2424/2424/2424
f 2417/2417/2417 2431/2431/2431 2429/2429/2429
f 2417/2417/2417 2429/2429/2429 2414/2414/2414
f 2433/2433/2433 2441/2441/2441 2442/2442/2442
f 2433/2433/2433 2442/2442/2442 2434/2434/2434
f 2431/2431/2431 2417/2417/2417 2674/2674/2674
f 2431/2431/2431 2674/2674/2674 2672/2672/2672
f 2434/2434/2434 2442/2442/2442 2444/2444/2444
f 2434/2434/2434 2444/2444/2444 2436/2436/2436
f 2432/2432/2432 2440/2440/2440 2441/2441/2441
f 2432/2432/2432 2441/2441/2441 2433/2433/2433
f 2431/2431/2431 2439/2439/2439 2437/2437/2437
f 2431/2431/2431 2437/2437/2437 2429/2429/2429
f 2429/2429/2429 2437/2437/2437 2440/2440/2440
f 2429/2429/2429 2440/2440/2440 2432/2432/2432
f 2411/2411/2411 2410/2410/2410 2430/2430/2430
f 2411/2411/2411 2430/2430/2430 2415/2415/2415
f 2410/2410/2410 2409/2409/2409 2438/2438/2438
f 2410/2410/2410 2438/2438/2438 2430/2430/2430
f 2407/2407/2407 2406/2406/2406 2448/2448/2448
f 2407/2407/2407 2448/2448/2448 2449/2449/2449
f 2395/2395/2395 2394/2394/2394 2404/2404/2404
f 2395/2395/2395 2404/2404/2404 2405/2405/2405
f 2407/2407/2407 2449/2449/2449 2450/2450/2450
f 2407/2407/2407 2450/2450/2450 2408/2408/2408
f 2405/2405/2405 2447/2447/2447 2448/2448/2448
f 2405/2405/2405 2448/2448/2448 2406/2406/2406
f 2440/2440/2440 2454/2454/2454 2455/2455/2455
f 2440/2440/2440 2455/2455/2455 2441/2441/2441
f 2447/2447/2447 2461/2461/2461 2462/2462/2462
f 2447/2447/2447 2462/2462/2462 2448/2448/2448
f 2441/2441/2441 2455/2455/2455 2456/2456/2456
f 2441/2441/2441 2456/2456/2456 2442/2442/2442
f 2449/2449/2449 2448/2448/2448 2462/2462/2462
f 2449/2449/2449 2462/2462/2462 2463/2463/2463
f 2439/2439/2439 2453/2453/2453 2451/2451/2451
f 2439/2439/2439 2451/2451/2451 2437/2437/2437
f 2442/2442/2442 2456/2456/2456 2458/2458/2458
f 2442/2442/2442 2458/2458/2458 2444/2444/2444
f 2449/2449/2449 2463/2463/2463 2464/2464/2464
f 2449/2449/2449 2464/2464/2464 2450/2450/2450
f 2439/2439/2439 2431/2431/2431 2672/2672/2672
f 2439/2439/2439 2672/2672/2672 2671/2671/2671
f 2437/2437/2437 2451/2451/2451 2454/2454/2454
f 2437/2437/2437 2454/2454/2454 2440/2440/2440
f 2405/2405/2405 2404/2404/2404 2446/2446/2446
f 2405/2405/2405 2446/2446/2446 2447/2447/2447
f 2455/2455/2455 2468/2468/2468 2469/2469/2469
f 2455/2455/2455 2469/2469/2469 2456/2456/2456
f 2452/2452/2452 2453/2453/2453 2439/2439/2439
f 2452/2452/2452 2439/2439/2439 2671/2671/2671
f 2456/2456/2456 2469/2469/2469 2471/2471/2471
f 2456/2456/2456 2471/2471/2471 2458/2458/2458
f 2454/2454/2454 2467/2467/2467 2468/2468/2468
f 2454/2454/2454 2468/2468/2468 2455/2455/2455
f 2453/2453/2453 2466/2466/2466 2465/2465/2465
f 2453/2453/2453 2465/2465/2465 2451/2451/2451
f 2451/2451/2451 2465/2465/2465 2467/2467/2467
f 2451/2451/2451 2467/2467/2467 2454/2454/2454
f 2462/2462/2462 2475/2475/2475 2476/2476/2476
f 2462/2462/2462 2476/2476/2476 2463/2463/2463
f 2447/2447/2447 2446/2446/2446 2460/2460/2460
f 2447/2447/2447 2460/2460/2460 2461/2461/2461
f 2461/2461/2461 2474/2474/2474 2475/2475/2475
f 2461/2461/2461 2475/2475/2475 2462/2462/2462
f 2468/2468/2468 2479/2479/2479 2480/2480/2480
f 2468/2468/2468 2480/2480/2480 2469/2469/2469
f 2465/2465/2465 2477/2477/2477 2478/2478/2478
f 2465/2465/2465 2478/2478/2478 2467/2467/2467
f 2469/2469/2469 2480/2480/2480 2482/2482/2482
f 2469/2469/2469 2482/2482/2482 2471/2471/2471
f 2467/2467/2467 2478/2478/2478 2479/2479/2479
f 2467/2467/2467 2479/2479/2479 2468/2468/2468
f 2466/2466/2466 2476/2476/2476 2477/2477/2477
f 2466/2466/2466 2477/2477/2477 2465/2465/2465
f 2814/2814/2814 2485/2485/2485 2486/2486/2486
f 2814/2814/2814 2486/2486/2486 2813/2813/2813
f 2817/2817/2817 2676/2676/2676 2485/2485/2485
f 2817/2817/2817 2485/2485/2485 2814/2814/2814
f 2536/2536/2536 5166/5166/5166 5165/5165/5165
f 2536/2536/2536 5165/5165/5165 2537/2537/2537
f 2538/2538/2538 5168/5168/5168 4861/4861/4861
f 2538/2538/2538 4861/4861/4861 2540/2540/2540
f 2541/2541/2541 5170/5170/5170 5171/5171/5171
f 2541/2541/2541 5171/5171/5171 2542/2542/2542
f 2543/2543/2543 5164/5164/5164 5167/5167/5167
f 2543/2543/2543 5167/5167/5167 2544/2544/2544
f 2537/2537/2537 5165/5165/5165 5164/5164/5164
f 2537/2537/2537 5164/5164/5164 2543/2543/2543
f 2544/2544/2544 5167/5167/5167 5168/5168/5168
f 2544/2544/2544 5168/5168/5168 2538/2538/2538
f 2678/2678/2678 5169/5169/5169 5170/5170/5170
f 2678/2678/2678 5170/5170/5170 2541/2541/2541
f 2542/2542/2542 5171/5171/5171 5166/5166/5166
f 2542/2542/2542 5166/5166/5166 2536/2536/2536
f 2452/2452/2452 2464/2464/2464 2466/2466/2466
f 2452/2452/2452 2466/2466/2466 2453/2453/2453
f 2359/2359/2359 2503/2503/2503 2504/2504/2504
f 2359/2359/2359 2504/2504/2504 2361/2361/2361
f 2364/2364/2364 2505/2505/2505 2506/2506/2506
f 2364/2364/2364 2506/2506/2506 2367/2367/2367
f 2361/2361/2361 2504/2504/2504 2505/2505/2505
f 2361/2361/2361 2505/2505/2505 2364/2364/2364
f 2583/2583/2583 2584/2584/2584 2509/2509/2509
f 2583/2583/2583 2509/2509/2509 2376/2376/2376
f 2367/2367/2367 2506/2506/2506 2507/2507/2507
f 2367/2367/2367 2507/2507/2507 2370/2370/2370
f 2514/2514/2514 2515/2515/2515 2511/2511/2511
f 2514/2514/2514 2511/2511/2511 2513/2513/2513
f 2499/2499/2499 2498/2498/2498 2515/2515/2515
f 2499/2499/2499 2515/2515/2515 2514/2514/2514
f 2498/2498/2498 2426/2426/2426 2522/2522/2522
f 2498/2498/2498 2522/2522/2522 2515/2515/2515
f 2515/2515/2515 2522/2522/2522 2520/2520/2520
f 2515/2515/2515 2520/2520/2520 2511/2511/2511
f 2425/2425/2425 2516/2516/2516 2525/2525/2525
f 2425/2425/2425 2525/2525/2525 2521/2521/2521
f 2521/2521/2521 2525/2525/2525 2524/2524/2524
f 2521/2521/2521 2524/2524/2524 2518/2518/2518
f 2516/2516/2516 2427/2427/2427 2527/2527/2527
f 2516/2516/2516 2527/2527/2527 2525/2525/2525
f 2527/2527/2527 2531/2531/2531 2523/2523/2523
f 2527/2527/2527 2523/2523/2523 2528/2528/2528
f 2526/2526/2526 2524/2524/2524 2525/2525/2525
f 2526/2526/2526 2525/2525/2525 2528/2528/2528
f 2531/2531/2531 2535/2535/2535 2530/2530/2530
f 2531/2531/2531 2530/2530/2530 2523/2523/2523
f 2528/2528/2528 2523/2523/2523 2529/2529/2529
f 2528/2528/2528 2529/2529/2529 2526/2526/2526
f 2427/2427/2427 2435/2435/2435 2531/2531/2531
f 2427/2427/2427 2531/2531/2531 2527/2527/2527
f 2435/2435/2435 5207/5207/5207 5208/5208/5208
f 2435/2435/2435 5208/5208/5208 2531/2531/2531
f 2486/2486/2486 2542/2542/2542 2536/2536/2536
f 2486/2486/2486 2536/2536/2536 2476/2476/2476
f 2676/2676/2676 2678/2678/2678 2541/2541/2541
f 2676/2676/2676 2541/2541/2541 2485/2485/2485
f 2479/2479/2479 2544/2544/2544 2538/2538/2538
f 2479/2479/2479 2538/2538/2538 2480/2480/2480
f 2477/2477/2477 2537/2537/2537 2543/2543/2543
f 2477/2477/2477 2543/2543/2543 2478/2478/2478
f 2478/2478/2478 2543/2543/2543 2544/2544/2544
f 2478/2478/2478 2544/2544/2544 2479/2479/2479
f 2485/2485/2485 2541/2541/2541 2542/2542/2542
f 2485/2485/2485 2542/2542/2542 2486/2486/2486
f 2480/2480/2480 2538/2538/2538 2540/2540/2540
f 2480/2480/2480 2540/2540/2540 2482/2482/2482
f 2476/2476/2476 2536/2536/2536 2537/2537/2537
f 2476/2476/2476 2537/2537/2537 2477/2477/2477
f 2507/2507/2507 2499/2499/2499 2514/2514/2514
f 2507/2507/2507 2514/2514/2514 2584/2584/2584
f 2514/2514/2514 2513/2513/2513 2509/2509/2509
f 2514/2514/2514 2509/2509/2509 2584/2584/2584
f 2668/2668/2668 2549/2549/2549 2503/2503/2503
f 2668/2668/2668 2503/2503/2503 2502/2502/2502
f 2402/2402/2402 2552/2552/2552 2343/2343/2343
f 2402/2402/2402 2343/2343/2343 2392/2392/2392
f 2416/2416/2416 2555/2555/2555 5176/5176/5176
f 2416/2416/2416 5176/5176/5176 2412/2412/2412
f 2673/2673/2673 2670/2670/2670 2555/2555/2555
f 2673/2673/2673 2555/2555/2555 2416/2416/2416
f 2671/2671/2671 2438/2438/2438 2561/2561/2561
f 2671/2671/2671 2561/2561/2561 2452/2452/2452
f 2500/2500/2500 2600/2600/2600 2604/2604/2604
f 2500/2500/2500 2604/2604/2604 2559/2559/2559
f 2670/2670/2670 2669/2669/2669 2558/2558/2558
f 2670/2670/2670 2558/2558/2558 2555/2555/2555
f 2669/2669/2669 2668/2668/2668 2560/2560/2560
f 2669/2669/2669 2560/2560/2560 2558/2558/2558
f 2450/2450/2450 2464/2464/2464 2452/2452/2452
f 2450/2450/2450 2452/2452/2452 2561/2561/2561
f 2562/2562/2562 2408/2408/2408 2450/2450/2450
f 2562/2562/2562 2450/2450/2450 2561/2561/2561
f 2398/2398/2398 2408/2408/2408 2562/2562/2562
f 2398/2398/2398 2562/2562/2562 2563/2563/2563
f 2388/2388/2388 2398/2398/2398 2563/2563/2563
f 2388/2388/2388 2563/2563/2563 2564/2564/2564
f 2388/2388/2388 2564/2564/2564 2565/2565/2565
f 2388/2388/2388 2565/2565/2565 2351/2351/2351
f 2565/2565/2565 2564/2564/2564 2389/2389/2389
f 2565/2565/2565 2389/2389/2389 2353/2353/2353
f 2389/2389/2389 2564/2564/2564 2563/2563/2563
f 2389/2389/2389 2563/2563/2563 2399/2399/2399
f 2409/2409/2409 2399/2399/2399 2563/2563/2563
f 2409/2409/2409 2563/2563/2563 2562/2562/2562
f 2438/2438/2438 2409/2409/2409 2562/2562/2562
f 2438/2438/2438 2562/2562/2562 2561/2561/2561
f 2504/2504/2504 2549/2549/2549 2596/2596/2596
f 2504/2504/2504 2596/2596/2596 2598/2598/2598
f 2549/2549/2549 2548/2548/2548 2594/2594/2594
f 2549/2549/2549 2594/2594/2594 2596/2596/2596
f 2423/2423/2423 2426/2426/2426 2595/2595/2595
f 2423/2423/2423 2595/2595/2595 2592/2592/2592
f 2506/2506/2506 2505/2505/2505 2585/2585/2585
f 2506/2506/2506 2585/2585/2585 2586/2586/2586
f 2548/2548/2548 2547/2547/2547 2593/2593/2593
f 2548/2548/2548 2593/2593/2593 2594/2594/2594
f 2419/2419/2419 2421/2421/2421 2590/2590/2590
f 2419/2419/2419 2590/2590/2590 2587/2587/2587
f 2507/2507/2507 2506/2506/2506 2586/2586/2586
f 2507/2507/2507 2586/2586/2586 2589/2589/2589
f 2498/2498/2498 2499/2499/2499 2591/2591/2591
f 2498/2498/2498 2591/2591/2591 2597/2597/2597
f 2499/2499/2499 2507/2507/2507 2589/2589/2589
f 2499/2499/2499 2589/2589/2589 2591/2591/2591
f 2547/2547/2547 2413/2413/2413 2588/2588/2588
f 2547/2547/2547 2588/2588/2588 2593/2593/2593
f 2426/2426/2426 2498/2498/2498 2597/2597/2597
f 2426/2426/2426 2597/2597/2597 2595/2595/2595
f 2505/2505/2505 2504/2504/2504 2598/2598/2598
f 2505/2505/2505 2598/2598/2598 2585/2585/2585
f 2421/2421/2421 2423/2423/2423 2592/2592/2592
f 2421/2421/2421 2592/2592/2592 2590/2590/2590
f 5186/5186/5186 2682/2682/2682 2685/2685/2685
f 5186/5186/5186 2685/2685/2685 5191/5191/5191
f 2662/2662/2662 5178/5178/5178 5177/5177/5177
f 2662/2662/2662 5177/5177/5177 2655/2655/2655
f 2667/2667/2667 2701/2701/2701 5214/5214/5214
f 2667/2667/2667 5214/5214/5214 5183/5183/5183
f 2663/2663/2663 5179/5179/5179 5178/5178/5178
f 2663/2663/2663 5178/5178/5178 2662/2662/2662
f 5182/5182/5182 5215/5215/5215 5216/5216/5216
f 5182/5182/5182 5216/5216/5216 5184/5184/5184
f 2664/2664/2664 5180/5180/5180 5179/5179/5179
f 2664/2664/2664 5179/5179/5179 2663/2663/2663
f 2665/2665/2665 5190/5190/5190 5189/5189/5189
f 2665/2665/2665 5189/5189/5189 2658/2658/2658
f 2666/2666/2666 5181/5181/5181 5180/5180/5180
f 2666/2666/2666 5180/5180/5180 2664/2664/2664
f 2658/2658/2658 5189/5189/5189 5192/5192/5192
f 2658/2658/2658 5192/5192/5192 2659/2659/2659
f 2667/2667/2667 5183/5183/5183 5181/5181/5181
f 2667/2667/2667 5181/5181/5181 2666/2666/2666
f 2655/2655/2655 5177/5177/5177 5190/5190/5190
f 2655/2655/2655 5190/5190/5190 2665/2665/2665
f 5209/5209/5209 2699/2699/2699 2689/2689/2689
f 5209/5209/5209 2689/2689/2689 5213/5213/5213
f 5192/5192/5192 2687/2687/2687 2694/2694/2694
f 5192/5192/5192 2694/2694/2694 2659/2659/2659
f 5213/5213/5213 2689/2689/2689 2691/2691/2691
f 5213/5213/5213 2691/2691/2691 2656/2656/2656
f 2370/2370/2370 2507/2507/2507 2584/2584/2584
f 2370/2370/2370 2584/2584/2584 2583/2583/2583
f 2370/2370/2370 2583/2583/2583 2581/2581/2581
f 2370/2370/2370 2581/2581/2581 2369/2369/2369
f 2369/2369/2369 2581/2581/2581 2582/2582/2582
f 2369/2369/2369 2582/2582/2582 2368/2368/2368
f 5173/5173/5173 2601/2601/2601 2599/2599/2599
f 5173/5173/5173 2599/2599/2599 5163/5163/5163
f 2607/2607/2607 2609/2609/2609 2550/2550/2550
f 2607/2607/2607 2550/2550/2550 2340/2340/2340
f 2626/2626/2626 2631/2631/2631 5202/5202/5202
f 2626/2626/2626 5202/5202/5202 2557/2557/2557
f 2340/2340/2340 2550/2550/2550 2600/2600/2600
f 2340/2340/2340 2600/2600/2600 2500/2500/2500
f 2627/2627/2627 2632/2632/2632 2603/2603/2603
f 2627/2627/2627 2603/2603/2603 2621/2621/2621
f 2622/2622/2622 2602/2602/2602 2633/2633/2633
f 2622/2622/2622 2633/2633/2633 2628/2628/2628
f 5163/5163/5163 2599/2599/2599 2610/2610/2610
f 5163/5163/5163 2610/2610/2610 5162/5162/5162
f 5162/5162/5162 2610/2610/2610 2609/2609/2609
f 5162/5162/5162 2609/2609/2609 2607/2607/2607
f 2333/2333/2333 2341/2341/2341 2608/2608/2608
f 2333/2333/2333 2608/2608/2608 2606/2606/2606
f 2606/2606/2606 2608/2608/2608 5193/5193/5193
f 2606/2606/2606 5193/5193/5193 2605/2605/2605
f 2742/2742/2742 2738/2738/2738 2728/2728/2728
f 2742/2742/2742 2728/2728/2728 2724/2724/2724
f 2600/2600/2600 2613/2613/2613 2618/2618/2618
f 2600/2600/2600 2618/2618/2618 2604/2604/2604
f 2599/2599/2599 2612/2612/2612 2620/2620/2620
f 2599/2599/2599 2620/2620/2620 2610/2610/2610
f 2609/2609/2609 2619/2619/2619 2611/2611/2611
f 2609/2609/2609 2611/2611/2611 2550/2550/2550
f 2623/2623/2623 2629/2629/2629 2631/2631/2631
f 2623/2623/2623 2631/2631/2631 2626/2626/2626
f 2628/2628/2628 2633/2633/2633 2632/2632/2632
f 2628/2628/2628 2632/2632/2632 2627/2627/2627
f 2610/2610/2610 2620/2620/2620 2619/2619/2619
f 2610/2610/2610 2619/2619/2619 2609/2609/2609
f 2550/2550/2550 2611/2611/2611 2613/2613/2613
f 2550/2550/2550 2613/2613/2613 2600/2600/2600
f 2612/2612/2612 2622/2622/2622 2628/2628/2628
f 2612/2612/2612 2628/2628/2628 2620/2620/2620
f 2619/2619/2619 2627/2627/2627 2621/2621/2621
f 2619/2619/2619 2621/2621/2621 2611/2611/2611
f 2624/2624/2624 5195/5195/5195 5194/5194/5194
f 2624/2624/2624 5194/5194/5194 2614/2614/2614
f 5173/5173/5173 5174/5174/5174 2615/2615/2615
f 5173/5173/5173 2615/2615/2615 2616/2616/2616
f 2620/2620/2620 2628/2628/2628 2627/2627/2627
f 2620/2620/2620 2627/2627/2627 2619/2619/2619
f 2615/2615/2615 5174/5174/5174 5195/5195/5195
f 2615/2615/2615 5195/5195/5195 2624/2624/2624
f 2611/2611/2611 2621/2621/2621 2623/2623/2623
f 2611/2611/2611 2623/2623/2623 2613/2613/2613
f 2613/2613/2613 2623/2623/2623 2626/2626/2626
f 2613/2613/2613 2626/2626/2626 2618/2618/2618
f 2601/2601/2601 2636/2636/2636 2622/2622/2622
f 2601/2601/2601 2622/2622/2622 2612/2612/2612
f 2616/2616/2616 2636/2636/2636 2601/2601/2601
f 2616/2616/2616 2601/2601/2601 5173/5173/5173
f 2621/2621/2621 2603/2603/2603 2629/2629/2629
f 2621/2621/2621 2629/2629/2629 2623/2623/2623
f 2556/2556/2556 2557/2557/2557 5202/5202/5202
f 2556/2556/2556 5202/5202/5202 2635/2635/2635
f 2636/2636/2636 2616/2616/2616 2602/2602/2602
f 2636/2636/2636 2602/2602/2602 2622/2622/2622
f 2412/2412/2412 5176/5176/5176 2552/2552/2552
f 2412/2412/2412 2552/2552/2552 2402/2402/2402
f 2633/2633/2633 5197/5197/5197 5196/5196/5196
f 2633/2633/2633 5196/5196/5196 2632/2632/2632
f 2603/2603/2603 5198/5198/5198 5199/5199/5199
f 2603/2603/2603 5199/5199/5199 2629/2629/2629
f 2629/2629/2629 5199/5199/5199 5200/5200/5200
f 2629/2629/2629 5200/5200/5200 2631/2631/2631
f 2632/2632/2632 5196/5196/5196 5198/5198/5198
f 2632/2632/2632 5198/5198/5198 2603/2603/2603
f 2602/2602/2602 5201/5201/5201 5197/5197/5197
f 2602/2602/2602 5197/5197/5197 2633/2633/2633
f 2614/2614/2614 5194/5194/5194 5201/5201/5201
f 2614/2614/2614 5201/5201/5201 2602/2602/2602
f 2624/2624/2624 2614/2614/2614 2616/2616/2616
f 2624/2624/2624 2616/2616/2616 2615/2615/2615
f 2649/2649/2649 2653/2653/2653 2651/2651/2651
f 2649/2649/2649 2651/2651/2651 2647/2647/2647
f 2531/2531/2531 5208/5208/5208 5206/5206/5206
f 2531/2531/2531 5206/5206/5206 2535/2535/2535
f 2532/2532/2532 5205/5205/5205 5207/5207/5207
f 2532/2532/2532 5207/5207/5207 2435/2435/2435
f 5205/5205/5205 2532/2532/2532 2535/2535/2535
f 5205/5205/5205 2535/2535/2535 5206/5206/5206
f 2652/2652/2652 2650/2650/2650 2651/2651/2651
f 2652/2652/2652 2651/2651/2651 2653/2653/2653
f 2647/2647/2647 2651/2651/2651 2650/2650/2650
f 2647/2647/2647 2650/2650/2650 2646/2646/2646
f 2646/2646/2646 2650/2650/2650 2652/2652/2652
f 2646/2646/2646 2652/2652/2652 2648/2648/2648
f 2648/2648/2648 2652/2652/2652 2653/2653/2653
f 2648/2648/2648 2653/2653/2653 2649/2649/2649
f 2598/2598/2598 5210/5210/5210 2661/2661/2661
f 2598/2598/2598 2661/2661/2661 2585/2585/2585
f 2596/2596/2596 2659/2659/2659 5210/5210/5210
f 2596/2596/2596 5210/5210/5210 2598/2598/2598
f 2591/2591/2591 5211/5211/5211 2667/2667/2667
f 2591/2591/2591 2667/2667/2667 2597/2597/2597
f 2588/2588/2588 2655/2655/2655 2665/2665/2665
f 2588/2588/2588 2665/2665/2665 2593/2593/2593
f 2597/2597/2597 2667/2667/2667 2666/2666/2666
f 2597/2597/2597 2666/2666/2666 2595/2595/2595
f 2594/2594/2594 2658/2658/2658 2659/2659/2659
f 2594/2594/2594 2659/2659/2659 2596/2596/2596
f 2595/2595/2595 2666/2666/2666 2664/2664/2664
f 2595/2595/2595 2664/2664/2664 2592/2592/2592
f 2593/2593/2593 2665/2665/2665 2658/2658/2658
f 2593/2593/2593 2658/2658/2658 2594/2594/2594
f 2592/2592/2592 2664/2664/2664 2663/2663/2663
f 2592/2592/2592 2663/2663/2663 2590/2590/2590
f 2589/2589/2589 5212/5212/5212 5211/5211/5211
f 2589/2589/2589 5211/5211/5211 2591/2591/2591
f 2590/2590/2590 2663/2663/2663 2662/2662/2662
f 2590/2590/2590 2662/2662/2662 2587/2587/2587
f 2586/2586/2586 2654/2654/2654 5212/5212/5212
f 2586/2586/2586 5212/5212/5212 2589/2589/2589
f 2587/2587/2587 2662/2662/2662 2655/2655/2655
f 2587/2587/2587 2655/2655/2655 2588/2588/2588
f 2585/2585/2585 2661/2661/2661 2654/2654/2654
f 2585/2585/2585 2654/2654/2654 2586/2586/2586
f 2430/2430/2430 2438/2438/2438 2671/2671/2671
f 2430/2430/2430 2671/2671/2671 2672/2672/2672
f 2415/2415/2415 2430/2430/2430 2672/2672/2672
f 2415/2415/2415 2672/2672/2672 2674/2674/2674
f 2415/2415/2415 2674/2674/2674 2673/2673/2673
f 2415/2415/2415 2673/2673/2673 2416/2416/2416
f 2502/2502/2502 2501/2501/2501 2560/2560/2560
f 2502/2502/2502 2560/2560/2560 2668/2668/2668
f 2484/2484/2484 2546/2546/2546 2678/2678/2678
f 2484/2484/2484 2678/2678/2678 2676/2676/2676
f 2546/2546/2546 4864/4864/4864 5169/5169/5169
f 2546/2546/2546 5169/5169/5169 2678/2678/2678
f 2816/2816/2816 2484/2484/2484 2676/2676/2676
f 2816/2816/2816 2676/2676/2676 2817/2817/2817
f 2698/2698/2698 5217/5217/5217 5219/5219/5219
f 2698/2698/2698 5219/5219/5219 2688/2688/2688
f 2688/2688/2688 5219/5219/5219 5220/5220/5220
f 2688/2688/2688 5220/5220/5220 2690/2690/2690
f 2690/2690/2690 5220/5220/5220 2680/2680/2680
f 2690/2690/2690 2680/2680/2680 2692/2692/2692
f 2692/2692/2692 2680/2680/2680 2679/2679/2679
f 2692/2692/2692 2679/2679/2679 2700/2700/2700
f 2695/2695/2695 2686/2686/2686 5218/5218/5218
f 2695/2695/2695 5218/5218/5218 2696/2696/2696
f 2696/2696/2696 5218/5218/5218 5217/5217/5217
f 2696/2696/2696 5217/5217/5217 2698/2698/2698
f 5185/5185/5185 2681/2681/2681 2682/2682/2682
f 5185/5185/5185 2682/2682/2682 5186/5186/5186
f 2660/2660/2660 2697/2697/2697 2699/2699/2699
f 2660/2660/2660 2699/2699/2699 5209/5209/5209
f 5187/5187/5187 2683/2683/2683 2681/2681/2681
f 5187/5187/5187 2681/2681/2681 5185/5185/5185
f 2659/2659/2659 2694/2694/2694 2697/2697/2697
f 2659/2659/2659 2697/2697/2697 2660/2660/2660
f 2656/2656/2656 2691/2691/2691 2693/2693/2693
f 2656/2656/2656 2693/2693/2693 2657/2657/2657
f 5188/5188/5188 2684/2684/2684 2683/2683/2683
f 5188/5188/5188 2683/2683/2683 5187/5187/5187
f 2657/2657/2657 2693/2693/2693 2701/2701/2701
f 2657/2657/2657 2701/2701/2701 2667/2667/2667
f 5184/5184/5184 5216/5216/5216 2684/2684/2684
f 5184/5184/5184 2684/2684/2684 5188/5188/5188
f 2574/2574/2574 2578/2578/2578 2567/2567/2567
f 2574/2574/2574 2567/2567/2567 2575/2575/2575
f 2567/2567/2567 2568/2568/2568 2576/2576/2576
f 2567/2567/2567 2576/2576/2576 2575/2575/2575
f 2568/2568/2568 2569/2569/2569 2577/2577/2577
f 2568/2568/2568 2577/2577/2577 2576/2576/2576
f 2569/2569/2569 2570/2570/2570 2573/2573/2573
f 2569/2569/2569 2573/2573/2573 2577/2577/2577
f 2570/2570/2570 2571/2571/2571 2572/2572/2572
f 2570/2570/2570 2572/2572/2572 2573/2573/2573
f 2574/2574/2574 2580/2580/2580 2579/2579/2579
f 2574/2574/2574 2579/2579/2579 2578/2578/2578
f 2716/2716/2716 2715/2715/2715 2702/2702/2702
f 2716/2716/2716 2702/2702/2702 2703/2703/2703
f 2704/2704/2704 2705/2705/2705 2707/2707/2707
f 2704/2704/2704 2707/2707/2707 2706/2706/2706
f 2706/2706/2706 2707/2707/2707 2708/2708/2708
f 2706/2706/2706 2708/2708/2708 2723/2723/2723
f 2723/2723/2723 2708/2708/2708 2709/2709/2709
f 2723/2723/2723 2709/2709/2709 2722/2722/2722
f 2722/2722/2722 2709/2709/2709 2710/2710/2710
f 2722/2722/2722 2710/2710/2710 2721/2721/2721
f 2721/2721/2721 2710/2710/2710 2711/2711/2711
f 2721/2721/2721 2711/2711/2711 2720/2720/2720
f 2720/2720/2720 2711/2711/2711 2712/2712/2712
f 2720/2720/2720 2712/2712/2712 2719/2719/2719
f 2719/2719/2719 2712/2712/2712 2713/2713/2713
f 2719/2719/2719 2713/2713/2713 2718/2718/2718
f 2718/2718/2718 2713/2713/2713 2714/2714/2714
f 2718/2718/2718 2714/2714/2714 2717/2717/2717
f 2717/2717/2717 2714/2714/2714 2715/2715/2715
f 2717/2717/2717 2715/2715/2715 2716/2716/2716
f 2331/2331/2331 2741/2741/2741 2740/2740/2740
f 2331/2331/2331 2740/2740/2740 2335/2335/2335
f 2742/2742/2742 2724/2724/2724 2725/2725/2725
f 2742/2742/2742 2725/2725/2725 2741/2741/2741
f 2728/2728/2728 2775/2775/2775 2769/2769/2769
f 2728/2728/2728 2769/2769/2769 2724/2724/2724
f 2744/2744/2744 2727/2727/2727 2730/2730/2730
f 2744/2744/2744 2730/2730/2730 2743/2743/2743
f 2740/2740/2740 2726/2726/2726 2727/2727/2727
f 2740/2740/2740 2727/2727/2727 2744/2744/2744
f 2774/2774/2774 2734/2734/2734 2737/2737/2737
f 2774/2774/2774 2737/2737/2737 2766/2766/2766
f 2769/2769/2769 2731/2731/2731 2732/2732/2732
f 2769/2769/2769 2732/2732/2732 2768/2768/2768
f 2775/2775/2775 2735/2735/2735 2731/2731/2731
f 2775/2775/2775 2731/2731/2731 2769/2769/2769
f 2767/2767/2767 2733/2733/2733 2734/2734/2734
f 2767/2767/2767 2734/2734/2734 2774/2774/2774
f 2329/2329/2329 2742/2742/2742 2741/2741/2741
f 2329/2329/2329 2741/2741/2741 2331/2331/2331
f 2335/2335/2335 2740/2740/2740 2744/2744/2744
f 2335/2335/2335 2744/2744/2744 2344/2344/2344
f 2741/2741/2741 2725/2725/2725 2726/2726/2726
f 2741/2741/2741 2726/2726/2726 2740/2740/2740
f 2344/2344/2344 2744/2744/2744 2743/2743/2743
f 2344/2344/2344 2743/2743/2743 2381/2381/2381
f 2724/2724/2724 2769/2769/2769 2768/2768/2768
f 2724/2724/2724 2768/2768/2768 2725/2725/2725
f 2730/2730/2730 2746/2746/2746 2745/2745/2745
f 2730/2730/2730 2745/2745/2745 2743/2743/2743
f 2777/2777/2777 2766/2766/2766 2737/2737/2737
f 2777/2777/2777 2737/2737/2737 2756/2756/2756
f 2778/2778/2778 2770/2770/2770 2755/2755/2755
f 2778/2778/2778 2755/2755/2755 2754/2754/2754
f 2770/2770/2770 2777/2777/2777 2756/2756/2756
f 2770/2770/2770 2756/2756/2756 2755/2755/2755
f 2771/2771/2771 2778/2778/2778 2754/2754/2754
f 2771/2771/2771 2754/2754/2754 2753/2753/2753
f 2763/2763/2763 2759/2759/2759 2746/2746/2746
f 2763/2763/2763 2746/2746/2746 2750/2750/2750
f 2762/2762/2762 2763/2763/2763 2750/2750/2750
f 2762/2762/2762 2750/2750/2750 2749/2749/2749
f 2760/2760/2760 2762/2762/2762 2749/2749/2749
f 2760/2760/2760 2749/2749/2749 2748/2748/2748
f 2761/2761/2761 2760/2760/2760 2748/2748/2748
f 2761/2761/2761 2748/2748/2748 2747/2747/2747
f 2348/2348/2348 2350/2350/2350 2761/2761/2761
f 2348/2348/2348 2761/2761/2761 2765/2765/2765
f 2779/2779/2779 2773/2773/2773 2786/2786/2786
f 2779/2779/2779 2786/2786/2786 2782/2782/2782
f 2350/2350/2350 2352/2352/2352 2760/2760/2760
f 2350/2350/2350 2760/2760/2760 2761/2761/2761
f 2352/2352/2352 2566/2566/2566 2762/2762/2762
f 2352/2352/2352 2762/2762/2762 2760/2760/2760
f 2566/2566/2566 2354/2354/2354 2763/2763/2763
f 2566/2566/2566 2763/2763/2763 2762/2762/2762
f 2354/2354/2354 2355/2355/2355 2759/2759/2759
f 2354/2354/2354 2759/2759/2759 2763/2763/2763
f 2357/2357/2357 2745/2745/2745 2759/2759/2759
f 2357/2357/2357 2759/2759/2759 2355/2355/2355
f 2784/2784/2784 2781/2781/2781 2778/2778/2778
f 2784/2784/2784 2778/2778/2778 2771/2771/2771
f 2783/2783/2783 2780/2780/2780 2777/2777/2777
f 2783/2783/2783 2777/2777/2777 2770/2770/2770
f 2779/2779/2779 2782/2782/2782 2784/2784/2784
f 2779/2779/2779 2784/2784/2784 2771/2771/2771
f 2778/2778/2778 2781/2781/2781 2783/2783/2783
f 2778/2778/2778 2783/2783/2783 2770/2770/2770
f 2767/2767/2767 2726/2726/2726 2725/2725/2725
f 2767/2767/2767 2725/2725/2725 2768/2768/2768
f 2730/2730/2730 2766/2766/2766 2777/2777/2777
f 2730/2730/2730 2777/2777/2777 2780/2780/2780
f 2726/2726/2726 2767/2767/2767 2774/2774/2774
f 2726/2726/2726 2774/2774/2774 2727/2727/2727
f 2735/2735/2735 2791/2791/2791 2787/2787/2787
f 2735/2735/2735 2787/2787/2787 2731/2731/2731
f 2768/2768/2768 2732/2732/2732 2733/2733/2733
f 2768/2768/2768 2733/2733/2733 2767/2767/2767
f 2379/2379/2379 2738/2738/2738 2742/2742/2742
f 2379/2379/2379 2742/2742/2742 2329/2329/2329
f 2749/2749/2749 2750/2750/2750 2783/2783/2783
f 2749/2749/2749 2783/2783/2783 2781/2781/2781
f 2747/2747/2747 2748/2748/2748 2784/2784/2784
f 2747/2747/2747 2784/2784/2784 2782/2782/2782
f 2752/2752/2752 2765/2765/2765 2761/2761/2761
f 2752/2752/2752 2761/2761/2761 2747/2747/2747
f 2750/2750/2750 2746/2746/2746 2780/2780/2780
f 2750/2750/2750 2780/2780/2780 2783/2783/2783
f 2748/2748/2748 2749/2749/2749 2781/2781/2781
f 2748/2748/2748 2781/2781/2781 2784/2784/2784
f 2731/2731/2731 2787/2787/2787 2788/2788/2788
f 2731/2731/2731 2788/2788/2788 2732/2732/2732
f 2737/2737/2737 2793/2793/2793 2797/2797/2797
f 2737/2737/2737 2797/2797/2797 2756/2756/2756
f 2732/2732/2732 2788/2788/2788 2789/2789/2789
f 2732/2732/2732 2789/2789/2789 2733/2733/2733
f 2754/2754/2754 2795/2795/2795 2794/2794/2794
f 2754/2754/2754 2794/2794/2794 2753/2753/2753
f 2787/2787/2787 2791/2791/2791 2804/2804/2804
f 2787/2787/2787 2804/2804/2804 2800/2800/2800
f 2755/2755/2755 2796/2796/2796 2795/2795/2795
f 2755/2755/2755 2795/2795/2795 2754/2754/2754
f 2756/2756/2756 2797/2797/2797 2796/2796/2796
f 2756/2756/2756 2796/2796/2796 2755/2755/2755
f 2794/2794/2794 2807/2807/2807 2812/2812/2812
f 2794/2794/2794 2812/2812/2812 2799/2799/2799
f 2733/2733/2733 2789/2789/2789 2790/2790/2790
f 2733/2733/2733 2790/2790/2790 2734/2734/2734
f 2734/2734/2734 2790/2790/2790 2793/2793/2793
f 2734/2734/2734 2793/2793/2793 2737/2737/2737
f 2758/2758/2758 2779/2779/2779 2771/2771/2771
f 2758/2758/2758 2771/2771/2771 2753/2753/2753
f 2787/2787/2787 2800/2800/2800 2801/2801/2801
f 2787/2787/2787 2801/2801/2801 2788/2788/2788
f 2753/2753/2753 2794/2794/2794 2799/2799/2799
f 2753/2753/2753 2799/2799/2799 2758/2758/2758
f 2788/2788/2788 2801/2801/2801 2802/2802/2802
f 2788/2788/2788 2802/2802/2802 2789/2789/2789
f 2795/2795/2795 2808/2808/2808 2807/2807/2807
f 2795/2795/2795 2807/2807/2807 2794/2794/2794
f 2796/2796/2796 2809/2809/2809 2808/2808/2808
f 2796/2796/2796 2808/2808/2808 2795/2795/2795
f 2797/2797/2797 2810/2810/2810 2809/2809/2809
f 2797/2797/2797 2809/2809/2809 2796/2796/2796
f 2789/2789/2789 2802/2802/2802 2803/2803/2803
f 2789/2789/2789 2803/2803/2803 2790/2790/2790
f 2793/2793/2793 2806/2806/2806 2810/2810/2810
f 2793/2793/2793 2810/2810/2810 2797/2797/2797
f 2790/2790/2790 2803/2803/2803 2806/2806/2806
f 2790/2790/2790 2806/2806/2806 2793/2793/2793
f 2473/2473/2473 2816/2816/2816 2817/2817/2817
f 2473/2473/2473 2817/2817/2817 2675/2675/2675
f 2669/2669/2669 2548/2548/2548 2549/2549/2549
f 2669/2669/2669 2549/2549/2549 2668/2668/2668
f 2673/2673/2673 2418/2418/2418 2547/2547/2547
f 2673/2673/2673 2547/2547/2547 2670/2670/2670
f 2547/2547/2547 2548/2548/2548 2669/2669/2669
f 2547/2547/2547 2669/2669/2669 2670/2670/2670
f 2675/2675/2675 2817/2817/2817 2814/2814/2814
f 2675/2675/2675 2814/2814/2814 2474/2474/2474
f 2474/2474/2474 2814/2814/2814 2813/2813/2813
f 2474/2474/2474 2813/2813/2813 2475/2475/2475
f 2494/2494/2494 2825/2825/2825 2829/2829/2829
f 2494/2494/2494 2829/2829/2829 2677/2677/2677
f 2677/2677/2677 2829/2829/2829 2827/2827/2827
f 2677/2677/2677 2827/2827/2827 2496/2496/2496
f 2489/2489/2489 2820/2820/2820 2821/2821/2821
f 2489/2489/2489 2821/2821/2821 2490/2490/2490
f 2488/2488/2488 2819/2819/2819 2818/2818/2818
f 2488/2488/2488 2818/2818/2818 2487/2487/2487
f 2496/2496/2496 2827/2827/2827 2828/2828/2828
f 2496/2496/2496 2828/2828/2828 2497/2497/2497
f 2490/2490/2490 2821/2821/2821 2822/2822/2822
f 2490/2490/2490 2822/2822/2822 2491/2491/2491
f 2497/2497/2497 2828/2828/2828 2819/2819/2819
f 2497/2497/2497 2819/2819/2819 2488/2488/2488
f 2487/2487/2487 2818/2818/2818 2820/2820/2820
f 2487/2487/2487 2820/2820/2820 2489/2489/2489
f 2491/2491/2491 2822/2822/2822 2823/2823/2823
f 2491/2491/2491 2823/2823/2823 2492/2492/2492
f 2838/2838/2838 2851/2851/2851 2850/2850/2850
f 2838/2838/2838 2850/2850/2850 2836/2836/2836
f 2840/2840/2840 2852/2852/2852 2851/2851/2851
f 2840/2840/2840 2851/2851/2851 2838/2838/2838
f 2842/2842/2842 2853/2853/2853 2852/2852/2852
f 2842/2842/2842 2852/2852/2852 2840/2840/2840
f 2844/2844/2844 2854/2854/2854 2853/2853/2853
f 2844/2844/2844 2853/2853/2853 2842/2842/2842
f 2846/2846/2846 2855/2855/2855 2854/2854/2854
f 2846/2846/2846 2854/2854/2854 2844/2844/2844
f 2834/2834/2834 2849/2849/2849 2848/2848/2848
f 2834/2834/2834 2848/2848/2848 2832/2832/2832
f 2836/2836/2836 2850/2850/2850 2849/2849/2849
f 2836/2836/2836 2849/2849/2849 2834/2834/2834
f 2850/2850/2850 2858/2858/2858 2857/2857/2857
f 2850/2850/2850 2857/2857/2857 2849/2849/2849
f 2851/2851/2851 2859/2859/2859 2858/2858/2858
f 2851/2851/2851 2858/2858/2858 2850/2850/2850
f 2852/2852/2852 2860/2860/2860 2859/2859/2859
f 2852/2852/2852 2859/2859/2859 2851/2851/2851
f 2853/2853/2853 2861/2861/2861 2860/2860/2860
f 2853/2853/2853 2860/2860/2860 2852/2852/2852
f 2854/2854/2854 2862/2862/2862 2861/2861/2861
f 2854/2854/2854 2861/2861/2861 2853/2853/2853
f 2855/2855/2855 2863/2863/2863 2862/2862/2862
f 2855/2855/2855 2862/2862/2862 2854/2854/2854
f 2849/2849/2849 2857/2857/2857 2856/2856/2856
f 2849/2849/2849 2856/2856/2856 2848/2848/2848
f 2862/2862/2862 2870/2870/2870 2869/2869/2869
f 2862/2862/2862 2869/2869/2869 2861/2861/2861
f 2863/2863/2863 2871/2871/2871 2870/2870/2870
f 2863/2863/2863 2870/2870/2870 2862/2862/2862
f 2857/2857/2857 2865/2865/2865 2864/2864/2864
f 2857/2857/2857 2864/2864/2864 2856/2856/2856
f 2858/2858/2858 2866/2866/2866 2865/2865/2865
f 2858/2858/2858 2865/2865/2865 2857/2857/2857
f 2859/2859/2859 2867/2867/2867 2866/2866/2866
f 2859/2859/2859 2866/2866/2866 2858/2858/2858
f 2860/2860/2860 2868/2868/2868 2867/2867/2867
f 2860/2860/2860 2867/2867/2867 2859/2859/2859
f 2861/2861/2861 2869/2869/2869 2868/2868/2868
f 2861/2861/2861 2868/2868/2868 2860/2860/2860
f 2867/2867/2867 2875/2875/2875 2874/2874/2874
f 2867/2867/2867 2874/2874/2874 2866/2866/2866
f 2868/2868/2868 2876/2876/2876 2875/2875/2875
f 2868/2868/2868 2875/2875/2875 2867/2867/2867
f 2869/2869/2869 2877/2877/2877 2876/2876/2876
f 2869/2869/2869 2876/2876/2876 2868/2868/2868
f 2870/2870/2870 2878/2878/2878 2877/2877/2877
f 2870/2870/2870 2877/2877/2877 2869/2869/2869
f 2871/2871/2871 2879/2879/2879 2878/2878/2878
f 2871/2871/2871 2878/2878/2878 2870/2870/2870
f 2865/2865/2865 2873/2873/2873 2872/2872/2872
f 2865/2865/2865 2872/2872/2872 2864/2864/2864
f 2866/2866/2866 2874/2874/2874 2873/2873/2873
f 2866/2866/2866 2873/2873/2873 2865/2865/2865
f 2879/2879/2879 2887/2887/2887 2886/2886/2886
f 2879/2879/2879 2886/2886/2886 2878/2878/2878
f 2873/2873/2873 2881/2881/2881 2880/2880/2880
f 2873/2873/2873 2880/2880/2880 2872/2872/2872
f 2874/2874/2874 2882/2882/2882 2881/2881/2881
f 2874/2874/2874 2881/2881/2881 2873/2873/2873
f 2875/2875/2875 2883/2883/2883 2882/2882/2882
f 2875/2875/2875 2882/2882/2882 2874/2874/2874
f 2876/2876/2876 2884/2884/2884 2883/2883/2883
f 2876/2876/2876 2883/2883/2883 2875/2875/2875
f 2877/2877/2877 2885/2885/2885 2884/2884/2884
f 2877/2877/2877 2884/2884/2884 2876/2876/2876
f 2878/2878/2878 2886/2886/2886 2885/2885/2885
f 2878/2878/2878 2885/2885/2885 2877/2877/2877
f 2883/2883/2883 2891/2891/2891 2890/2890/2890
f 2883/2883/2883 2890/2890/2890 2882/2882/2882
f 2884/2884/2884 2892/2892/2892 2891/2891/2891
f 2884/2884/2884 2891/2891/2891 2883/2883/2883
f 2885/2885/2885 2893/2893/2893 2892/2892/2892
f 2885/2885/2885 2892/2892/2892 2884/2884/2884
f 2886/2886/2886 2894/2894/2894 2893/2893/2893
f 2886/2886/2886 2893/2893/2893 2885/2885/2885
f 2887/2887/2887 2895/2895/2895 2894/2894/2894
f 2887/2887/2887 2894/2894/2894 2886/2886/2886
f 2881/2881/2881 2889/2889/2889 2888/2888/2888
f 2881/2881/2881 2888/2888/2888 2880/2880/2880
f 2882/2882/2882 2890/2890/2890 2889/2889/2889
f 2882/2882/2882 2889/2889/2889 2881/2881/2881
f 2895/2895/2895 2903/2903/2903 2902/2902/2902
f 2895/2895/2895 2902/2902/2902 2894/2894/2894
f 2889/2889/2889 2897/2897/2897 2896/2896/2896
f 2889/2889/2889 2896/2896/2896 2888/2888/2888
f 2890/2890/2890 2898/2898/2898 2897/2897/2897
f 2890/2890/2890 2897/2897/2897 2889/2889/2889
f 2891/2891/2891 2899/2899/2899 2898/2898/2898
f 2891/2891/2891 2898/2898/2898 2890/2890/2890
f 2892/2892/2892 2900/2900/2900 2899/2899/2899
f 2892/2892/2892 2899/2899/2899 2891/2891/2891
f 2893/2893/2893 2901/2901/2901 2900/2900/2900
f 2893/2893/2893 2900/2900/2900 2892/2892/2892
f 2894/2894/2894 2902/2902/2902 2901/2901/2901
f 2894/2894/2894 2901/2901/2901 2893/2893/2893
f 2900/2900/2900 2908/2908/2908 2907/2907/2907
f 2900/2900/2900 2907/2907/2907 2899/2899/2899
f 2901/2901/2901 2909/2909/2909 2908/2908/2908
f 2901/2901/2901 2908/2908/2908 2900/2900/2900
f 2902/2902/2902 2910/2910/2910 2909/2909/2909
f 2902/2902/2902 2909/2909/2909 2901/2901/2901
f 2903/2903/2903 2911/2911/2911 2910/2910/2910
f 2903/2903/2903 2910/2910/2910 2902/2902/2902
f 2897/2897/2897 2905/2905/2905 2904/2904/2904
f 2897/2897/2897 2904/2904/2904 2896/2896/2896
f 2898/2898/2898 2906/2906/2906 2905/2905/2905
f 2898/2898/2898 2905/2905/2905 2897/2897/2897
f 2899/2899/2899 2907/2907/2907 2906/2906/2906
f 2899/2899/2899 2906/2906/2906 2898/2898/2898
f 2905/2905/2905 2906/2906/2906 2914/2914/2914
f 2905/2905/2905 2914/2914/2914 2913/2913/2913
f 2906/2906/2906 2907/2907/2907 2915/2915/2915
f 2906/2906/2906 2915/2915/2915 2914/2914/2914
f 2907/2907/2907 2908/2908/2908 2916/2916/2916
f 2907/2907/2907 2916/2916/2916 2915/2915/2915
f 2908/2908/2908 2909/2909/2909 2917/2917/2917
f 2908/2908/2908 2917/2917/2917 2916/2916/2916
f 2909/2909/2909 2910/2910/2910 2918/2918/2918
f 2909/2909/2909 2918/2918/2918 2917/2917/2917
f 2910/2910/2910 2911/2911/2911 3085/3085/3085
f 2910/2910/2910 3085/3085/3085 2918/2918/2918
f 2913/2913/2913 2920/2920/2920 2919/2919/2919
f 2913/2913/2913 2919/2919/2919 2912/2912/2912
f 2914/2914/2914 2921/2921/2921 2920/2920/2920
f 2914/2914/2914 2920/2920/2920 2913/2913/2913
f 2915/2915/2915 2922/2922/2922 2921/2921/2921
f 2915/2915/2915 2921/2921/2921 2914/2914/2914
f 2916/2916/2916 2923/2923/2923 2922/2922/2922
f 2916/2916/2916 2922/2922/2922 2915/2915/2915
f 2917/2917/2917 2924/2924/2924 2923/2923/2923
f 2917/2917/2917 2923/2923/2923 2916/2916/2916
f 2918/2918/2918 2925/2925/2925 2924/2924/2924
f 2918/2918/2918 2924/2924/2924 2917/2917/2917
f 3085/3085/3085 2926/2926/2926 2925/2925/2925
f 3085/3085/3085 2925/2925/2925 2918/2918/2918
f 3087/3087/3087 2949/2949/2949 2995/2995/2995
f 3087/3087/3087 2995/2995/2995 2993/2993/2993
f 2924/2924/2924 2932/2932/2932 2931/2931/2931
f 2924/2924/2924 2931/2931/2931 2923/2923/2923
f 2925/2925/2925 2933/2933/2933 2932/2932/2932
f 2925/2925/2925 2932/2932/2932 2924/2924/2924
f 2926/2926/2926 3004/3004/3004 3005/3005/3005
f 2926/2926/2926 3005/3005/3005 3086/3086/3086
f 2926/2926/2926 3086/3086/3086 2933/2933/2933
f 2926/2926/2926 2933/2933/2933 2925/2925/2925
f 2920/2920/2920 2928/2928/2928 2927/2927/2927
f 2920/2920/2920 2927/2927/2927 2919/2919/2919
f 2921/2921/2921 2929/2929/2929 2928/2928/2928
f 2921/2921/2921 2928/2928/2928 2920/2920/2920
f 2922/2922/2922 2930/2930/2930 2929/2929/2929
f 2922/2922/2922 2929/2929/2929 2921/2921/2921
f 2929/2929/2929 2936/2936/2936 2935/2935/2935
f 2929/2929/2929 2935/2935/2935 2928/2928/2928
f 2930/2930/2930 2937/2937/2937 2936/2936/2936
f 2930/2930/2930 2936/2936/2936 2929/2929/2929
f 2931/2931/2931 2938/2938/2938 2937/2937/2937
f 2931/2931/2931 2937/2937/2937 2930/2930/2930
f 2932/2932/2932 2939/2939/2939 2938/2938/2938
f 2932/2932/2932 2938/2938/2938 2931/2931/2931
f 2933/2933/2933 2940/2940/2940 2939/2939/2939
f 2933/2933/2933 2939/2939/2939 2932/2932/2932
f 3086/3086/3086 2941/2941/2941 2940/2940/2940
f 3086/3086/3086 2940/2940/2940 2933/2933/2933
f 2928/2928/2928 2935/2935/2935 2934/2934/2934
f 2928/2928/2928 2934/2934/2934 2927/2927/2927
f 2940/2940/2940 2948/2948/2948 2947/2947/2947
f 2940/2940/2940 2947/2947/2947 2939/2939/2939
f 2941/2941/2941 2949/2949/2949 2948/2948/2948
f 2941/2941/2941 2948/2948/2948 2940/2940/2940
f 2935/2935/2935 2943/2943/2943 2942/2942/2942
f 2935/2935/2935 2942/2942/2942 2934/2934/2934
f 2936/2936/2936 2944/2944/2944 2943/2943/2943
f 2936/2936/2936 2943/2943/2943 2935/2935/2935
f 2937/2937/2937 2945/2945/2945 2944/2944/2944
f 2937/2937/2937 2944/2944/2944 2936/2936/2936
f 2938/2938/2938 2946/2946/2946 2945/2945/2945
f 2938/2938/2938 2945/2945/2945 2937/2937/2937
f 2939/2939/2939 2947/2947/2947 2946/2946/2946
f 2939/2939/2939 2946/2946/2946 2938/2938/2938
f 2944/2944/2944 2952/2952/2952 2951/2951/2951
f 2944/2944/2944 2951/2951/2951 2943/2943/2943
f 2945/2945/2945 2953/2953/2953 2952/2952/2952
f 2945/2945/2945 2952/2952/2952 2944/2944/2944
f 2946/2946/2946 2954/2954/2954 2953/2953/2953
f 2946/2946/2946 2953/2953/2953 2945/2945/2945
f 2947/2947/2947 2955/2955/2955 2954/2954/2954
f 2947/2947/2947 2954/2954/2954 2946/2946/2946
f 2948/2948/2948 2956/2956/2956 2955/2955/2955
f 2948/2948/2948 2955/2955/2955 2947/2947/2947
f 2949/2949/2949 3087/3087/3087 2956/2956/2956
f 2949/2949/2949 2956/2956/2956 2948/2948/2948
f 2943/2943/2943 2951/2951/2951 2950/2950/2950
f 2943/2943/2943 2950/2950/2950 2942/2942/2942
f 2975/2975/2975 2969/2969/2969 2967/2967/2967
f 2975/2975/2975 2967/2967/2967 2976/2976/2976
f 3088/3088/3088 2971/2971/2971 2969/2969/2969
f 3088/3088/3088 2969/2969/2969 2975/2975/2975
f 2978/2978/2978 2959/2959/2959 2957/2957/2957
f 2978/2978/2978 2957/2957/2957 2977/2977/2977
f 2979/2979/2979 2961/2961/2961 2959/2959/2959
f 2979/2979/2979 2959/2959/2959 2978/2978/2978
f 2980/2980/2980 2963/2963/2963 2961/2961/2961
f 2980/2980/2980 2961/2961/2961 2979/2979/2979
f 2981/2981/2981 2965/2965/2965 2963/2963/2963
f 2981/2981/2981 2963/2963/2963 2980/2980/2980
f 2955/2955/2955 2976/2976/2976 2981/2981/2981
f 2955/2955/2955 2981/2981/2981 2954/2954/2954
f 2954/2954/2954 2981/2981/2981 2980/2980/2980
f 2954/2954/2954 2980/2980/2980 2953/2953/2953
f 2953/2953/2953 2980/2980/2980 2979/2979/2979
f 2953/2953/2953 2979/2979/2979 2952/2952/2952
f 2952/2952/2952 2979/2979/2979 2978/2978/2978
f 2952/2952/2952 2978/2978/2978 2951/2951/2951
f 2951/2951/2951 2978/2978/2978 2977/2977/2977
f 2951/2951/2951 2977/2977/2977 2950/2950/2950
f 3087/3087/3087 3088/3088/3088 2975/2975/2975
f 3087/3087/3087 2975/2975/2975 2956/2956/2956
f 2956/2956/2956 2975/2975/2975 2976/2976/2976
f 2956/2956/2956 2976/2976/2976 2955/2955/2955
f 3088/3088/3088 3087/3087/3087 2993/2993/2993
f 3088/3088/3088 2993/2993/2993 2988/2988/2988
f 2995/2995/2995 2994/2994/2994 2983/2983/2983
f 2995/2995/2995 2983/2983/2983 2993/2993/2993
f 3088/3088/3088 2988/2988/2988 2989/2989/2989
f 3088/3088/3088 2989/2989/2989 2971/2971/2971
f 2993/2993/2993 2983/2983/2983 2987/2987/2987
f 2993/2993/2993 2987/2987/2987 2988/2988/2988
f 2976/2976/2976 2967/2967/2967 2965/2965/2965
f 2976/2976/2976 2965/2965/2965 2981/2981/2981
f 3004/3004/3004 2996/2996/2996 3000/3000/3000
f 3004/3004/3004 3000/3000/3000 3005/3005/3005
f 3010/3010/3010 3002/3002/3002 3003/3003/3003
f 3010/3010/3010 3003/3003/3003 3015/3015/3015
f 3049/3049/3049 3046/3046/3046 3002/3002/3002
f 3049/3049/3049 3002/3002/3002 3010/3010/3010
f 2988/2988/2988 2987/2987/2987 2991/2991/2991
f 2988/2988/2988 2991/2991/2991 2989/2989/2989
f 2941/2941/2941 2998/2998/2998 3007/3007/3007
f 2941/2941/2941 3007/3007/3007 2949/2949/2949
f 3086/3086/3086 3005/3005/3005 2998/2998/2998
f 3086/3086/3086 2998/2998/2998 2941/2941/2941
f 3085/3085/3085 3047/3047/3047 3012/3012/3012
f 3085/3085/3085 3012/3012/3012 2996/2996/2996
f 3047/3047/3047 3048/3048/3048 3011/3011/3011
f 3047/3047/3047 3011/3011/3011 3012/3012/3012
f 3048/3048/3048 3049/3049/3049 3010/3010/3010
f 3048/3048/3048 3010/3010/3010 3011/3011/3011
f 2996/2996/2996 3012/3012/3012 3013/3013/3013
f 2996/2996/2996 3013/3013/3013 3000/3000/3000
f 3012/3012/3012 3011/3011/3011 3014/3014/3014
f 3012/3012/3012 3014/3014/3014 3013/3013/3013
f 3011/3011/3011 3010/3010/3010 3015/3015/3015
f 3011/3011/3011 3015/3015/3015 3014/3014/3014
f 2904/2904/2904 2905/2905/2905 2913/2913/2913
f 2904/2904/2904 2913/2913/2913 2912/2912/2912
f 3026/3026/3026 3024/3024/3024 3025/3025/3025
f 3026/3026/3026 3025/3025/3025 3029/3029/3029
f 3030/3030/3030 3018/3018/3018 3019/3019/3019
f 3030/3030/3030 3019/3019/3019 3033/3033/3033
f 3033/3033/3033 3019/3019/3019 3020/3020/3020
f 3033/3033/3033 3020/3020/3020 3035/3035/3035
f 3036/3036/3036 3016/3016/3016 3018/3018/3018
f 3036/3036/3036 3018/3018/3018 3030/3030/3030
f 3040/3040/3040 3023/3023/3023 3024/3024/3024
f 3040/3040/3040 3024/3024/3024 3026/3026/3026
f 3042/3042/3042 3022/3022/3022 3023/3023/3023
f 3042/3042/3042 3023/3023/3023 3040/3040/3040
f 3044/3044/3044 3021/3021/3021 3022/3022/3022
f 3044/3044/3044 3022/3022/3022 3042/3042/3042
f 2879/2879/2879 2871/2871/2871 3034/3034/3034
f 2879/2879/2879 3034/3034/3034 3045/3045/3045
f 3034/3034/3034 3035/3035/3035 3044/3044/3044
f 3034/3034/3034 3044/3044/3044 3045/3045/3045
f 2887/2887/2887 2879/2879/2879 3045/3045/3045
f 2887/2887/2887 3045/3045/3045 3043/3043/3043
f 3045/3045/3045 3044/3044/3044 3042/3042/3042
f 3045/3045/3045 3042/3042/3042 3043/3043/3043
f 2895/2895/2895 2887/2887/2887 3043/3043/3043
f 2895/2895/2895 3043/3043/3043 3041/3041/3041
f 3043/3043/3043 3042/3042/3042 3040/3040/3040
f 3043/3043/3043 3040/3040/3040 3041/3041/3041
f 2903/2903/2903 2895/2895/2895 3041/3041/3041
f 2903/2903/2903 3041/3041/3041 3027/3027/3027
f 3041/3041/3041 3040/3040/3040 3026/3026/3026
f 3041/3041/3041 3026/3026/3026 3027/3027/3027
f 2855/2855/2855 2846/2846/2846 3038/3038/3038
f 2855/2855/2855 3038/3038/3038 3031/3031/3031
f 3038/3038/3038 3036/3036/3036 3030/3030/3030
f 3038/3038/3038 3030/3030/3030 3031/3031/3031
f 2871/2871/2871 2863/2863/2863 3032/3032/3032
f 2871/2871/2871 3032/3032/3032 3034/3034/3034
f 3032/3032/3032 3033/3033/3033 3035/3035/3035
f 3032/3032/3032 3035/3035/3035 3034/3034/3034
f 3001/3001/3001 3049/3049/3049 3048/3048/3048
f 3001/3001/3001 3048/3048/3048 3029/3029/3029
f 2863/2863/2863 2855/2855/2855 3031/3031/3031
f 2863/2863/2863 3031/3031/3031 3032/3032/3032
f 3031/3031/3031 3030/3030/3030 3033/3033/3033
f 3031/3031/3031 3033/3033/3033 3032/3032/3032
f 2911/2911/2911 2903/2903/2903 3027/3027/3027
f 2911/2911/2911 3027/3027/3027 3028/3028/3028
f 3027/3027/3027 3026/3026/3026 3029/3029/3029
f 3027/3027/3027 3029/3029/3029 3028/3028/3028
f 3085/3085/3085 2911/2911/2911 3028/3028/3028
f 3085/3085/3085 3028/3028/3028 3047/3047/3047
f 3035/3035/3035 3020/3020/3020 3021/3021/3021
f 3035/3035/3035 3021/3021/3021 3044/3044/3044
f 2987/2987/2987 2986/2986/2986 3050/3050/3050
f 2987/2987/2987 3050/3050/3050 2991/2991/2991
f 3019/3019/3019 3054/3054/3054 3055/3055/3055
f 3019/3019/3019 3055/3055/3055 3020/3020/3020
f 3016/3016/3016 3051/3051/3051 3053/3053/3053
f 3016/3016/3016 3053/3053/3053 3018/3018/3018
f 3022/3022/3022 3057/3057/3057 3058/3058/3058
f 3022/3022/3022 3058/3058/3058 3023/3023/3023
f 3020/3020/3020 3055/3055/3055 3056/3056/3056
f 3020/3020/3020 3056/3056/3056 3021/3021/3021
f 3018/3018/3018 3053/3053/3053 3054/3054/3054
f 3018/3018/3018 3054/3054/3054 3019/3019/3019
f 3023/3023/3023 3058/3058/3058 3059/3059/3059
f 3023/3023/3023 3059/3059/3059 3024/3024/3024
f 3021/3021/3021 3056/3056/3056 3057/3057/3057
f 3021/3021/3021 3057/3057/3057 3022/3022/3022
f 3058/3058/3058 3067/3067/3067 3068/3068/3068
f 3058/3058/3058 3068/3068/3068 3059/3059/3059
f 3056/3056/3056 3065/3065/3065 3066/3066/3066
f 3056/3056/3056 3066/3066/3066 3057/3057/3057
f 3054/3054/3054 3063/3063/3063 3064/3064/3064
f 3054/3054/3054 3064/3064/3064 3055/3055/3055
f 3051/3051/3051 3060/3060/3060 3062/3062/3062
f 3051/3051/3051 3062/3062/3062 3053/3053/3053
f 3057/3057/3057 3066/3066/3066 3067/3067/3067
f 3057/3057/3057 3067/3067/3067 3058/3058/3058
f 3055/3055/3055 3064/3064/3064 3065/3065/3065
f 3055/3055/3055 3065/3065/3065 3056/3056/3056
f 3053/3053/3053 3062/3062/3062 3063/3063/3063
f 3053/3053/3053 3063/3063/3063 3054/3054/3054
f 3065/3065/3065 3074/3074/3074 3075/3075/3075
f 3065/3065/3065 3075/3075/3075 3066/3066/3066
f 3063/3063/3063 3072/3072/3072 3073/3073/3073
f 3063/3063/3063 3073/3073/3073 3064/3064/3064
f 3060/3060/3060 3069/3069/3069 3071/3071/3071
f 3060/3060/3060 3071/3071/3071 3062/3062/3062
f 3066/3066/3066 3075/3075/3075 3076/3076/3076
f 3066/3066/3066 3076/3076/3076 3067/3067/3067
f 3064/3064/3064 3073/3073/3073 3074/3074/3074
f 3064/3064/3064 3074/3074/3074 3065/3065/3065
f 3062/3062/3062 3071/3071/3071 3072/3072/3072
f 3062/3062/3062 3072/3072/3072 3063/3063/3063
f 3067/3067/3067 3076/3076/3076 3077/3077/3077
f 3067/3067/3067 3077/3077/3077 3068/3068/3068
f 2923/2923/2923 2931/2931/2931 2930/2930/2930
f 2923/2923/2923 2930/2930/2930 2922/2922/2922
f 2413/2413/2413 2419/2419/2419 2587/2587/2587
f 2413/2413/2413 2587/2587/2587 2588/2588/2588
f 2786/2786/2786 2752/2752/2752 2747/2747/2747
f 2786/2786/2786 2747/2747/2747 2782/2782/2782
f 2675/2675/2675 2474/2474/2474 2461/2461/2461
f 2675/2675/2675 2461/2461/2461 2460/2460/2460
f 3047/3047/3047 3028/3028/3028 3029/3029/3029
f 3047/3047/3047 3029/3029/3029 3048/3048/3048
f 2501/2501/2501 3090/3090/3090 3089/3089/3089
f 2501/2501/2501 3089/3089/3089 5172/5172/5172
f 2727/2727/2727 2774/2774/2774 2766/2766/2766
f 2727/2727/2727 2766/2766/2766 2730/2730/2730
f 3126/3126/3126 3170/3170/3170 3174/3174/3174
f 3126/3126/3126 3174/3174/3174 3129/3129/3129
f 3153/3153/3153 3123/3123/3123 3124/3124/3124
f 3153/3153/3153 3124/3124/3124 5228/5228/5228
f 3176/3176/3176 3172/3172/3172 3180/3180/3180
f 3176/3176/3176 3180/3180/3180 3194/3194/3194
f 5231/5231/5231 3128/3128/3128 3130/3130/3130
f 5231/5231/5231 3130/3130/3130 5230/5230/5230
f 5230/5230/5230 3130/3130/3130 3131/3131/3131
f 5230/5230/5230 3131/3131/3131 5229/5229/5229
f 5229/5229/5229 3131/3131/3131 3132/3132/3132
f 5229/5229/5229 3132/3132/3132 5227/5227/5227
f 5228/5228/5228 3124/3124/3124 3125/3125/3125
f 5228/5228/5228 3125/3125/3125 5222/5222/5222
f 5227/5227/5227 3132/3132/3132 3133/3133/3133
f 5227/5227/5227 3133/3133/3133 5224/5224/5224
f 4922/4922/4922 3122/3122/3122 3123/3123/3123
f 4922/4922/4922 3123/3123/3123 3153/3153/3153
f 5225/5225/5225 3134/3134/3134 3127/3127/3127
f 5225/5225/5225 3127/3127/3127 5223/5223/5223
f 5222/5222/5222 3125/3125/3125 3126/3126/3126
f 5222/5222/5222 3126/3126/3126 5221/5221/5221
f 3202/3202/3202 3264/3264/3264 3251/3251/3251
f 3202/3202/3202 3251/3251/3251 3196/3196/3196
f 3469/3469/3469 5265/5265/5265 5263/5263/5263
f 3469/3469/3469 5263/5263/5263 3468/3468/3468
f 3170/3170/3170 3171/3171/3171 3184/3184/3184
f 3170/3170/3170 3184/3184/3184 3185/3185/3185
f 3572/3572/3572 5279/5279/5279 5280/5280/5280
f 3572/3572/3572 5280/5280/5280 3566/3566/3566
f 3290/3290/3290 3148/3148/3148 3147/3147/3147
f 3290/3290/3290 3147/3147/3147 3289/3289/3289
f 5249/5249/5249 3407/3407/3407 3413/3413/3413
f 5249/5249/5249 3413/3413/3413 3419/3419/3419
f 3175/3175/3175 3165/3165/3165 3182/3182/3182
f 3175/3175/3175 3182/3182/3182 3183/3183/3183
f 3180/3180/3180 3196/3196/3196 3210/3210/3210
f 3180/3180/3180 3210/3210/3210 3194/3194/3194
f 3177/3177/3177 3173/3173/3173 3187/3187/3187
f 3177/3177/3177 3187/3187/3187 3189/3189/3189
f 3178/3178/3178 3177/3177/3177 3189/3189/3189
f 3178/3178/3178 3189/3189/3189 3190/3190/3190
f 3179/3179/3179 3178/3178/3178 3190/3190/3190
f 3179/3179/3179 3190/3190/3190 3191/3191/3191
f 3168/3168/3168 3179/3179/3179 3191/3191/3191
f 3168/3168/3168 3191/3191/3191 3192/3192/3192
f 3165/3165/3165 3166/3166/3166 3181/3181/3181
f 3165/3165/3165 3181/3181/3181 3182/3182/3182
f 3277/3277/3277 3289/3289/3289 3147/3147/3147
f 3277/3277/3277 3147/3147/3147 3145/3145/3145
f 5223/5223/5223 3127/3127/3127 3121/3121/3121
f 5223/5223/5223 3121/3121/3121 3155/3155/3155
f 3100/3100/3100 3159/3159/3159 3164/3164/3164
f 3100/3100/3100 3164/3164/3164 3102/3102/3102
f 3117/3117/3117 3161/3161/3161 3163/3163/3163
f 3117/3117/3117 3163/3163/3163 3103/3103/3103
f 3094/3094/3094 3162/3162/3162 5226/5226/5226
f 3094/3094/3094 5226/5226/5226 3096/3096/3096
f 3113/3113/3113 3158/3158/3158 3160/3160/3160
f 3113/3113/3113 3160/3160/3160 3115/3115/3115
f 3098/3098/3098 3152/3152/3152 3159/3159/3159
f 3098/3098/3098 3159/3159/3159 3100/3100/3100
f 3111/3111/3111 3157/3157/3157 3158/3158/3158
f 3111/3111/3111 3158/3158/3158 3113/3113/3113
f 3109/3109/3109 3156/3156/3156 3157/3157/3157
f 3109/3109/3109 3157/3157/3157 3111/3111/3111
f 3106/3106/3106 3150/3150/3150 3156/3156/3156
f 3106/3106/3106 3156/3156/3156 3109/3109/3109
f 3155/3155/3155 3121/3121/3121 3135/3135/3135
f 3155/3155/3155 3135/3135/3135 3154/3154/3154
f 3096/3096/3096 5226/5226/5226 3152/3152/3152
f 3096/3096/3096 3152/3152/3152 3098/3098/3098
f 3132/3132/3132 3179/3179/3179 3168/3168/3168
f 3132/3132/3132 3168/3168/3168 3133/3133/3133
f 3124/3124/3124 3175/3175/3175 3171/3171/3171
f 3124/3124/3124 3171/3171/3171 3125/3125/3125
f 3131/3131/3131 3178/3178/3178 3179/3179/3179
f 3131/3131/3131 3179/3179/3179 3132/3132/3132
f 3130/3130/3130 3177/3177/3177 3178/3178/3178
f 3130/3130/3130 3178/3178/3178 3131/3131/3131
f 3128/3128/3128 3173/3173/3173 3177/3177/3177
f 3128/3128/3128 3177/3177/3177 3130/3130/3130
f 3091/3091/3091 5233/5233/5233 4929/4929/4929
f 3091/3091/3091 4929/4929/4929 3119/3119/3119
f 3123/3123/3123 3165/3165/3165 3175/3175/3175
f 3123/3123/3123 3175/3175/3175 3124/3124/3124
f 3254/3254/3254 3265/3265/3265 3228/3228/3228
f 3254/3254/3254 3228/3228/3228 3231/3231/3231
f 3103/3103/3103 3163/3163/3163 5233/5233/5233
f 3103/3103/3103 5233/5233/5233 3091/3091/3091
f 3125/3125/3125 3171/3171/3171 3170/3170/3170
f 3125/3125/3125 3170/3170/3170 3126/3126/3126
f 3134/3134/3134 3169/3169/3169 3167/3167/3167
f 3134/3134/3134 3167/3167/3167 3127/3127/3127
f 3122/3122/3122 3166/3166/3166 3165/3165/3165
f 3122/3122/3122 3165/3165/3165 3123/3123/3123
f 3301/3301/3301 3138/3138/3138 3271/3271/3271
f 3301/3301/3301 3271/3271/3271 3272/3272/3272
f 3272/3272/3272 3271/3271/3271 3137/3137/3137
f 3272/3272/3272 3137/3137/3137 3293/3293/3293
f 3303/3303/3303 3143/3143/3143 3142/3142/3142
f 3303/3303/3303 3142/3142/3142 3305/3305/3305
f 3285/3285/3285 3268/3268/3268 3269/3269/3269
f 3285/3285/3285 3269/3269/3269 3283/3283/3283
f 3127/3127/3127 3167/3167/3167 3172/3172/3172
f 3127/3127/3127 3172/3172/3172 3121/3121/3121
f 3283/3283/3283 3269/3269/3269 3270/3270/3270
f 3283/3283/3283 3270/3270/3270 3279/3279/3279
f 3276/3276/3276 3144/3144/3144 3143/3143/3143
f 3276/3276/3276 3143/3143/3143 3303/3303/3303
f 3298/3298/3298 3211/3211/3211 3138/3138/3138
f 3298/3298/3298 3138/3138/3138 3301/3301/3301
f 3243/3243/3243 3278/3278/3278 3295/3295/3295
f 3243/3243/3243 3295/3295/3295 3225/3225/3225
f 3305/3305/3305 3142/3142/3142 3141/3141/3141
f 3305/3305/3305 3141/3141/3141 3307/3307/3307
f 3294/3294/3294 3195/3195/3195 3149/3149/3149
f 3294/3294/3294 3149/3149/3149 3297/3297/3297
f 3167/3167/3167 3169/3169/3169 3193/3193/3193
f 3167/3167/3167 3193/3193/3193 3186/3186/3186
f 5221/5221/5221 3126/3126/3126 3129/3129/3129
f 5221/5221/5221 3129/3129/3129 5232/5232/5232
f 3171/3171/3171 3175/3175/3175 3183/3183/3183
f 3171/3171/3171 3183/3183/3183 3184/3184/3184
f 3193/3193/3193 3209/3209/3209 3202/3202/3202
f 3193/3193/3193 3202/3202/3202 3186/3186/3186
f 3184/3184/3184 3200/3200/3200 3201/3201/3201
f 3184/3184/3184 3201/3201/3201 3185/3185/3185
f 3566/3566/3566 5280/5280/5280 4978/4978/4978
f 3566/3566/3566 4978/4978/4978 3580/3580/3580
f 3172/3172/3172 3167/3167/3167 3186/3186/3186
f 3172/3172/3172 3186/3186/3186 3180/3180/3180
f 3174/3174/3174 3170/3170/3170 3185/3185/3185
f 3174/3174/3174 3185/3185/3185 3188/3188/3188
f 3182/3182/3182 3198/3198/3198 3199/3199/3199
f 3182/3182/3182 3199/3199/3199 3183/3183/3183
f 3187/3187/3187 3203/3203/3203 3205/3205/3205
f 3187/3187/3187 3205/3205/3205 3189/3189/3189
f 3189/3189/3189 3205/3205/3205 3206/3206/3206
f 3189/3189/3189 3206/3206/3206 3190/3190/3190
f 3190/3190/3190 3206/3206/3206 3207/3207/3207
f 3190/3190/3190 3207/3207/3207 3191/3191/3191
f 3183/3183/3183 3199/3199/3199 3200/3200/3200
f 3183/3183/3183 3200/3200/3200 3184/3184/3184
f 3191/3191/3191 3207/3207/3207 3208/3208/3208
f 3191/3191/3191 3208/3208/3208 3192/3192/3192
f 3181/3181/3181 3197/3197/3197 3198/3198/3198
f 3181/3181/3181 3198/3198/3198 3182/3182/3182
f 3213/3213/3213 3215/3215/3215 3214/3214/3214
f 3213/3213/3213 3214/3214/3214 3212/3212/3212
f 3215/3215/3215 3219/3219/3219 3217/3217/3217
f 3215/3215/3215 3217/3217/3217 3214/3214/3214
f 3218/3218/3218 3221/3221/3221 3220/3220/3220
f 3218/3218/3218 3220/3220/3220 3216/3216/3216
f 3221/3221/3221 3223/3223/3223 3222/3222/3222
f 3221/3221/3221 3222/3222/3222 3220/3220/3220
f 3279/3279/3279 3270/3270/3270 3195/3195/3195
f 3279/3279/3279 3195/3195/3195 3294/3294/3294
f 3246/3246/3246 3225/3225/3225 3226/3226/3226
f 3246/3246/3246 3226/3226/3226 3247/3247/3247
f 3248/3248/3248 3239/3239/3239 3240/3240/3240
f 3248/3248/3248 3240/3240/3240 3250/3250/3250
f 3251/3251/3251 3224/3224/3224 3237/3237/3237
f 3251/3251/3251 3237/3237/3237 3252/3252/3252
f 3253/3253/3253 3230/3230/3230 3232/3232/3232
f 3253/3253/3253 3232/3232/3232 3255/3255/3255
f 3229/3229/3229 3281/3281/3281 3299/3299/3299
f 3229/3229/3229 3299/3299/3299 3224/3224/3224
f 3266/3266/3266 3245/3245/3245 3238/3238/3238
f 3266/3266/3266 3238/3238/3238 3256/3256/3256
f 3255/3255/3255 3232/3232/3232 3233/3233/3233
f 3255/3255/3255 3233/3233/3233 3257/3257/3257
f 3223/3223/3223 3198/3198/3198 3197/3197/3197
f 3223/3223/3223 3197/3197/3197 3222/3222/3222
f 3257/3257/3257 3233/3233/3233 3234/3234/3234
f 3257/3257/3257 3234/3234/3234 3259/3259/3259
f 3247/3247/3247 3226/3226/3226 3227/3227/3227
f 3247/3247/3247 3227/3227/3227 3260/3260/3260
f 3249/3249/3249 3241/3241/3241 3242/3242/3242
f 3249/3249/3249 3242/3242/3242 3261/3261/3261
f 3259/3259/3259 3234/3234/3234 3235/3235/3235
f 3259/3259/3259 3235/3235/3235 3262/3262/3262
f 3256/3256/3256 3238/3238/3238 3239/3239/3239
f 3256/3256/3256 3239/3239/3239 3248/3248/3248
f 3263/3263/3263 3236/3236/3236 3229/3229/3229
f 3263/3263/3263 3229/3229/3229 3264/3264/3264
f 3260/3260/3260 3227/3227/3227 3228/3228/3228
f 3260/3260/3260 3228/3228/3228 3265/3265/3265
f 3201/3201/3201 3265/3265/3265 3254/3254/3254
f 3201/3201/3201 3254/3254/3254 3204/3204/3204
f 3261/3261/3261 3242/3242/3242 3243/3243/3243
f 3261/3261/3261 3243/3243/3243 3258/3258/3258
f 3252/3252/3252 3237/3237/3237 3245/3245/3245
f 3252/3252/3252 3245/3245/3245 3266/3266/3266
f 3210/3210/3210 3252/3252/3252 3266/3266/3266
f 3210/3210/3210 3266/3266/3266 3244/3244/3244
f 3228/3228/3228 3288/3288/3288 3275/3275/3275
f 3228/3228/3228 3275/3275/3275 3231/3231/3231
f 3221/3221/3221 3261/3261/3261 3258/3258/3258
f 3221/3221/3221 3258/3258/3258 3223/3223/3223
f 3264/3264/3264 3229/3229/3229 3224/3224/3224
f 3264/3264/3264 3224/3224/3224 3251/3251/3251
f 3200/3200/3200 3260/3260/3260 3265/3265/3265
f 3200/3200/3200 3265/3265/3265 3201/3201/3201
f 3209/3209/3209 3263/3263/3263 3264/3264/3264
f 3209/3209/3209 3264/3264/3264 3202/3202/3202
f 3213/3213/3213 3256/3256/3256 3248/3248/3248
f 3213/3213/3213 3248/3248/3248 3215/3215/3215
f 3207/3207/3207 3259/3259/3259 3262/3262/3262
f 3207/3207/3207 3262/3262/3262 3208/3208/3208
f 3218/3218/3218 3249/3249/3249 3261/3261/3261
f 3218/3218/3218 3261/3261/3261 3221/3221/3221
f 3199/3199/3199 3247/3247/3247 3260/3260/3260
f 3199/3199/3199 3260/3260/3260 3200/3200/3200
f 3206/3206/3206 3257/3257/3257 3259/3259/3259
f 3206/3206/3206 3259/3259/3259 3207/3207/3207
f 3258/3258/3258 3243/3243/3243 3225/3225/3225
f 3258/3258/3258 3225/3225/3225 3246/3246/3246
f 3205/3205/3205 3255/3255/3255 3257/3257/3257
f 3205/3205/3205 3257/3257/3257 3206/3206/3206
f 3244/3244/3244 3266/3266/3266 3256/3256/3256
f 3244/3244/3244 3256/3256/3256 3213/3213/3213
f 3203/3203/3203 3253/3253/3253 3255/3255/3255
f 3203/3203/3203 3255/3255/3255 3205/3205/3205
f 3196/3196/3196 3251/3251/3251 3252/3252/3252
f 3196/3196/3196 3252/3252/3252 3210/3210/3210
f 3215/3215/3215 3248/3248/3248 3250/3250/3250
f 3215/3215/3215 3250/3250/3250 3219/3219/3219
f 3198/3198/3198 3246/3246/3246 3247/3247/3247
f 3198/3198/3198 3247/3247/3247 3199/3199/3199
f 3293/3293/3293 3137/3137/3137 3136/3136/3136
f 3293/3293/3293 3136/3136/3136 3309/3309/3309
f 3307/3307/3307 3141/3141/3141 3139/3139/3139
f 3307/3307/3307 3139/3139/3139 3312/3312/3312
f 3297/3297/3297 3149/3149/3149 3148/3148/3148
f 3297/3297/3297 3148/3148/3148 3290/3290/3290
f 3309/3309/3309 3136/3136/3136 3267/3267/3267
f 3309/3309/3309 3267/3267/3267 3284/3284/3284
f 3313/3313/3313 3140/3140/3140 3146/3146/3146
f 3313/3313/3313 3146/3146/3146 3280/3280/3280
f 3236/3236/3236 3311/3311/3311 3281/3281/3281
f 3236/3236/3236 3281/3281/3281 3229/3229/3229
f 3311/3311/3311 3313/3313/3313 3280/3280/3280
f 3311/3311/3311 3280/3280/3280 3281/3281/3281
f 3239/3239/3239 3308/3308/3308 3286/3286/3286
f 3239/3239/3239 3286/3286/3286 3240/3240/3240
f 3308/3308/3308 3309/3309/3309 3284/3284/3284
f 3308/3308/3308 3284/3284/3284 3286/3286/3286
f 3226/3226/3226 3296/3296/3296 3291/3291/3291
f 3226/3226/3226 3291/3291/3291 3227/3227/3227
f 3296/3296/3296 3297/3297/3297 3290/3290/3290
f 3296/3296/3296 3290/3290/3290 3291/3291/3291
f 3234/3234/3234 3306/3306/3306 3310/3310/3310
f 3234/3234/3234 3310/3310/3310 3235/3235/3235
f 3306/3306/3306 3307/3307/3307 3312/3312/3312
f 3306/3306/3306 3312/3312/3312 3310/3310/3310
f 3238/3238/3238 3292/3292/3292 3308/3308/3308
f 3238/3238/3238 3308/3308/3308 3239/3239/3239
f 3292/3292/3292 3293/3293/3293 3309/3309/3309
f 3292/3292/3292 3309/3309/3309 3308/3308/3308
f 3288/3288/3288 3289/3289/3289 3277/3277/3277
f 3288/3288/3288 3277/3277/3277 3275/3275/3275
f 3147/3147/3147 3325/3325/3325 3322/3322/3322
f 3147/3147/3147 3322/3322/3322 3145/3145/3145
f 3225/3225/3225 3295/3295/3295 3296/3296/3296
f 3225/3225/3225 3296/3296/3296 3226/3226/3226
f 3295/3295/3295 3294/3294/3294 3297/3297/3297
f 3295/3295/3295 3297/3297/3297 3296/3296/3296
f 3233/3233/3233 3304/3304/3304 3306/3306/3306
f 3233/3233/3233 3306/3306/3306 3234/3234/3234
f 3304/3304/3304 3305/3305/3305 3307/3307/3307
f 3304/3304/3304 3307/3307/3307 3306/3306/3306
f 3278/3278/3278 3279/3279/3279 3294/3294/3294
f 3278/3278/3278 3294/3294/3294 3295/3295/3295
f 3270/3270/3270 3333/3333/3333 3328/3328/3328
f 3270/3270/3270 3328/3328/3328 3195/3195/3195
f 3224/3224/3224 3299/3299/3299 3300/3300/3300
f 3224/3224/3224 3300/3300/3300 3237/3237/3237
f 3299/3299/3299 3298/3298/3298 3301/3301/3301
f 3299/3299/3299 3301/3301/3301 3300/3300/3300
f 3281/3281/3281 3280/3280/3280 3298/3298/3298
f 3281/3281/3281 3298/3298/3298 3299/3299/3299
f 3146/3146/3146 3324/3324/3324 3329/3329/3329
f 3146/3146/3146 3329/3329/3329 3211/3211/3211
f 3230/3230/3230 3274/3274/3274 3302/3302/3302
f 3230/3230/3230 3302/3302/3302 3232/3232/3232
f 3274/3274/3274 3276/3276/3276 3303/3303/3303
f 3274/3274/3274 3303/3303/3303 3302/3302/3302
f 3242/3242/3242 3282/3282/3282 3278/3278/3278
f 3242/3242/3242 3278/3278/3278 3243/3243/3243
f 3282/3282/3282 3283/3283/3283 3279/3279/3279
f 3282/3282/3282 3279/3279/3279 3278/3278/3278
f 3241/3241/3241 3287/3287/3287 3282/3282/3282
f 3241/3241/3241 3282/3282/3282 3242/3242/3242
f 3287/3287/3287 3285/3285/3285 3283/3283/3283
f 3287/3287/3287 3283/3283/3283 3282/3282/3282
f 3232/3232/3232 3302/3302/3302 3304/3304/3304
f 3232/3232/3232 3304/3304/3304 3233/3233/3233
f 3302/3302/3302 3303/3303/3303 3305/3305/3305
f 3302/3302/3302 3305/3305/3305 3304/3304/3304
f 3245/3245/3245 3273/3273/3273 3292/3292/3292
f 3245/3245/3245 3292/3292/3292 3238/3238/3238
f 3273/3273/3273 3272/3272/3272 3293/3293/3293
f 3273/3273/3273 3293/3293/3293 3292/3292/3292
f 3237/3237/3237 3300/3300/3300 3273/3273/3273
f 3237/3237/3237 3273/3273/3273 3245/3245/3245
f 3300/3300/3300 3301/3301/3301 3272/3272/3272
f 3300/3300/3300 3272/3272/3272 3273/3273/3273
f 3227/3227/3227 3291/3291/3291 3288/3288/3288
f 3227/3227/3227 3288/3288/3288 3228/3228/3228
f 3291/3291/3291 3290/3290/3290 3289/3289/3289
f 3291/3291/3291 3289/3289/3289 3288/3288/3288
f 3141/3141/3141 3319/3319/3319 3318/3318/3318
f 3141/3141/3141 3318/3318/3318 3139/3139/3139
f 3269/3269/3269 3332/3332/3332 3333/3333/3333
f 3269/3269/3269 3333/3333/3333 3270/3270/3270
f 3137/3137/3137 3315/3315/3315 3314/3314/3314
f 3137/3137/3137 3314/3314/3314 3136/3136/3136
f 3211/3211/3211 3329/3329/3329 3316/3316/3316
f 3211/3211/3211 3316/3316/3316 3138/3138/3138
f 3186/3186/3186 3202/3202/3202 3196/3196/3196
f 3186/3186/3186 3196/3196/3196 3180/3180/3180
f 3140/3140/3140 3317/3317/3317 3324/3324/3324
f 3140/3140/3140 3324/3324/3324 3146/3146/3146
f 3149/3149/3149 3327/3327/3327 3326/3326/3326
f 3149/3149/3149 3326/3326/3326 3148/3148/3148
f 3142/3142/3142 3335/3335/3335 3319/3319/3319
f 3142/3142/3142 3319/3319/3319 3141/3141/3141
f 3268/3268/3268 3330/3330/3330 3332/3332/3332
f 3268/3268/3268 3332/3332/3332 3269/3269/3269
f 3185/3185/3185 3201/3201/3201 3204/3204/3204
f 3185/3185/3185 3204/3204/3204 3188/3188/3188
f 4204/4204/4204 4212/4212/4212 4211/4211/4211
f 4204/4204/4204 4211/4211/4211 4203/4203/4203
f 3143/3143/3143 3321/3321/3321 3320/3320/3320
f 3143/3143/3143 3320/3320/3320 3142/3142/3142
f 3148/3148/3148 3326/3326/3326 3325/3325/3325
f 3148/3148/3148 3325/3325/3325 3147/3147/3147
f 3271/3271/3271 3334/3334/3334 3315/3315/3315
f 3271/3271/3271 3315/3315/3315 3137/3137/3137
f 3144/3144/3144 3323/3323/3323 3321/3321/3321
f 3144/3144/3144 3321/3321/3321 3143/3143/3143
f 3136/3136/3136 3314/3314/3314 3331/3331/3331
f 3136/3136/3136 3331/3331/3331 3267/3267/3267
f 3195/3195/3195 3328/3328/3328 3327/3327/3327
f 3195/3195/3195 3327/3327/3327 3149/3149/3149
f 3138/3138/3138 3316/3316/3316 3334/3334/3334
f 3138/3138/3138 3334/3334/3334 3271/3271/3271
f 3350/3350/3350 5239/5239/5239 5238/5238/5238
f 3350/3350/3350 5238/5238/5238 3351/3351/3351
f 3352/3352/3352 5235/5235/5235 5236/5236/5236
f 3352/3352/3352 5236/5236/5236 3353/3353/3353
f 3349/3349/3349 3340/3340/3340 5234/5234/5234
f 3349/3349/3349 5234/5234/5234 3354/3354/3354
f 3376/3376/3376 3375/3375/3375 5239/5239/5239
f 3376/3376/3376 5239/5239/5239 3350/3350/3350
f 3354/3354/3354 5234/5234/5234 5235/5235/5235
f 3354/3354/3354 5235/5235/5235 3352/3352/3352
f 3343/3343/3343 3359/3359/3359 3361/3361/3361
f 3343/3343/3343 3361/3361/3361 3344/3344/3344
f 3339/3339/3339 3357/3357/3357 3358/3358/3358
f 3339/3339/3339 3358/3358/3358 3341/3341/3341
f 5237/5237/5237 3377/3377/3377 5241/5241/5241
f 5237/5237/5237 5241/5241/5241 5240/5240/5240
f 3341/3341/3341 3358/3358/3358 3360/3360/3360
f 3341/3341/3341 3360/3360/3360 3342/3342/3342
f 3359/3359/3359 3366/3366/3366 3367/3367/3367
f 3359/3359/3359 3367/3367/3367 3361/3361/3361
f 3357/3357/3357 3363/3363/3363 3364/3364/3364
f 3357/3357/3357 3364/3364/3364 3358/3358/3358
f 3377/3377/3377 3378/3378/3378 5242/5242/5242
f 3377/3377/3377 5242/5242/5242 5241/5241/5241
f 3358/3358/3358 3364/3364/3364 3365/3365/3365
f 3358/3358/3358 3365/3365/3365 3360/3360/3360
f 3366/3366/3366 3372/3372/3372 3373/3373/3373
f 3366/3366/3366 3373/3373/3373 3367/3367/3367
f 3363/3363/3363 3369/3369/3369 3370/3370/3370
f 3363/3363/3363 3370/3370/3370 3364/3364/3364
f 3378/3378/3378 3379/3379/3379 5243/5243/5243
f 3378/3378/3378 5243/5243/5243 5242/5242/5242
f 3364/3364/3364 3370/3370/3370 3371/3371/3371
f 3364/3364/3364 3371/3371/3371 3365/3365/3365
f 3367/3367/3367 3373/3373/3373 3379/3379/3379
f 3367/3367/3367 3379/3379/3379 3378/3378/3378
f 3361/3361/3361 3367/3367/3367 3378/3378/3378
f 3361/3361/3361 3378/3378/3378 3377/3377/3377
f 3344/3344/3344 3361/3361/3361 3377/3377/3377
f 3344/3344/3344 3377/3377/3377 5237/5237/5237
f 3353/3353/3353 5236/5236/5236 3375/3375/3375
f 3353/3353/3353 3375/3375/3375 3376/3376/3376
f 3345/3345/3345 3362/3362/3362 3382/3382/3382
f 3345/3345/3345 3382/3382/3382 3346/3346/3346
f 3370/3370/3370 3384/3384/3384 3387/3387/3387
f 3370/3370/3370 3387/3387/3387 3371/3371/3371
f 3379/3379/3379 3393/3393/3393 5244/5244/5244
f 3379/3379/3379 5244/5244/5244 5243/5243/5243
f 3372/3372/3372 3386/3386/3386 3389/3389/3389
f 3372/3372/3372 3389/3389/3389 3373/3373/3373
f 3369/3369/3369 3380/3380/3380 3384/3384/3384
f 3369/3369/3369 3384/3384/3384 3370/3370/3370
f 3373/3373/3373 3389/3389/3389 3393/3393/3393
f 3373/3373/3373 3393/3393/3393 3379/3379/3379
f 3362/3362/3362 3368/3368/3368 3395/3395/3395
f 3362/3362/3362 3395/3395/3395 3382/3382/3382
f 3424/3424/3424 3433/3433/3433 3434/3434/3434
f 3424/3424/3424 3434/3434/3434 3426/3426/3426
f 3368/3368/3368 3374/3374/3374 3398/3398/3398
f 3368/3368/3368 3398/3398/3398 3395/3395/3395
f 3581/3581/3581 3092/3092/3092 3120/3120/3120
f 3581/3581/3581 3120/3120/3120 3595/3595/3595
f 3382/3382/3382 3395/3395/3395 3397/3397/3397
f 3382/3382/3382 3397/3397/3397 3383/3383/3383
f 3374/3374/3374 3392/3392/3392 3401/3401/3401
f 3374/3374/3374 3401/3401/3401 3398/3398/3398
f 3395/3395/3395 3398/3398/3398 3400/3400/3400
f 3395/3395/3395 3400/3400/3400 3397/3397/3397
f 3397/3397/3397 3400/3400/3400 3399/3399/3399
f 3397/3397/3397 3399/3399/3399 3396/3396/3396
f 3369/3369/3369 5248/5248/5248 3408/3408/3408
f 3369/3369/3369 3408/3408/3408 3380/3380/3380
f 3339/3339/3339 3337/3337/3337 5247/5247/5247
f 3339/3339/3339 5247/5247/5247 3357/3357/3357
f 3357/3357/3357 5247/5247/5247 5246/5246/5246
f 3357/3357/3357 5246/5246/5246 3363/3363/3363
f 3363/3363/3363 5246/5246/5246 5248/5248/5248
f 3363/3363/3363 5248/5248/5248 3369/3369/3369
f 3418/3418/3418 3442/3442/3442 3444/3444/3444
f 3418/3418/3418 3444/3444/3444 3430/3430/3430
f 3405/3405/3405 3411/3411/3411 3412/3412/3412
f 3405/3405/3405 3412/3412/3412 3406/3406/3406
f 3406/3406/3406 3412/3412/3412 3413/3413/3413
f 3406/3406/3406 3413/3413/3413 3407/3407/3407
f 3336/3336/3336 3410/3410/3410 3411/3411/3411
f 3336/3336/3336 3411/3411/3411 3405/3405/3405
f 3410/3410/3410 3415/3415/3415 3416/3416/3416
f 3410/3410/3410 3416/3416/3416 3411/3411/3411
f 3412/3412/3412 3417/3417/3417 3418/3418/3418
f 3412/3412/3412 3418/3418/3418 3413/3413/3413
f 3404/3404/3404 3414/3414/3414 3415/3415/3415
f 3404/3404/3404 3415/3415/3415 3410/3410/3410
f 3411/3411/3411 3416/3416/3416 3417/3417/3417
f 3411/3411/3411 3417/3417/3417 3412/3412/3412
f 3420/3420/3420 3422/3422/3422 5251/5251/5251
f 3420/3420/3420 5251/5251/5251 5250/5250/5250
f 3422/3422/3422 3424/3424/3424 5253/5253/5253
f 3422/3422/3422 5253/5253/5253 5251/5251/5251
f 3424/3424/3424 3426/3426/3426 5254/5254/5254
f 3424/3424/3424 5254/5254/5254 5253/5253/5253
f 3426/3426/3426 3428/3428/3428 3391/3391/3391
f 3426/3426/3426 3391/3391/3391 5254/5254/5254
f 4185/4185/4185 4186/4186/4186 4205/4205/4205
f 4185/4185/4185 4205/4205/4205 4207/4207/4207
f 3420/3420/3420 3431/3431/3431 3432/3432/3432
f 3420/3420/3420 3432/3432/3432 3422/3422/3422
f 3426/3426/3426 3434/3434/3434 3435/3435/3435
f 3426/3426/3426 3435/3435/3435 3428/3428/3428
f 3422/3422/3422 3432/3432/3432 3433/3433/3433
f 3422/3422/3422 3433/3433/3433 3424/3424/3424
f 3429/3429/3429 3436/3436/3436 3427/3427/3427
f 3429/3429/3429 3427/3427/3427 3401/3401/3401
f 3442/3442/3442 3488/3488/3488 3490/3490/3490
f 3442/3442/3442 3490/3490/3490 3444/3444/3444
f 3433/3433/3433 3447/3447/3447 3448/3448/3448
f 3433/3433/3433 3448/3448/3448 3434/3434/3434
f 3417/3417/3417 3441/3441/3441 3442/3442/3442
f 3417/3417/3417 3442/3442/3442 3418/3418/3418
f 3434/3434/3434 3448/3448/3448 3449/3449/3449
f 3434/3434/3434 3449/3449/3449 3435/3435/3435
f 3431/3431/3431 3445/3445/3445 3446/3446/3446
f 3431/3431/3431 3446/3446/3446 3432/3432/3432
f 3416/3416/3416 3440/3440/3440 3441/3441/3441
f 3416/3416/3416 3441/3441/3441 3417/3417/3417
f 3436/3436/3436 3450/3450/3450 3443/3443/3443
f 3436/3436/3436 3443/3443/3443 3427/3427/3427
f 3587/3587/3587 3104/3104/3104 3092/3092/3092
f 3587/3587/3587 3092/3092/3092 3581/3581/3581
f 3415/3415/3415 3439/3439/3439 3440/3440/3440
f 3415/3415/3415 3440/3440/3440 3416/3416/3416
f 3432/3432/3432 3446/3446/3446 3447/3447/3447
f 3432/3432/3432 3447/3447/3447 3433/3433/3433
f 3414/3414/3414 3438/3438/3438 3439/3439/3439
f 3414/3414/3414 3439/3439/3439 3415/3415/3415
f 3400/3400/3400 3403/3403/3403 3402/3402/3402
f 3400/3400/3400 3402/3402/3402 3399/3399/3399
f 3425/3425/3425 3461/3461/3461 3460/3460/3460
f 3425/3425/3425 3460/3460/3460 3423/3423/3423
f 3388/3388/3388 3454/3454/3454 3455/3455/3455
f 3388/3388/3388 3455/3455/3455 3390/3390/3390
f 3423/3423/3423 3460/3460/3460 5255/5255/5255
f 3423/3423/3423 5255/5255/5255 5252/5252/5252
f 5245/5245/5245 3456/3456/3456 3461/3461/3461
f 5245/5245/5245 3461/3461/3461 3425/3425/3425
f 3421/3421/3421 3459/3459/3459 3458/3458/3458
f 3421/3421/3421 3458/3458/3458 3409/3409/3409
f 3390/3390/3390 3455/3455/3455 3457/3457/3457
f 3390/3390/3390 3457/3457/3457 3394/3394/3394
f 3409/3409/3409 3458/3458/3458 3452/3452/3452
f 3409/3409/3409 3452/3452/3452 3381/3381/3381
f 3381/3381/3381 3452/3452/3452 3453/3453/3453
f 3381/3381/3381 3453/3453/3453 3385/3385/3385
f 3394/3394/3394 3457/3457/3457 3456/3456/3456
f 3394/3394/3394 3456/3456/3456 5245/5245/5245
f 3385/3385/3385 3453/3453/3453 3454/3454/3454
f 3385/3385/3385 3454/3454/3454 3388/3388/3388
f 3455/3455/3455 3465/3465/3465 3467/3467/3467
f 3455/3455/3455 3467/3467/3467 3457/3457/3457
f 3456/3456/3456 3466/3466/3466 3471/3471/3471
f 3456/3456/3456 3471/3471/3471 3461/3461/3461
f 3453/3453/3453 3463/3463/3463 3464/3464/3464
f 3453/3453/3453 3464/3464/3464 3454/3454/3454
f 3459/3459/3459 3469/3469/3469 3468/3468/3468
f 3459/3459/3459 3468/3468/3468 3458/3458/3458
f 3457/3457/3457 3467/3467/3467 3466/3466/3466
f 3457/3457/3457 3466/3466/3466 3456/3456/3456
f 3452/3452/3452 3462/3462/3462 3463/3463/3463
f 3452/3452/3452 3463/3463/3463 3453/3453/3453
f 3460/3460/3460 3470/3470/3470 5256/5256/5256
f 3460/3460/3460 5256/5256/5256 5255/5255/5255
f 3458/3458/3458 3468/3468/3468 3462/3462/3462
f 3458/3458/3458 3462/3462/3462 3452/3452/3452
f 3454/3454/3454 3464/3464/3464 3465/3465/3465
f 3454/3454/3454 3465/3465/3465 3455/3455/3455
f 3461/3461/3461 3471/3471/3471 3470/3470/3470
f 3461/3461/3461 3470/3470/3470 3460/3460/3460
f 3462/3462/3462 5259/5259/5259 5258/5258/5258
f 3462/3462/3462 5258/5258/5258 3463/3463/3463
f 3470/3470/3470 5266/5266/5266 5264/5264/5264
f 3470/3470/3470 5264/5264/5264 5256/5256/5256
f 3468/3468/3468 5263/5263/5263 5259/5259/5259
f 3468/3468/3468 5259/5259/5259 3462/3462/3462
f 3464/3464/3464 5257/5257/5257 5260/5260/5260
f 3464/3464/3464 5260/5260/5260 3465/3465/3465
f 3471/3471/3471 5267/5267/5267 5266/5266/5266
f 3471/3471/3471 5266/5266/5266 3470/3470/3470
f 3465/3465/3465 5260/5260/5260 5261/5261/5261
f 3465/3465/3465 5261/5261/5261 3467/3467/3467
f 3466/3466/3466 5262/5262/5262 5267/5267/5267
f 3466/3466/3466 5267/5267/5267 3471/3471/3471
f 3467/3467/3467 5261/5261/5261 5262/5262/5262
f 3467/3467/3467 5262/5262/5262 3466/3466/3466
f 3463/3463/3463 5258/5258/5258 5257/5257/5257
f 3463/3463/3463 5257/5257/5257 3464/3464/3464
f 3445/3445/3445 3491/3491/3491 3492/3492/3492
f 3445/3445/3445 3492/3492/3492 3446/3446/3446
f 3446/3446/3446 3492/3492/3492 3493/3493/3493
f 3446/3446/3446 3493/3493/3493 3447/3447/3447
f 3447/3447/3447 3493/3493/3493 3494/3494/3494
f 3447/3447/3447 3494/3494/3494 3448/3448/3448
f 3440/3440/3440 3486/3486/3486 3487/3487/3487
f 3440/3440/3440 3487/3487/3487 3441/3441/3441
f 3448/3448/3448 3494/3494/3494 3495/3495/3495
f 3448/3448/3448 3495/3495/3495 3449/3449/3449
f 3438/3438/3438 3484/3484/3484 3485/3485/3485
f 3438/3438/3438 3485/3485/3485 3439/3439/3439
f 3450/3450/3450 3496/3496/3496 3489/3489/3489
f 3450/3450/3450 3489/3489/3489 3443/3443/3443
f 3441/3441/3441 3487/3487/3487 3488/3488/3488
f 3441/3441/3441 3488/3488/3488 3442/3442/3442
f 3427/3427/3427 3443/3443/3443 3437/3437/3437
f 3427/3427/3427 3437/3437/3437 3403/3403/3403
f 3488/3488/3488 3541/3541/3541 3543/3543/3543
f 3488/3488/3488 3543/3543/3543 3490/3490/3490
f 3437/3437/3437 3451/3451/3451 3402/3402/3402
f 3437/3437/3437 3402/3402/3402 3403/3403/3403
f 3439/3439/3439 3485/3485/3485 3486/3486/3486
f 3439/3439/3439 3486/3486/3486 3440/3440/3440
f 3336/3336/3336 3355/3355/3355 3404/3404/3404
f 3336/3336/3336 3404/3404/3404 3410/3410/3410
f 3338/3338/3338 3498/3498/3498 3499/3499/3499
f 3338/3338/3338 3499/3499/3499 3356/3356/3356
f 3338/3338/3338 3340/3340/3340 3349/3349/3349
f 3338/3338/3338 3349/3349/3349 3498/3498/3498
f 3507/3507/3507 3523/3523/3523 3521/3521/3521
f 3507/3507/3507 3521/3521/3521 3512/3512/3512
f 3506/3506/3506 3513/3513/3513 3507/3507/3507
f 3506/3506/3506 3507/3507/3507 3500/3500/3500
f 3500/3500/3500 3507/3507/3507 3512/3512/3512
f 3500/3500/3500 3512/3512/3512 3505/3505/3505
f 3505/3505/3505 3512/3512/3512 3510/3510/3510
f 3505/3505/3505 3510/3510/3510 3503/3503/3503
f 3523/3523/3523 3507/3507/3507 3513/3513/3513
f 3523/3523/3523 3513/3513/3513 3526/3526/3526
f 3503/3503/3503 3510/3510/3510 3511/3511/3511
f 3503/3503/3503 3511/3511/3511 3504/3504/3504
f 3533/3533/3533 3519/3519/3519 3517/3517/3517
f 3533/3533/3533 3517/3517/3517 3528/3528/3528
f 3528/3528/3528 3517/3517/3517 3518/3518/3518
f 3528/3528/3528 3518/3518/3518 3531/3531/3531
f 3529/3529/3529 3514/3514/3514 3519/3519/3519
f 3529/3529/3529 3519/3519/3519 3533/3533/3533
f 3508/3508/3508 3524/3524/3524 3527/3527/3527
f 3508/3508/3508 3527/3527/3527 3509/3509/3509
f 3530/3530/3530 3515/3515/3515 3535/3535/3535
f 3530/3530/3530 3535/3535/3535 3532/3532/3532
f 3524/3524/3524 3508/3508/3508 3511/3511/3511
f 3524/3524/3524 3511/3511/3511 3525/3525/3525
f 3510/3510/3510 3522/3522/3522 3525/3525/3525
f 3510/3510/3510 3525/3525/3525 3511/3511/3511
f 3523/3523/3523 3529/3529/3529 3533/3533/3533
f 3523/3523/3523 3533/3533/3533 3521/3521/3521
f 3534/3534/3534 3520/3520/3520 3514/3514/3514
f 3534/3534/3534 3514/3514/3514 3529/3529/3529
f 3531/3531/3531 3518/3518/3518 3515/3515/3515
f 3531/3531/3531 3515/3515/3515 3530/3530/3530
f 3522/3522/3522 3528/3528/3528 3531/3531/3531
f 3522/3522/3522 3531/3531/3531 3525/3525/3525
f 3521/3521/3521 3533/3533/3533 3528/3528/3528
f 3521/3521/3521 3528/3528/3528 3522/3522/3522
f 3526/3526/3526 3534/3534/3534 3529/3529/3529
f 3526/3526/3526 3529/3529/3529 3523/3523/3523
f 3525/3525/3525 3531/3531/3531 3530/3530/3530
f 3525/3525/3525 3530/3530/3530 3524/3524/3524
f 3524/3524/3524 3530/3530/3530 3532/3532/3532
f 3524/3524/3524 3532/3532/3532 3527/3527/3527
f 3501/3501/3501 3508/3508/3508 3509/3509/3509
f 3501/3501/3501 3509/3509/3509 3502/3502/3502
f 3541/3541/3541 3556/3556/3556 3558/3558/3558
f 3541/3541/3541 3558/3558/3558 3543/3543/3543
f 3485/3485/3485 3538/3538/3538 3539/3539/3539
f 3485/3485/3485 3539/3539/3539 3486/3486/3486
f 3437/3437/3437 3483/3483/3483 3497/3497/3497
f 3437/3437/3437 3497/3497/3497 3451/3451/3451
f 3491/3491/3491 3544/3544/3544 3545/3545/3545
f 3491/3491/3491 3545/3545/3545 3492/3492/3492
f 3492/3492/3492 3545/3545/3545 3546/3546/3546
f 3492/3492/3492 3546/3546/3546 3493/3493/3493
f 3493/3493/3493 3546/3546/3546 3547/3547/3547
f 3493/3493/3493 3547/3547/3547 3494/3494/3494
f 3486/3486/3486 3539/3539/3539 3540/3540/3540
f 3486/3486/3486 3540/3540/3540 3487/3487/3487
f 3494/3494/3494 3547/3547/3547 3548/3548/3548
f 3494/3494/3494 3548/3548/3548 3495/3495/3495
f 3484/3484/3484 3537/3537/3537 3538/3538/3538
f 3484/3484/3484 3538/3538/3538 3485/3485/3485
f 3496/3496/3496 3549/3549/3549 3542/3542/3542
f 3496/3496/3496 3542/3542/3542 3489/3489/3489
f 3487/3487/3487 3540/3540/3540 3541/3541/3541
f 3487/3487/3487 3541/3541/3541 3488/3488/3488
f 3443/3443/3443 3489/3489/3489 3483/3483/3483
f 3443/3443/3443 3483/3483/3483 3437/3437/3437
f 3537/3537/3537 3552/3552/3552 3553/3553/3553
f 3537/3537/3537 3553/3553/3553 3538/3538/3538
f 3549/3549/3549 3564/3564/3564 3557/3557/3557
f 3549/3549/3549 3557/3557/3557 3542/3542/3542
f 3540/3540/3540 3555/3555/3555 3556/3556/3556
f 3540/3540/3540 3556/3556/3556 3541/3541/3541
f 3489/3489/3489 3542/3542/3542 3536/3536/3536
f 3489/3489/3489 3536/3536/3536 3483/3483/3483
f 3556/3556/3556 3571/3571/3571 3573/3573/3573
f 3556/3556/3556 3573/3573/3573 3558/3558/3558
f 3538/3538/3538 3553/3553/3553 3554/3554/3554
f 3538/3538/3538 3554/3554/3554 3539/3539/3539
f 3483/3483/3483 3536/3536/3536 3550/3550/3550
f 3483/3483/3483 3550/3550/3550 3497/3497/3497
f 3544/3544/3544 3559/3559/3559 3560/3560/3560
f 3544/3544/3544 3560/3560/3560 3545/3545/3545
f 3545/3545/3545 3560/3560/3560 3561/3561/3561
f 3545/3545/3545 3561/3561/3561 3546/3546/3546
f 3546/3546/3546 3561/3561/3561 3562/3562/3562
f 3546/3546/3546 3562/3562/3562 3547/3547/3547
f 3539/3539/3539 3554/3554/3554 3555/3555/3555
f 3539/3539/3539 3555/3555/3555 3540/3540/3540
f 3547/3547/3547 3562/3562/3562 3563/3563/3563
f 3547/3547/3547 3563/3563/3563 3548/3548/3548
f 3571/3571/3571 5271/5271/5271 5273/5273/5273
f 3571/3571/3571 5273/5273/5273 3573/3573/3573
f 3553/3553/3553 3568/3568/3568 3569/3569/3569
f 3553/3553/3553 3569/3569/3569 3554/3554/3554
f 3536/3536/3536 3551/3551/3551 3565/3565/3565
f 3536/3536/3536 3565/3565/3565 3550/3550/3550
f 3559/3559/3559 3574/3574/3574 3575/3575/3575
f 3559/3559/3559 3575/3575/3575 3560/3560/3560
f 3560/3560/3560 3575/3575/3575 3576/3576/3576
f 3560/3560/3560 3576/3576/3576 3561/3561/3561
f 3561/3561/3561 3576/3576/3576 3577/3577/3577
f 3561/3561/3561 3577/3577/3577 3562/3562/3562
f 3554/3554/3554 3569/3569/3569 3570/3570/3570
f 3554/3554/3554 3570/3570/3570 3555/3555/3555
f 3562/3562/3562 3577/3577/3577 3578/3578/3578
f 3562/3562/3562 3578/3578/3578 3563/3563/3563
f 3552/3552/3552 3567/3567/3567 3568/3568/3568
f 3552/3552/3552 3568/3568/3568 3553/3553/3553
f 3564/3564/3564 3579/3579/3579 3572/3572/3572
f 3564/3564/3564 3572/3572/3572 3557/3557/3557
f 3555/3555/3555 3570/3570/3570 3571/3571/3571
f 3555/3555/3555 3571/3571/3571 3556/3556/3556
f 3542/3542/3542 3557/3557/3557 3551/3551/3551
f 3542/3542/3542 3551/3551/3551 3536/3536/3536
f 3575/3575/3575 5272/5272/5272 5275/5275/5275
f 3575/3575/3575 5275/5275/5275 3576/3576/3576
f 3576/3576/3576 5275/5275/5275 5276/5276/5276
f 3576/3576/3576 5276/5276/5276 3577/3577/3577
f 3569/3569/3569 5269/5269/5269 5268/5268/5268
f 3569/3569/3569 5268/5268/5268 3570/3570/3570
f 3577/3577/3577 5276/5276/5276 5277/5277/5277
f 3577/3577/3577 5277/5277/5277 3578/3578/3578
f 3567/3567/3567 4968/4968/4968 5270/5270/5270
f 3567/3567/3567 5270/5270/5270 3568/3568/3568
f 3579/3579/3579 5278/5278/5278 5279/5279/5279
f 3579/3579/3579 5279/5279/5279 3572/3572/3572
f 3570/3570/3570 5268/5268/5268 5271/5271/5271
f 3570/3570/3570 5271/5271/5271 3571/3571/3571
f 3557/3557/3557 3572/3572/3572 3566/3566/3566
f 3557/3557/3557 3566/3566/3566 3551/3551/3551
f 3586/3586/3586 3101/3101/3101 3105/3105/3105
f 3586/3586/3586 3105/3105/3105 3588/3588/3588
f 3568/3568/3568 5270/5270/5270 5269/5269/5269
f 3568/3568/3568 5269/5269/5269 3569/3569/3569
f 3551/3551/3551 3566/3566/3566 3580/3580/3580
f 3551/3551/3551 3580/3580/3580 3565/3565/3565
f 3574/3574/3574 5274/5274/5274 5272/5272/5272
f 3574/3574/3574 5272/5272/5272 3575/3575/3575
f 3583/3583/3583 3095/3095/3095 3097/3097/3097
f 3583/3583/3583 3097/3097/3097 3584/3584/3584
f 3121/3121/3121 3172/3172/3172 3176/3176/3176
f 3121/3121/3121 3176/3176/3176 3135/3135/3135
f 3589/3589/3589 3108/3108/3108 3110/3110/3110
f 3589/3589/3589 3110/3110/3110 3590/3590/3590
f 3590/3590/3590 3110/3110/3110 3112/3112/3112
f 3590/3590/3590 3112/3112/3112 3591/3591/3591
f 3591/3591/3591 3112/3112/3112 3114/3114/3114
f 3591/3591/3591 3114/3114/3114 3592/3592/3592
f 3584/3584/3584 3097/3097/3097 3099/3099/3099
f 3584/3584/3584 3099/3099/3099 3585/3585/3585
f 3592/3592/3592 3114/3114/3114 3118/3118/3118
f 3592/3592/3592 3118/3118/3118 3593/3593/3593
f 3582/3582/3582 3093/3093/3093 3095/3095/3095
f 3582/3582/3582 3095/3095/3095 3583/3583/3583
f 3594/3594/3594 3116/3116/3116 3104/3104/3104
f 3594/3594/3594 3104/3104/3104 3587/3587/3587
f 3585/3585/3585 3099/3099/3099 3101/3101/3101
f 3585/3585/3585 3101/3101/3101 3586/3586/3586
f 3413/3413/3413 3418/3418/3418 3430/3430/3430
f 3413/3413/3413 3430/3430/3430 3419/3419/3419
f 3346/3346/3346 3382/3382/3382 3383/3383/3383
f 3346/3346/3346 3383/3383/3383 3347/3347/3347
f 3351/3351/3351 5238/5238/5238 4980/4980/4980
f 3351/3351/3351 4980/4980/4980 3348/3348/3348
f 3280/3280/3280 3146/3146/3146 3211/3211/3211
f 3280/3280/3280 3211/3211/3211 3298/3298/3298
f 3666/3666/3666 3667/3667/3667 3676/3676/3676
f 3666/3666/3666 3676/3676/3676 3675/3675/3675
f 3667/3667/3667 3668/3668/3668 3677/3677/3677
f 3667/3667/3667 3677/3677/3677 3676/3676/3676
f 3668/3668/3668 3669/3669/3669 3678/3678/3678
f 3668/3668/3668 3678/3678/3678 3677/3677/3677
f 3663/3663/3663 3662/3662/3662 3671/3671/3671
f 3663/3663/3663 3671/3671/3671 3672/3672/3672
f 3664/3664/3664 3666/3666/3666 3675/3675/3675
f 3664/3664/3664 3675/3675/3675 3673/3673/3673
f 4155/4155/4155 4169/4169/4169 5290/5290/5290
f 4155/4155/4155 5290/5290/5290 5292/5292/5292
f 4182/4182/4182 3678/3678/3678 3669/3669/3669
f 4182/4182/4182 3669/3669/3669 4180/4180/4180
f 3675/3675/3675 3676/3676/3676 3598/3598/3598
f 3675/3675/3675 3598/3598/3598 3606/3606/3606
f 4156/4156/4156 4171/4171/4171 4169/4169/4169
f 4156/4156/4156 4169/4169/4169 4155/4155/4155
f 3671/3671/3671 3670/3670/3670 3597/3597/3597
f 3671/3671/3671 3597/3597/3597 3600/3600/3600
f 3676/3676/3676 3677/3677/3677 3596/3596/3596
f 3676/3676/3676 3596/3596/3596 3598/3598/3598
f 3670/3670/3670 3674/3674/3674 3605/3605/3605
f 3670/3670/3670 3605/3605/3605 3597/3597/3597
f 3599/3599/3599 4153/4153/4153 4161/4161/4161
f 3599/3599/3599 4161/4161/4161 3672/3672/3672
f 3677/3677/3677 3678/3678/3678 3601/3601/3601
f 3677/3677/3677 3601/3601/3601 3596/3596/3596
f 3673/3673/3673 3675/3675/3675 3606/3606/3606
f 3673/3673/3673 3606/3606/3606 3604/3604/3604
f 3672/3672/3672 3671/3671/3671 3600/3600/3600
f 3672/3672/3672 3600/3600/3600 3599/3599/3599
f 3618/3618/3618 4155/4155/4155 5292/5292/5292
f 3618/3618/3618 5292/5292/5292 5283/5283/5283
f 5284/5284/5284 5289/5289/5289 3624/3624/3624
f 5284/5284/5284 3624/3624/3624 3623/3623/3623
f 5287/5287/5287 5286/5286/5286 3621/3621/3621
f 5287/5287/5287 3621/3621/3621 3619/3619/3619
f 5283/5283/5283 5282/5282/5282 3617/3617/3617
f 5283/5283/5283 3617/3617/3617 3618/3618/3618
f 5286/5286/5286 5285/5285/5285 3622/3622/3622
f 5286/5286/5286 3622/3622/3622 3621/3621/3621
f 4157/4157/4157 4173/4173/4173 4171/4171/4171
f 4157/4157/4157 4171/4171/4171 4156/4156/4156
f 5282/5282/5282 5281/5281/5281 3616/3616/3616
f 5282/5282/5282 3616/3616/3616 3617/3617/3617
f 5285/5285/5285 5284/5284/5284 3623/3623/3623
f 5285/5285/5285 3623/3623/3623 3622/3622/3622
f 5281/5281/5281 5288/5288/5288 3620/3620/3620
f 5281/5281/5281 3620/3620/3620 3616/3616/3616
f 4158/4158/4158 4175/4175/4175 4173/4173/4173
f 4158/4158/4158 4173/4173/4173 4157/4157/4157
f 3617/3617/3617 3616/3616/3616 3625/3625/3625
f 3617/3617/3617 3625/3625/3625 3626/3626/3626
f 3622/3622/3622 3623/3623/3623 3632/3632/3632
f 3622/3622/3622 3632/3632/3632 3631/3631/3631
f 3616/3616/3616 3620/3620/3620 3629/3629/3629
f 3616/3616/3616 3629/3629/3629 3625/3625/3625
f 3627/3627/3627 4156/4156/4156 4155/4155/4155
f 3627/3627/3627 4155/4155/4155 3618/3618/3618
f 3623/3623/3623 3624/3624/3624 3633/3633/3633
f 3623/3623/3623 3633/3633/3633 3632/3632/3632
f 3619/3619/3619 3621/3621/3621 3630/3630/3630
f 3619/3619/3619 3630/3630/3630 3628/3628/3628
f 3618/3618/3618 3617/3617/3617 3626/3626/3626
f 3618/3618/3618 3626/3626/3626 3627/3627/3627
f 3621/3621/3621 3622/3622/3622 3631/3631/3631
f 3621/3621/3621 3631/3631/3631 3630/3630/3630
f 3632/3632/3632 3633/3633/3633 3642/3642/3642
f 3632/3632/3632 3642/3642/3642 3641/3641/3641
f 3628/3628/3628 3630/3630/3630 3639/3639/3639
f 3628/3628/3628 3639/3639/3639 3637/3637/3637
f 3627/3627/3627 3626/3626/3626 3635/3635/3635
f 3627/3627/3627 3635/3635/3635 3636/3636/3636
f 3630/3630/3630 3631/3631/3631 3640/3640/3640
f 3630/3630/3630 3640/3640/3640 3639/3639/3639
f 4159/4159/4159 4177/4177/4177 4175/4175/4175
f 4159/4159/4159 4175/4175/4175 4158/4158/4158
f 3626/3626/3626 3625/3625/3625 3634/3634/3634
f 3626/3626/3626 3634/3634/3634 3635/3635/3635
f 3631/3631/3631 3632/3632/3632 3641/3641/3641
f 3631/3631/3631 3641/3641/3641 3640/3640/3640
f 3625/3625/3625 3629/3629/3629 3638/3638/3638
f 3625/3625/3625 3638/3638/3638 3634/3634/3634
f 3636/3636/3636 4157/4157/4157 4156/4156/4156
f 3636/3636/3636 4156/4156/4156 3627/3627/3627
f 4160/4160/4160 4179/4179/4179 4177/4177/4177
f 4160/4160/4160 4177/4177/4177 4159/4159/4159
f 3635/3635/3635 3634/3634/3634 3643/3643/3643
f 3635/3635/3635 3643/3643/3643 3644/3644/3644
f 3640/3640/3640 3641/3641/3641 3650/3650/3650
f 3640/3640/3640 3650/3650/3650 3649/3649/3649
f 3634/3634/3634 3638/3638/3638 3647/3647/3647
f 3634/3634/3634 3647/3647/3647 3643/3643/3643
f 3645/3645/3645 4158/4158/4158 4157/4157/4157
f 3645/3645/3645 4157/4157/4157 3636/3636/3636
f 3641/3641/3641 3642/3642/3642 3651/3651/3651
f 3641/3641/3641 3651/3651/3651 3650/3650/3650
f 3637/3637/3637 3639/3639/3639 3648/3648/3648
f 3637/3637/3637 3648/3648/3648 3646/3646/3646
f 3636/3636/3636 3635/3635/3635 3644/3644/3644
f 3636/3636/3636 3644/3644/3644 3645/3645/3645
f 3639/3639/3639 3640/3640/3640 3649/3649/3649
f 3639/3639/3639 3649/3649/3649 3648/3648/3648
f 3646/3646/3646 3648/3648/3648 3657/3657/3657
f 3646/3646/3646 3657/3657/3657 3655/3655/3655
f 3645/3645/3645 3644/3644/3644 3653/3653/3653
f 3645/3645/3645 3653/3653/3653 3654/3654/3654
f 3648/3648/3648 3649/3649/3649 3658/3658/3658
f 3648/3648/3648 3658/3658/3658 3657/3657/3657
f 4161/4161/4161 4181/4181/4181 4179/4179/4179
f 4161/4161/4161 4179/4179/4179 4160/4160/4160
f 3644/3644/3644 3643/3643/3643 3652/3652/3652
f 3644/3644/3644 3652/3652/3652 3653/3653/3653
f 3649/3649/3649 3650/3650/3650 3659/3659/3659
f 3649/3649/3649 3659/3659/3659 3658/3658/3658
f 3643/3643/3643 3647/3647/3647 3656/3656/3656
f 3643/3643/3643 3656/3656/3656 3652/3652/3652
f 3654/3654/3654 4159/4159/4159 4158/4158/4158
f 3654/3654/3654 4158/4158/4158 3645/3645/3645
f 3650/3650/3650 3651/3651/3651 3660/3660/3660
f 3650/3650/3650 3660/3660/3660 3659/3659/3659
f 3653/3653/3653 3652/3652/3652 3661/3661/3661
f 3653/3653/3653 3661/3661/3661 3662/3662/3662
f 3658/3658/3658 3659/3659/3659 3668/3668/3668
f 3658/3658/3658 3668/3668/3668 3667/3667/3667
f 3652/3652/3652 3656/3656/3656 3665/3665/3665
f 3652/3652/3652 3665/3665/3665 3661/3661/3661
f 3663/3663/3663 4160/4160/4160 4159/4159/4159
f 3663/3663/3663 4159/4159/4159 3654/3654/3654
f 3659/3659/3659 3660/3660/3660 3669/3669/3669
f 3659/3659/3659 3669/3669/3669 3668/3668/3668
f 3655/3655/3655 3657/3657/3657 3666/3666/3666
f 3655/3655/3655 3666/3666/3666 3664/3664/3664
f 3672/3672/3672 4161/4161/4161 4160/4160/4160
f 3672/3672/3672 4160/4160/4160 3663/3663/3663
f 3662/3662/3662 3661/3661/3661 3670/3670/3670
f 3662/3662/3662 3670/3670/3670 3671/3671/3671
f 3654/3654/3654 3653/3653/3653 3662/3662/3662
f 3654/3654/3654 3662/3662/3662 3663/3663/3663
f 3657/3657/3657 3658/3658/3658 3667/3667/3667
f 3657/3657/3657 3667/3667/3667 3666/3666/3666
f 3602/3602/3602 4181/4181/4181 4161/4161/4161
f 3602/3602/3602 4161/4161/4161 4153/4153/4153
f 3690/3690/3690 4163/4163/4163 4153/4153/4153
f 3690/3690/3690 4153/4153/4153 3599/3599/3599
f 3690/3690/3690 3697/3697/3697 3680/3680/3680
f 3690/3690/3690 3680/3680/3680 3681/3681/3681
f 3697/3697/3697 3699/3699/3699 3679/3679/3679
f 3697/3697/3697 3679/3679/3679 3680/3680/3680
f 3700/3700/3700 3691/3691/3691 3689/3689/3689
f 3700/3700/3700 3689/3689/3689 3688/3688/3688
f 3699/3699/3699 3695/3695/3695 3685/3685/3685
f 3699/3699/3699 3685/3685/3685 3679/3679/3679
f 3698/3698/3698 3700/3700/3700 3688/3688/3688
f 3698/3698/3698 3688/3688/3688 3687/3687/3687
f 3600/3600/3600 3597/3597/3597 3699/3699/3699
f 3600/3600/3600 3699/3699/3699 3697/3697/3697
f 3696/3696/3696 3698/3698/3698 3687/3687/3687
f 3696/3696/3696 3687/3687/3687 3686/3686/3686
f 3599/3599/3599 3600/3600/3600 3697/3697/3697
f 3599/3599/3599 3697/3697/3697 3690/3690/3690
f 3710/3710/3710 4164/4164/4164 4162/4162/4162
f 3710/3710/3710 4162/4162/4162 3681/3681/3681
f 3694/3694/3694 3696/3696/3696 3686/3686/3686
f 3694/3694/3694 3686/3686/3686 3684/3684/3684
f 3814/3814/3814 3735/3735/3735 3744/3744/3744
f 3814/3814/3814 3744/3744/3744 3820/3820/3820
f 3604/3604/3604 3606/3606/3606 3696/3696/3696
f 3604/3604/3604 3696/3696/3696 3694/3694/3694
f 3691/3691/3691 3693/3693/3693 3683/3683/3683
f 3691/3691/3691 3683/3683/3683 3689/3689/3689
f 3722/3722/3722 3728/3728/3728 3729/3729/3729
f 3722/3722/3722 3729/3729/3729 3723/3723/3723
f 3606/3606/3606 3598/3598/3598 3698/3698/3698
f 3606/3606/3606 3698/3698/3698 3696/3696/3696
f 3597/3597/3597 3605/3605/3605 3695/3695/3695
f 3597/3597/3597 3695/3695/3695 3699/3699/3699
f 3681/3681/3681 3680/3680/3680 3706/3706/3706
f 3681/3681/3681 3706/3706/3706 3710/3710/3710
f 3737/3737/3737 3741/3741/3741 3805/3805/3805
f 3737/3737/3737 3805/3805/3805 3803/3803/3803
f 3718/3718/3718 4165/4165/4165 4164/4164/4164
f 3718/3718/3718 4164/4164/4164 3710/3710/3710
f 3732/3732/3732 3738/3738/3738 3823/3823/3823
f 3732/3732/3732 3823/3823/3823 3821/3821/3821
f 3596/3596/3596 3601/3601/3601 3691/3691/3691
f 3596/3596/3596 3691/3691/3691 3700/3700/3700
f 3727/3727/3727 3733/3733/3733 3822/3822/3822
f 3727/3727/3727 3822/3822/3822 3824/3824/3824
f 3598/3598/3598 3596/3596/3596 3700/3700/3700
f 3598/3598/3598 3700/3700/3700 3698/3698/3698
f 3680/3680/3680 3679/3679/3679 3705/3705/3705
f 3680/3680/3680 3705/3705/3705 3706/3706/3706
f 3738/3738/3738 3723/3723/3723 3817/3817/3817
f 3738/3738/3738 3817/3817/3817 3823/3823/3823
f 3710/3710/3710 3706/3706/3706 3721/3721/3721
f 3710/3710/3710 3721/3721/3721 3718/3718/3718
f 3740/3740/3740 3725/3725/3725 3806/3806/3806
f 3740/3740/3740 3806/3806/3806 3804/3804/3804
f 3734/3734/3734 4166/4166/4166 4165/4165/4165
f 3734/3734/3734 4165/4165/4165 3718/3718/3718
f 3684/3684/3684 3686/3686/3686 3702/3702/3702
f 3684/3684/3684 3702/3702/3702 3708/3708/3708
f 3688/3688/3688 3689/3689/3689 3711/3711/3711
f 3688/3688/3688 3711/3711/3711 3707/3707/3707
f 3679/3679/3679 3685/3685/3685 3709/3709/3709
f 3679/3679/3679 3709/3709/3709 3705/3705/3705
f 3687/3687/3687 3688/3688/3688 3707/3707/3707
f 3687/3687/3687 3707/3707/3707 3701/3701/3701
f 3706/3706/3706 3705/3705/3705 3714/3714/3714
f 3706/3706/3706 3714/3714/3714 3721/3721/3721
f 3713/3713/3713 3724/3724/3724 3753/3753/3753
f 3713/3713/3713 3753/3753/3753 3749/3749/3749
f 3686/3686/3686 3687/3687/3687 3701/3701/3701
f 3686/3686/3686 3701/3701/3701 3702/3702/3702
f 3718/3718/3718 3721/3721/3721 3745/3745/3745
f 3718/3718/3718 3745/3745/3745 3734/3734/3734
f 3734/3734/3734 3745/3745/3745 3744/3744/3744
f 3734/3734/3734 3744/3744/3744 3735/3735/3735
f 3743/3743/3743 3736/3736/3736 3754/3754/3754
f 3743/3743/3743 3754/3754/3754 3752/3752/3752
f 3735/3735/3735 4167/4167/4167 4166/4166/4166
f 3735/3735/3735 4166/4166/4166 3734/3734/3734
f 3807/3807/3807 4167/4167/4167 3735/3735/3735
f 3807/3807/3807 3735/3735/3735 3814/3814/3814
f 3708/3708/3708 3702/3702/3702 3720/3720/3720
f 3708/3708/3708 3720/3720/3720 3716/3716/3716
f 3716/3716/3716 3720/3720/3720 3739/3739/3739
f 3716/3716/3716 3739/3739/3739 3730/3730/3730
f 3707/3707/3707 3711/3711/3711 3719/3719/3719
f 3707/3707/3707 3719/3719/3719 3715/3715/3715
f 3715/3715/3715 3719/3719/3719 3736/3736/3736
f 3715/3715/3715 3736/3736/3736 3728/3728/3728
f 3705/3705/3705 3709/3709/3709 3717/3717/3717
f 3705/3705/3705 3717/3717/3717 3714/3714/3714
f 3714/3714/3714 3717/3717/3717 3731/3731/3731
f 3714/3714/3714 3731/3731/3731 3726/3726/3726
f 3701/3701/3701 3707/3707/3707 3715/3715/3715
f 3701/3701/3701 3715/3715/3715 3712/3712/3712
f 3712/3712/3712 3715/3715/3715 3728/3728/3728
f 3712/3712/3712 3728/3728/3728 3722/3722/3722
f 3721/3721/3721 3714/3714/3714 3726/3726/3726
f 3721/3721/3721 3726/3726/3726 3745/3745/3745
f 3745/3745/3745 3726/3726/3726 3727/3727/3727
f 3745/3745/3745 3727/3727/3727 3744/3744/3744
f 3719/3719/3719 3711/3711/3711 3748/3748/3748
f 3719/3719/3719 3748/3748/3748 3750/3750/3750
f 3702/3702/3702 3701/3701/3701 3712/3712/3712
f 3702/3702/3702 3712/3712/3712 3720/3720/3720
f 3720/3720/3720 3712/3712/3712 3722/3722/3722
f 3720/3720/3720 3722/3722/3722 3739/3739/3739
f 3754/3754/3754 3750/3750/3750 3759/3759/3759
f 3754/3754/3754 3759/3759/3759 3763/3763/3763
f 3742/3742/3742 3724/3724/3724 3725/3725/3725
f 3742/3742/3742 3725/3725/3725 3740/3740/3740
f 3753/3753/3753 3751/3751/3751 3761/3761/3761
f 3753/3753/3753 3761/3761/3761 3762/3762/3762
f 3750/3750/3750 3748/3748/3748 3757/3757/3757
f 3750/3750/3750 3757/3757/3757 3759/3759/3759
f 3736/3736/3736 3719/3719/3719 3750/3750/3750
f 3736/3736/3736 3750/3750/3750 3754/3754/3754
f 3736/3736/3736 3743/3743/3743 3741/3741/3741
f 3736/3736/3736 3741/3741/3741 3737/3737/3737
f 3703/3703/3703 3713/3713/3713 3749/3749/3749
f 3703/3703/3703 3749/3749/3749 3746/3746/3746
f 3759/3759/3759 3757/3757/3757 3766/3766/3766
f 3759/3759/3759 3766/3766/3766 3768/3768/3768
f 3758/3758/3758 3762/3762/3762 3771/3771/3771
f 3758/3758/3758 3771/3771/3771 3767/3767/3767
f 3760/3760/3760 3763/3763/3763 3772/3772/3772
f 3760/3760/3760 3772/3772/3772 3769/3769/3769
f 3746/3746/3746 3749/3749/3749 3758/3758/3758
f 3746/3746/3746 3758/3758/3758 3755/3755/3755
f 3757/3757/3757 3756/3756/3756 3765/3765/3765
f 3757/3757/3757 3765/3765/3765 3766/3766/3766
f 3748/3748/3748 3747/3747/3747 3756/3756/3756
f 3748/3748/3748 3756/3756/3756 3757/3757/3757
f 3749/3749/3749 3753/3753/3753 3762/3762/3762
f 3749/3749/3749 3762/3762/3762 3758/3758/3758
f 3767/3767/3767 3771/3771/3771 3780/3780/3780
f 3767/3767/3767 3780/3780/3780 3776/3776/3776
f 3752/3752/3752 3754/3754/3754 3763/3763/3763
f 3752/3752/3752 3763/3763/3763 3760/3760/3760
f 3769/3769/3769 3772/3772/3772 3781/3781/3781
f 3769/3769/3769 3781/3781/3781 3778/3778/3778
f 3764/3764/3764 3767/3767/3767 3776/3776/3776
f 3764/3764/3764 3776/3776/3776 3773/3773/3773
f 3724/3724/3724 3742/3742/3742 3751/3751/3751
f 3724/3724/3724 3751/3751/3751 3753/3753/3753
f 3763/3763/3763 3759/3759/3759 3768/3768/3768
f 3763/3763/3763 3768/3768/3768 3772/3772/3772
f 3755/3755/3755 3758/3758/3758 3767/3767/3767
f 3755/3755/3755 3767/3767/3767 3764/3764/3764
f 3773/3773/3773 3776/3776/3776 3785/3785/3785
f 3773/3773/3773 3785/3785/3785 3782/3782/3782
f 3781/3781/3781 3777/3777/3777 3786/3786/3786
f 3781/3781/3781 3786/3786/3786 3790/3790/3790
f 3762/3762/3762 3761/3761/3761 3770/3770/3770
f 3762/3762/3762 3770/3770/3770 3771/3771/3771
f 3780/3780/3780 3779/3779/3779 3788/3788/3788
f 3780/3780/3780 3788/3788/3788 3789/3789/3789
f 3768/3768/3768 3766/3766/3766 3775/3775/3775
f 3768/3768/3768 3775/3775/3775 3777/3777/3777
f 3772/3772/3772 3768/3768/3768 3777/3777/3777
f 3772/3772/3772 3777/3777/3777 3781/3781/3781
f 3771/3771/3771 3770/3770/3770 3779/3779/3779
f 3771/3771/3771 3779/3779/3779 3780/3780/3780
f 3789/3789/3789 3788/3788/3788 3798/3798/3798
f 3789/3789/3789 3798/3798/3798 3800/3800/3800
f 3786/3786/3786 3784/3784/3784 3795/3795/3795
f 3786/3786/3786 3795/3795/3795 3797/3797/3797
f 3785/3785/3785 3789/3789/3789 3800/3800/3800
f 3785/3785/3785 3800/3800/3800 3796/3796/3796
f 3766/3766/3766 3765/3765/3765 3774/3774/3774
f 3766/3766/3766 3774/3774/3774 3775/3775/3775
f 3775/3775/3775 3774/3774/3774 3783/3783/3783
f 3775/3775/3775 3783/3783/3783 3784/3784/3784
f 3776/3776/3776 3780/3780/3780 3789/3789/3789
f 3776/3776/3776 3789/3789/3789 3785/3785/3785
f 3777/3777/3777 3775/3775/3775 3784/3784/3784
f 3777/3777/3777 3784/3784/3784 3786/3786/3786
f 3778/3778/3778 3781/3781/3781 3790/3790/3790
f 3778/3778/3778 3790/3790/3790 3787/3787/3787
f 3795/3795/3795 3794/3794/3794 3792/3792/3792
f 3795/3795/3795 3792/3792/3792 3797/3797/3797
f 3790/3790/3790 3786/3786/3786 3797/3797/3797
f 3790/3790/3790 3797/3797/3797 3801/3801/3801
f 3782/3782/3782 3785/3785/3785 3796/3796/3796
f 3782/3782/3782 3796/3796/3796 3793/3793/3793
f 3797/3797/3797 3792/3792/3792 3799/3799/3799
f 3797/3797/3797 3799/3799/3799 3801/3801/3801
f 3784/3784/3784 3783/3783/3783 3794/3794/3794
f 3784/3784/3784 3794/3794/3794 3795/3795/3795
f 3724/3724/3724 4166/4166/4166 4167/4167/4167
f 3724/3724/3724 4167/4167/4167 3725/3725/3725
f 3820/3820/3820 3744/3744/3744 3727/3727/3727
f 3820/3820/3820 3727/3727/3727 3824/3824/3824
f 3725/3725/3725 4167/4167/4167 3807/3807/3807
f 3725/3725/3725 3807/3807/3807 3806/3806/3806
f 3791/3791/3791 3796/3796/3796 3800/3800/3800
f 3791/3791/3791 3800/3800/3800 3798/3798/3798
f 3739/3739/3739 3722/3722/3722 3723/3723/3723
f 3739/3739/3739 3723/3723/3723 3738/3738/3738
f 3803/3803/3803 3802/3802/3802 3729/3729/3729
f 3803/3803/3803 3729/3729/3729 3737/3737/3737
f 3824/3824/3824 3822/3822/3822 3856/3856/3856
f 3824/3824/3824 3856/3856/3856 3864/3864/3864
f 3726/3726/3726 3731/3731/3731 3733/3733/3733
f 3726/3726/3726 3733/3733/3733 3727/3727/3727
f 3787/3787/3787 3790/3790/3790 3801/3801/3801
f 3787/3787/3787 3801/3801/3801 3799/3799/3799
f 3730/3730/3730 3739/3739/3739 3738/3738/3738
f 3730/3730/3730 3738/3738/3738 3732/3732/3732
f 3806/3806/3806 3807/3807/3807 3830/3830/3830
f 3806/3806/3806 3830/3830/3830 3829/3829/3829
f 3810/3810/3810 3814/3814/3814 3842/3842/3842
f 3810/3810/3810 3842/3842/3842 3840/3840/3840
f 3823/3823/3823 3816/3816/3816 3859/3859/3859
f 3823/3823/3823 3859/3859/3859 3858/3858/3858
f 3802/3802/3802 3803/3803/3803 3826/3826/3826
f 3802/3802/3802 3826/3826/3826 3825/3825/3825
f 3816/3816/3816 3819/3819/3819 3861/3861/3861
f 3816/3816/3816 3861/3861/3861 3859/3859/3859
f 3814/3814/3814 3815/3815/3815 3844/3844/3844
f 3814/3814/3814 3844/3844/3844 3843/3843/3843
f 3803/3803/3803 3805/3805/3805 3828/3828/3828
f 3803/3803/3803 3828/3828/3828 3826/3826/3826
f 3812/3812/3812 3836/3836/3836 3844/3844/3844
f 3812/3812/3812 3844/3844/3844 3815/3815/3815
f 3804/3804/3804 3806/3806/3806 3829/3829/3829
f 3804/3804/3804 3829/3829/3829 3827/3827/3827
f 3820/3820/3820 3824/3824/3824 3863/3863/3863
f 3820/3820/3820 3863/3863/3863 3862/3862/3862
f 3816/3816/3816 3817/3817/3817 3846/3846/3846
f 3816/3816/3816 3846/3846/3846 3845/3845/3845
f 3807/3807/3807 3808/3808/3808 3831/3831/3831
f 3807/3807/3807 3831/3831/3831 3830/3830/3830
f 3817/3817/3817 3811/3811/3811 3849/3849/3849
f 3817/3817/3817 3849/3849/3849 3847/3847/3847
f 3815/3815/3815 3850/3850/3850 3848/3848/3848
f 3815/3815/3815 3848/3848/3848 3812/3812/3812
f 3808/3808/3808 3810/3810/3810 3834/3834/3834
f 3808/3808/3808 3834/3834/3834 3832/3832/3832
f 3815/3815/3815 3818/3818/3818 3851/3851/3851
f 3815/3815/3815 3851/3851/3851 3850/3850/3850
f 3809/3809/3809 3802/3802/3802 3825/3825/3825
f 3809/3809/3809 3825/3825/3825 3833/3833/3833
f 3818/3818/3818 3820/3820/3820 3854/3854/3854
f 3818/3818/3818 3854/3854/3854 3852/3852/3852
f 3811/3811/3811 3813/3813/3813 3838/3838/3838
f 3811/3811/3811 3838/3838/3838 3837/3837/3837
f 3819/3819/3819 3816/3816/3816 3845/3845/3845
f 3819/3819/3819 3845/3845/3845 3853/3853/3853
f 3813/3813/3813 3802/3802/3802 3839/3839/3839
f 3813/3813/3813 3839/3839/3839 3838/3838/3838
f 3821/3821/3821 3823/3823/3823 3857/3857/3857
f 3821/3821/3821 3857/3857/3857 3855/3855/3855
f 3802/3802/3802 3809/3809/3809 3841/3841/3841
f 3802/3802/3802 3841/3841/3841 3839/3839/3839
f 3850/3850/3850 3890/3890/3890 3888/3888/3888
f 3850/3850/3850 3888/3888/3888 3848/3848/3848
f 3832/3832/3832 3834/3834/3834 3874/3874/3874
f 3832/3832/3832 3874/3874/3874 3872/3872/3872
f 3850/3850/3850 3851/3851/3851 3891/3891/3891
f 3850/3850/3850 3891/3891/3891 3890/3890/3890
f 3833/3833/3833 3825/3825/3825 3865/3865/3865
f 3833/3833/3833 3865/3865/3865 3873/3873/3873
f 3851/3851/3851 3852/3852/3852 3892/3892/3892
f 3851/3851/3851 3892/3892/3892 3891/3891/3891
f 3835/3835/3835 3837/3837/3837 3877/3877/3877
f 3835/3835/3835 3877/3877/3877 3875/3875/3875
f 3852/3852/3852 3854/3854/3854 3894/3894/3894
f 3852/3852/3852 3894/3894/3894 3892/3892/3892
f 3837/3837/3837 3838/3838/3838 3878/3878/3878
f 3837/3837/3837 3878/3878/3878 3877/3877/3877
f 3853/3853/3853 3845/3845/3845 3885/3885/3885
f 3853/3853/3853 3885/3885/3885 3893/3893/3893
f 3838/3838/3838 3839/3839/3839 3879/3879/3879
f 3838/3838/3838 3879/3879/3879 3878/3878/3878
f 3855/3855/3855 3857/3857/3857 3897/3897/3897
f 3855/3855/3855 3897/3897/3897 3895/3895/3895
f 3839/3839/3839 3841/3841/3841 3881/3881/3881
f 3839/3839/3839 3881/3881/3881 3879/3879/3879
f 3857/3857/3857 3858/3858/3858 3898/3898/3898
f 3857/3857/3857 3898/3898/3898 3897/3897/3897
f 3840/3840/3840 3842/3842/3842 3882/3882/3882
f 3840/3840/3840 3882/3882/3882 3880/3880/3880
f 3858/3858/3858 3859/3859/3859 3899/3899/3899
f 3858/3858/3858 3899/3899/3899 3898/3898/3898
f 3842/3842/3842 3843/3843/3843 3883/3883/3883
f 3842/3842/3842 3883/3883/3883 3882/3882/3882
f 3859/3859/3859 3861/3861/3861 3901/3901/3901
f 3859/3859/3859 3901/3901/3901 3899/3899/3899
f 3843/3843/3843 3844/3844/3844 3884/3884/3884
f 3843/3843/3843 3884/3884/3884 3883/3883/3883
f 3825/3825/3825 3826/3826/3826 3866/3866/3866
f 3825/3825/3825 3866/3866/3866 3865/3865/3865
f 3860/3860/3860 3862/3862/3862 3902/3902/3902
f 3860/3860/3860 3902/3902/3902 3900/3900/3900
f 3836/3836/3836 3876/3876/3876 3884/3884/3884
f 3836/3836/3836 3884/3884/3884 3844/3844/3844
f 3826/3826/3826 3828/3828/3828 3868/3868/3868
f 3826/3826/3826 3868/3868/3868 3866/3866/3866
f 3862/3862/3862 3863/3863/3863 3903/3903/3903
f 3862/3862/3862 3903/3903/3903 3902/3902/3902
f 3845/3845/3845 3846/3846/3846 3886/3886/3886
f 3845/3845/3845 3886/3886/3886 3885/3885/3885
f 3827/3827/3827 3829/3829/3829 3869/3869/3869
f 3827/3827/3827 3869/3869/3869 3867/3867/3867
f 3863/3863/3863 3864/3864/3864 3904/3904/3904
f 3863/3863/3863 3904/3904/3904 3903/3903/3903
f 3846/3846/3846 3847/3847/3847 3887/3887/3887
f 3846/3846/3846 3887/3887/3887 3886/3886/3886
f 3830/3830/3830 3831/3831/3831 3871/3871/3871
f 3830/3830/3830 3871/3871/3871 3870/3870/3870
f 3864/3864/3864 3856/3856/3856 3896/3896/3896
f 3864/3864/3864 3896/3896/3896 3904/3904/3904
f 3847/3847/3847 3849/3849/3849 3889/3889/3889
f 3847/3847/3847 3889/3889/3889 3887/3887/3887
f 3831/3831/3831 3832/3832/3832 3872/3872/3872
f 3831/3831/3831 3872/3872/3872 3871/3871/3871
f 3829/3829/3829 3830/3830/3830 3870/3870/3870
f 3829/3829/3829 3870/3870/3870 3869/3869/3869
f 3892/3892/3892 3894/3894/3894 3934/3934/3934
f 3892/3892/3892 3934/3934/3934 3932/3932/3932
f 3877/3877/3877 3878/3878/3878 3918/3918/3918
f 3877/3877/3877 3918/3918/3918 3917/3917/3917
f 3893/3893/3893 3885/3885/3885 3925/3925/3925
f 3893/3893/3893 3925/3925/3925 3933/3933/3933
f 3878/3878/3878 3879/3879/3879 3919/3919/3919
f 3878/3878/3878 3919/3919/3919 3918/3918/3918
f 3895/3895/3895 3897/3897/3897 3937/3937/3937
f 3895/3895/3895 3937/3937/3937 3935/3935/3935
f 3879/3879/3879 3881/3881/3881 3921/3921/3921
f 3879/3879/3879 3921/3921/3921 3919/3919/3919
f 3897/3897/3897 3898/3898/3898 3938/3938/3938
f 3897/3897/3897 3938/3938/3938 3937/3937/3937
f 3880/3880/3880 3882/3882/3882 3922/3922/3922
f 3880/3880/3880 3922/3922/3922 3920/3920/3920
f 3898/3898/3898 3899/3899/3899 3939/3939/3939
f 3898/3898/3898 3939/3939/3939 3938/3938/3938
f 3882/3882/3882 3883/3883/3883 3923/3923/3923
f 3882/3882/3882 3923/3923/3923 3922/3922/3922
f 3899/3899/3899 3901/3901/3901 3941/3941/3941
f 3899/3899/3899 3941/3941/3941 3939/3939/3939
f 3883/3883/3883 3884/3884/3884 3924/3924/3924
f 3883/3883/3883 3924/3924/3924 3923/3923/3923
f 3865/3865/3865 3866/3866/3866 3906/3906/3906
f 3865/3865/3865 3906/3906/3906 3905/3905/3905
f 3900/3900/3900 3902/3902/3902 3942/3942/3942
f 3900/3900/3900 3942/3942/3942 3940/3940/3940
f 3876/3876/3876 3916/3916/3916 3924/3924/3924
f 3876/3876/3876 3924/3924/3924 3884/3884/3884
f 3866/3866/3866 3868/3868/3868 3908/3908/3908
f 3866/3866/3866 3908/3908/3908 3906/3906/3906
f 3902/3902/3902 3903/3903/3903 3943/3943/3943
f 3902/3902/3902 3943/3943/3943 3942/3942/3942
f 3885/3885/3885 3886/3886/3886 3926/3926/3926
f 3885/3885/3885 3926/3926/3926 3925/3925/3925
f 3867/3867/3867 3869/3869/3869 3909/3909/3909
f 3867/3867/3867 3909/3909/3909 3907/3907/3907
f 3903/3903/3903 3904/3904/3904 3944/3944/3944
f 3903/3903/3903 3944/3944/3944 3943/3943/3943
f 3886/3886/3886 3887/3887/3887 3927/3927/3927
f 3886/3886/3886 3927/3927/3927 3926/3926/3926
f 3870/3870/3870 3871/3871/3871 3911/3911/3911
f 3870/3870/3870 3911/3911/3911 3910/3910/3910
f 3904/3904/3904 3896/3896/3896 3936/3936/3936
f 3904/3904/3904 3936/3936/3936 3944/3944/3944
f 3887/3887/3887 3889/3889/3889 3929/3929/3929
f 3887/3887/3887 3929/3929/3929 3927/3927/3927
f 3871/3871/3871 3872/3872/3872 3912/3912/3912
f 3871/3871/3871 3912/3912/3912 3911/3911/3911
f 3869/3869/3869 3870/3870/3870 3910/3910/3910
f 3869/3869/3869 3910/3910/3910 3909/3909/3909
f 3890/3890/3890 3930/3930/3930 3928/3928/3928
f 3890/3890/3890 3928/3928/3928 3888/3888/3888
f 3872/3872/3872 3874/3874/3874 3914/3914/3914
f 3872/3872/3872 3914/3914/3914 3912/3912/3912
f 3890/3890/3890 3891/3891/3891 3931/3931/3931
f 3890/3890/3890 3931/3931/3931 3930/3930/3930
f 3873/3873/3873 3865/3865/3865 3905/3905/3905
f 3873/3873/3873 3905/3905/3905 3913/3913/3913
f 3891/3891/3891 3892/3892/3892 3932/3932/3932
f 3891/3891/3891 3932/3932/3932 3931/3931/3931
f 3875/3875/3875 3877/3877/3877 3917/3917/3917
f 3875/3875/3875 3917/3917/3917 3915/3915/3915
f 3937/3937/3937 3938/3938/3938 3978/3978/3978
f 3937/3937/3937 3978/3978/3978 3977/3977/3977
f 3920/3920/3920 3922/3922/3922 3962/3962/3962
f 3920/3920/3920 3962/3962/3962 3960/3960/3960
f 3938/3938/3938 3939/3939/3939 3979/3979/3979
f 3938/3938/3938 3979/3979/3979 3978/3978/3978
f 3922/3922/3922 3923/3923/3923 3963/3963/3963
f 3922/3922/3922 3963/3963/3963 3962/3962/3962
f 3939/3939/3939 3941/3941/3941 3981/3981/3981
f 3939/3939/3939 3981/3981/3981 3979/3979/3979
f 3923/3923/3923 3924/3924/3924 3964/3964/3964
f 3923/3923/3923 3964/3964/3964 3963/3963/3963
f 3905/3905/3905 3906/3906/3906 3946/3946/3946
f 3905/3905/3905 3946/3946/3946 3945/3945/3945
f 3940/3940/3940 3942/3942/3942 3982/3982/3982
f 3940/3940/3940 3982/3982/3982 3980/3980/3980
f 3916/3916/3916 3956/3956/3956 3964/3964/3964
f 3916/3916/3916 3964/3964/3964 3924/3924/3924
f 3906/3906/3906 3908/3908/3908 3948/3948/3948
f 3906/3906/3906 3948/3948/3948 3946/3946/3946
f 3942/3942/3942 3943/3943/3943 3983/3983/3983
f 3942/3942/3942 3983/3983/3983 3982/3982/3982
f 3925/3925/3925 3926/3926/3926 3966/3966/3966
f 3925/3925/3925 3966/3966/3966 3965/3965/3965
f 3907/3907/3907 3909/3909/3909 3949/3949/3949
f 3907/3907/3907 3949/3949/3949 3947/3947/3947
f 3943/3943/3943 3944/3944/3944 3984/3984/3984
f 3943/3943/3943 3984/3984/3984 3983/3983/3983
f 3926/3926/3926 3927/3927/3927 3967/3967/3967
f 3926/3926/3926 3967/3967/3967 3966/3966/3966
f 3910/3910/3910 3911/3911/3911 3951/3951/3951
f 3910/3910/3910 3951/3951/3951 3950/3950/3950
f 3944/3944/3944 3936/3936/3936 3976/3976/3976
f 3944/3944/3944 3976/3976/3976 3984/3984/3984
f 3927/3927/3927 3929/3929/3929 3969/3969/3969
f 3927/3927/3927 3969/3969/3969 3967/3967/3967
f 3911/3911/3911 3912/3912/3912 3952/3952/3952
f 3911/3911/3911 3952/3952/3952 3951/3951/3951
f 3909/3909/3909 3910/3910/3910 3950/3950/3950
f 3909/3909/3909 3950/3950/3950 3949/3949/3949
f 3930/3930/3930 3970/3970/3970 3968/3968/3968
f 3930/3930/3930 3968/3968/3968 3928/3928/3928
f 3912/3912/3912 3914/3914/3914 3954/3954/3954
f 3912/3912/3912 3954/3954/3954 3952/3952/3952
f 3930/3930/3930 3931/3931/3931 3971/3971/3971
f 3930/3930/3930 3971/3971/3971 3970/3970/3970
f 3913/3913/3913 3905/3905/3905 3945/3945/3945
f 3913/3913/3913 3945/3945/3945 3953/3953/3953
f 3931/3931/3931 3932/3932/3932 3972/3972/3972
f 3931/3931/3931 3972/3972/3972 3971/3971/3971
f 3915/3915/3915 3917/3917/3917 3957/3957/3957
f 3915/3915/3915 3957/3957/3957 3955/3955/3955
f 3932/3932/3932 3934/3934/3934 3974/3974/3974
f 3932/3932/3932 3974/3974/3974 3972/3972/3972
f 3917/3917/3917 3918/3918/3918 3958/3958/3958
f 3917/3917/3917 3958/3958/3958 3957/3957/3957
f 3933/3933/3933 3925/3925/3925 3965/3965/3965
f 3933/3933/3933 3965/3965/3965 3973/3973/3973
f 3918/3918/3918 3919/3919/3919 3959/3959/3959
f 3918/3918/3918 3959/3959/3959 3958/3958/3958
f 3935/3935/3935 3937/3937/3937 3977/3977/3977
f 3935/3935/3935 3977/3977/3977 3975/3975/3975
f 3919/3919/3919 3921/3921/3921 3961/3961/3961
f 3919/3919/3919 3961/3961/3961 3959/3959/3959
f 4110/4110/4110 4109/4109/4109 4022/4022/4022
f 4110/4110/4110 4022/4022/4022 4020/4020/4020
f 4147/4147/4147 3996/3996/3996 4004/4004/4004
f 4147/4147/4147 4004/4004/4004 4145/4145/4145
f 4135/4135/4135 4134/4134/4134 3988/3988/3988
f 4135/4135/4135 3988/3988/3988 3986/3986/3986
f 4109/4109/4109 4108/4108/4108 4023/4023/4023
f 4109/4109/4109 4023/4023/4023 4022/4022/4022
f 4123/4123/4123 4122/4122/4122 4006/4006/4006
f 4123/4123/4123 4006/4006/4006 4005/4005/4005
f 4133/4133/4133 4132/4132/4132 3989/3989/3989
f 4133/4133/4133 3989/3989/3989 3987/3987/3987
f 4108/4108/4108 4107/4107/4107 4024/4024/4024
f 4108/4108/4108 4024/4024/4024 4023/4023/4023
f 4122/4122/4122 4121/4121/4121 4007/4007/4007
f 4122/4122/4122 4007/4007/4007 4006/4006/4006
f 4131/4131/4131 4130/4130/4130 3991/3991/3991
f 4131/4131/4131 3991/3991/3991 3990/3990/3990
f 4107/4107/4107 4149/4149/4149 4016/4016/4016
f 4107/4107/4107 4016/4016/4016 4024/4024/4024
f 4121/4121/4121 4120/4120/4120 4009/4009/4009
f 4121/4121/4121 4009/4009/4009 4007/4007/4007
f 4130/4130/4130 4129/4129/4129 3992/3992/3992
f 4130/4130/4130 3992/3992/3992 3991/3991/3991
f 4132/4132/4132 4131/4131/4131 3990/3990/3990
f 4132/4132/4132 3990/3990/3990 3989/3989/3989
f 4118/4118/4118 4010/4010/4010 4008/4008/4008
f 4118/4118/4118 4008/4008/4008 4119/4119/4119
f 4129/4129/4129 4126/4126/4126 3994/3994/3994
f 4129/4129/4129 3994/3994/3994 3992/3992/3992
f 4118/4118/4118 4115/4115/4115 4011/4011/4011
f 4118/4118/4118 4011/4011/4011 4010/4010/4010
f 4125/4125/4125 4124/4124/4124 3985/3985/3985
f 4125/4125/4125 3985/3985/3985 3993/3993/3993
f 4115/4115/4115 4114/4114/4114 4012/4012/4012
f 4115/4115/4115 4012/4012/4012 4011/4011/4011
f 4146/4146/4146 4144/4144/4144 3997/3997/3997
f 4146/4146/4146 3997/3997/3997 3995/3995/3995
f 4114/4114/4114 4113/4113/4113 4014/4014/4014
f 4114/4114/4114 4014/4014/4014 4012/4012/4012
f 4144/4144/4144 4143/4143/4143 3998/3998/3998
f 4144/4144/4144 3998/3998/3998 3997/3997/3997
f 4112/4112/4112 4123/4123/4123 4005/4005/4005
f 4112/4112/4112 4005/4005/4005 4013/4013/4013
f 4143/4143/4143 4142/4142/4142 3999/3999/3999
f 4143/4143/4143 3999/3999/3999 3998/3998/3998
f 4148/4148/4148 4150/4150/4150 4017/4017/4017
f 4148/4148/4148 4017/4017/4017 4015/4015/4015
f 4142/4142/4142 4141/4141/4141 4001/4001/4001
f 4142/4142/4142 4001/4001/4001 3999/3999/3999
f 4150/4150/4150 4151/4151/4151 4018/4018/4018
f 4150/4150/4150 4018/4018/4018 4017/4017/4017
f 4140/4140/4140 4139/4139/4139 4002/4002/4002
f 4140/4140/4140 4002/4002/4002 4000/4000/4000
f 4151/4151/4151 4152/4152/4152 4019/4019/4019
f 4151/4151/4151 4019/4019/4019 4018/4018/4018
f 4139/4139/4139 4136/4136/4136 4003/4003/4003
f 4139/4139/4139 4003/4003/4003 4002/4002/4002
f 4152/4152/4152 4111/4111/4111 4021/4021/4021
f 4152/4152/4152 4021/4021/4021 4019/4019/4019
f 4136/4136/4136 4145/4145/4145 4004/4004/4004
f 4136/4136/4136 4004/4004/4004 4003/4003/4003
f 4124/4124/4124 4135/4135/4135 3986/3986/3986
f 4124/4124/4124 3986/3986/3986 3985/3985/3985
f 4024/4024/4024 4016/4016/4016 4056/4056/4056
f 4024/4024/4024 4056/4056/4056 4064/4064/4064
f 4007/4007/4007 4009/4009/4009 4049/4049/4049
f 4007/4007/4007 4049/4049/4049 4047/4047/4047
f 3991/3991/3991 3992/3992/3992 4032/4032/4032
f 3991/3991/3991 4032/4032/4032 4031/4031/4031
f 3989/3989/3989 3990/3990/3990 4030/4030/4030
f 3989/3989/3989 4030/4030/4030 4029/4029/4029
f 4010/4010/4010 4050/4050/4050 4048/4048/4048
f 4010/4010/4010 4048/4048/4048 4008/4008/4008
f 3992/3992/3992 3994/3994/3994 4034/4034/4034
f 3992/3992/3992 4034/4034/4034 4032/4032/4032
f 4010/4010/4010 4011/4011/4011 4051/4051/4051
f 4010/4010/4010 4051/4051/4051 4050/4050/4050
f 3993/3993/3993 3985/3985/3985 4025/4025/4025
f 3993/3993/3993 4025/4025/4025 4033/4033/4033
f 4011/4011/4011 4012/4012/4012 4052/4052/4052
f 4011/4011/4011 4052/4052/4052 4051/4051/4051
f 3995/3995/3995 3997/3997/3997 4037/4037/4037
f 3995/3995/3995 4037/4037/4037 4035/4035/4035
f 4012/4012/4012 4014/4014/4014 4054/4054/4054
f 4012/4012/4012 4054/4054/4054 4052/4052/4052
f 3997/3997/3997 3998/3998/3998 4038/4038/4038
f 3997/3997/3997 4038/4038/4038 4037/4037/4037
f 4013/4013/4013 4005/4005/4005 4045/4045/4045
f 4013/4013/4013 4045/4045/4045 4053/4053/4053
f 3998/3998/3998 3999/3999/3999 4039/4039/4039
f 3998/3998/3998 4039/4039/4039 4038/4038/4038
f 4015/4015/4015 4017/4017/4017 4057/4057/4057
f 4015/4015/4015 4057/4057/4057 4055/4055/4055
f 3999/3999/3999 4001/4001/4001 4041/4041/4041
f 3999/3999/3999 4041/4041/4041 4039/4039/4039
f 4017/4017/4017 4018/4018/4018 4058/4058/4058
f 4017/4017/4017 4058/4058/4058 4057/4057/4057
f 4000/4000/4000 4002/4002/4002 4042/4042/4042
f 4000/4000/4000 4042/4042/4042 4040/4040/4040
f 4018/4018/4018 4019/4019/4019 4059/4059/4059
f 4018/4018/4018 4059/4059/4059 4058/4058/4058
f 4002/4002/4002 4003/4003/4003 4043/4043/4043
f 4002/4002/4002 4043/4043/4043 4042/4042/4042
f 4019/4019/4019 4021/4021/4021 4061/4061/4061
f 4019/4019/4019 4061/4061/4061 4059/4059/4059
f 4003/4003/4003 4004/4004/4004 4044/4044/4044
f 4003/4003/4003 4044/4044/4044 4043/4043/4043
f 3985/3985/3985 3986/3986/3986 4026/4026/4026
f 3985/3985/3985 4026/4026/4026 4025/4025/4025
f 4020/4020/4020 4022/4022/4022 4062/4062/4062
f 4020/4020/4020 4062/4062/4062 4060/4060/4060
f 3996/3996/3996 4036/4036/4036 4044/4044/4044
f 3996/3996/3996 4044/4044/4044 4004/4004/4004
f 3986/3986/3986 3988/3988/3988 4028/4028/4028
f 3986/3986/3986 4028/4028/4028 4026/4026/4026
f 4022/4022/4022 4023/4023/4023 4063/4063/4063
f 4022/4022/4022 4063/4063/4063 4062/4062/4062
f 4005/4005/4005 4006/4006/4006 4046/4046/4046
f 4005/4005/4005 4046/4046/4046 4045/4045/4045
f 3987/3987/3987 3989/3989/3989 4029/4029/4029
f 3987/3987/3987 4029/4029/4029 4027/4027/4027
f 4023/4023/4023 4024/4024/4024 4064/4064/4064
f 4023/4023/4023 4064/4064/4064 4063/4063/4063
f 4006/4006/4006 4007/4007/4007 4047/4047/4047
f 4006/4006/4006 4047/4047/4047 4046/4046/4046
f 3990/3990/3990 3991/3991/3991 4031/4031/4031
f 3990/3990/3990 4031/4031/4031 4030/4030/4030
f 4051/4051/4051 4052/4052/4052 4092/4092/4092
f 4051/4051/4051 4092/4092/4092 4091/4091/4091
f 4035/4035/4035 4037/4037/4037 4077/4077/4077
f 4035/4035/4035 4077/4077/4077 4075/4075/4075
f 4052/4052/4052 4054/4054/4054 4094/4094/4094
f 4052/4052/4052 4094/4094/4094 4092/4092/4092
f 4037/4037/4037 4038/4038/4038 4078/4078/4078
f 4037/4037/4037 4078/4078/4078 4077/4077/4077
f 4053/4053/4053 4045/4045/4045 4085/4085/4085
f 4053/4053/4053 4085/4085/4085 4093/4093/4093
f 4038/4038/4038 4039/4039/4039 4079/4079/4079
f 4038/4038/4038 4079/4079/4079 4078/4078/4078
f 4055/4055/4055 4057/4057/4057 4097/4097/4097
f 4055/4055/4055 4097/4097/4097 4095/4095/4095
f 4039/4039/4039 4041/4041/4041 4081/4081/4081
f 4039/4039/4039 4081/4081/4081 4079/4079/4079
f 4057/4057/4057 4058/4058/4058 4098/4098/4098
f 4057/4057/4057 4098/4098/4098 4097/4097/4097
f 4040/4040/4040 4042/4042/4042 4082/4082/4082
f 4040/4040/4040 4082/4082/4082 4080/4080/4080
f 4058/4058/4058 4059/4059/4059 4099/4099/4099
f 4058/4058/4058 4099/4099/4099 4098/4098/4098
f 4042/4042/4042 4043/4043/4043 4083/4083/4083
f 4042/4042/4042 4083/4083/4083 4082/4082/4082
f 4059/4059/4059 4061/4061/4061 4101/4101/4101
f 4059/4059/4059 4101/4101/4101 4099/4099/4099
f 4043/4043/4043 4044/4044/4044 4084/4084/4084
f 4043/4043/4043 4084/4084/4084 4083/4083/4083
f 4025/4025/4025 4026/4026/4026 4066/4066/4066
f 4025/4025/4025 4066/4066/4066 4065/4065/4065
f 4060/4060/4060 4062/4062/4062 4102/4102/4102
f 4060/4060/4060 4102/4102/4102 4100/4100/4100
f 4036/4036/4036 4076/4076/4076 4084/4084/4084
f 4036/4036/4036 4084/4084/4084 4044/4044/4044
f 4026/4026/4026 4028/4028/4028 4068/4068/4068
f 4026/4026/4026 4068/4068/4068 4066/4066/4066
f 4062/4062/4062 4063/4063/4063 4103/4103/4103
f 4062/4062/4062 4103/4103/4103 4102/4102/4102
f 4045/4045/4045 4046/4046/4046 4086/4086/4086
f 4045/4045/4045 4086/4086/4086 4085/4085/4085
f 4027/4027/4027 4029/4029/4029 4069/4069/4069
f 4027/4027/4027 4069/4069/4069 4067/4067/4067
f 4063/4063/4063 4064/4064/4064 4104/4104/4104
f 4063/4063/4063 4104/4104/4104 4103/4103/4103
f 4046/4046/4046 4047/4047/4047 4087/4087/4087
f 4046/4046/4046 4087/4087/4087 4086/4086/4086
f 4030/4030/4030 4031/4031/4031 4071/4071/4071
f 4030/4030/4030 4071/4071/4071 4070/4070/4070
f 4064/4064/4064 4056/4056/4056 4096/4096/4096
f 4064/4064/4064 4096/4096/4096 4104/4104/4104
f 4047/4047/4047 4049/4049/4049 4089/4089/4089
f 4047/4047/4047 4089/4089/4089 4087/4087/4087
f 4031/4031/4031 4032/4032/4032 4072/4072/4072
f 4031/4031/4031 4072/4072/4072 4071/4071/4071
f 4029/4029/4029 4030/4030/4030 4070/4070/4070
f 4029/4029/4029 4070/4070/4070 4069/4069/4069
f 4050/4050/4050 4090/4090/4090 4088/4088/4088
f 4050/4050/4050 4088/4088/4088 4048/4048/4048
f 4032/4032/4032 4034/4034/4034 4074/4074/4074
f 4032/4032/4032 4074/4074/4074 4072/4072/4072
f 4050/4050/4050 4051/4051/4051 4091/4091/4091
f 4050/4050/4050 4091/4091/4091 4090/4090/4090
f 4033/4033/4033 4025/4025/4025 4065/4065/4065
f 4033/4033/4033 4065/4065/4065 4073/4073/4073
f 3963/3963/3963 3964/3964/3964 4145/4145/4145
f 3963/3963/3963 4145/4145/4145 4136/4136/4136
f 3962/3962/3962 3963/3963/3963 4136/4136/4136
f 3962/3962/3962 4136/4136/4136 4139/4139/4139
f 3960/3960/3960 3962/3962/3962 4139/4139/4139
f 3960/3960/3960 4139/4139/4139 4140/4140/4140
f 3959/3959/3959 3961/3961/3961 4141/4141/4141
f 3959/3959/3959 4141/4141/4141 4142/4142/4142
f 3958/3958/3958 3959/3959/3959 4142/4142/4142
f 3958/3958/3958 4142/4142/4142 4143/4143/4143
f 3957/3957/3957 3958/3958/3958 4143/4143/4143
f 3957/3957/3957 4143/4143/4143 4144/4144/4144
f 3955/3955/3955 3957/3957/3957 4144/4144/4144
f 3955/3955/3955 4144/4144/4144 4146/4146/4146
f 3956/3956/3956 4147/4147/4147 4145/4145/4145
f 3956/3956/3956 4145/4145/4145 3964/3964/3964
f 3945/3945/3945 3946/3946/3946 4135/4135/4135
f 3945/3945/3945 4135/4135/4135 4124/4124/4124
f 3953/3953/3953 3945/3945/3945 4124/4124/4124
f 3953/3953/3953 4124/4124/4124 4125/4125/4125
f 3952/3952/3952 3954/3954/3954 4126/4126/4126
f 3952/3952/3952 4126/4126/4126 4129/4129/4129
f 3949/3949/3949 3950/3950/3950 4131/4131/4131
f 3949/3949/3949 4131/4131/4131 4132/4132/4132
f 3951/3951/3951 3952/3952/3952 4129/4129/4129
f 3951/3951/3951 4129/4129/4129 4130/4130/4130
f 3950/3950/3950 3951/3951/3951 4130/4130/4130
f 3950/3950/3950 4130/4130/4130 4131/4131/4131
f 3947/3947/3947 3949/3949/3949 4132/4132/4132
f 3947/3947/3947 4132/4132/4132 4133/4133/4133
f 3946/3946/3946 3948/3948/3948 4134/4134/4134
f 3946/3946/3946 4134/4134/4134 4135/4135/4135
f 3973/3973/3973 3965/3965/3965 4123/4123/4123
f 3973/3973/3973 4123/4123/4123 4112/4112/4112
f 3972/3972/3972 3974/3974/3974 4113/4113/4113
f 3972/3972/3972 4113/4113/4113 4114/4114/4114
f 3971/3971/3971 3972/3972/3972 4114/4114/4114
f 3971/3971/3971 4114/4114/4114 4115/4115/4115
f 3970/3970/3970 3971/3971/3971 4115/4115/4115
f 3970/3970/3970 4115/4115/4115 4118/4118/4118
f 3970/3970/3970 4118/4118/4118 4119/4119/4119
f 3970/3970/3970 4119/4119/4119 3968/3968/3968
f 3967/3967/3967 3969/3969/3969 4120/4120/4120
f 3967/3967/3967 4120/4120/4120 4121/4121/4121
f 3966/3966/3966 3967/3967/3967 4121/4121/4121
f 3966/3966/3966 4121/4121/4121 4122/4122/4122
f 3965/3965/3965 3966/3966/3966 4122/4122/4122
f 3965/3965/3965 4122/4122/4122 4123/4123/4123
f 3979/3979/3979 3981/3981/3981 4111/4111/4111
f 3979/3979/3979 4111/4111/4111 4152/4152/4152
f 3978/3978/3978 3979/3979/3979 4152/4152/4152
f 3978/3978/3978 4152/4152/4152 4151/4151/4151
f 3977/3977/3977 3978/3978/3978 4151/4151/4151
f 3977/3977/3977 4151/4151/4151 4150/4150/4150
f 3975/3975/3975 3977/3977/3977 4150/4150/4150
f 3975/3975/3975 4150/4150/4150 4148/4148/4148
f 3984/3984/3984 3976/3976/3976 4149/4149/4149
f 3984/3984/3984 4149/4149/4149 4107/4107/4107
f 3983/3983/3983 3984/3984/3984 4107/4107/4107
f 3983/3983/3983 4107/4107/4107 4108/4108/4108
f 3982/3982/3982 3983/3983/3983 4108/4108/4108
f 3982/3982/3982 4108/4108/4108 4109/4109/4109
f 3980/3980/3980 3982/3982/3982 4109/4109/4109
f 3980/3980/3980 4109/4109/4109 4110/4110/4110
f 4180/4180/4180 3669/3669/3669 3660/3660/3660
f 4180/4180/4180 3660/3660/3660 4178/4178/4178
f 4178/4178/4178 3660/3660/3660 3651/3651/3651
f 4178/4178/4178 3651/3651/3651 4176/4176/4176
f 4176/4176/4176 3651/3651/3651 3642/3642/3642
f 4176/4176/4176 3642/3642/3642 4174/4174/4174
f 4174/4174/4174 3642/3642/3642 3633/3633/3633
f 4174/4174/4174 3633/3633/3633 4172/4172/4172
f 4172/4172/4172 3633/3633/3633 3624/3624/3624
f 4172/4172/4172 3624/3624/3624 4170/4170/4170
f 4170/4170/4170 3624/3624/3624 5289/5289/5289
f 4170/4170/4170 5289/5289/5289 5291/5291/5291
f 3603/3603/3603 3601/3601/3601 3678/3678/3678
f 3603/3603/3603 3678/3678/3678 4182/4182/4182
f 3661/3661/3661 3665/3665/3665 3674/3674/3674
f 3661/3661/3661 3674/3674/3674 3670/3670/3670
f 3713/3713/3713 4165/4165/4165 4166/4166/4166
f 3713/3713/3713 4166/4166/4166 3724/3724/3724
f 3703/3703/3703 4164/4164/4164 4165/4165/4165
f 3703/3703/3703 4165/4165/4165 3713/3713/3713
f 3682/3682/3682 4162/4162/4162 4164/4164/4164
f 3682/3682/3682 4164/4164/4164 3703/3703/3703
f 3602/3602/3602 4153/4153/4153 4163/4163/4163
f 3602/3602/3602 4163/4163/4163 3692/3692/3692
f 3692/3692/3692 4163/4163/4163 4162/4162/4162
f 3692/3692/3692 4162/4162/4162 3682/3682/3682
f 3747/3747/3747 3748/3748/3748 3711/3711/3711
f 3747/3747/3747 3711/3711/3711 3704/3704/3704
f 3689/3689/3689 3683/3683/3683 3704/3704/3704
f 3689/3689/3689 3704/3704/3704 3711/3711/3711
f 3601/3601/3601 3603/3603/3603 3693/3693/3693
f 3601/3601/3601 3693/3693/3693 3691/3691/3691
f 3681/3681/3681 4162/4162/4162 4163/4163/4163
f 3681/3681/3681 4163/4163/4163 3690/3690/3690
f 3728/3728/3728 3736/3736/3736 3737/3737/3737
f 3728/3728/3728 3737/3737/3737 3729/3729/3729
f 3723/3723/3723 3729/3729/3729 3813/3813/3813
f 3723/3723/3723 3813/3813/3813 3811/3811/3811
f 3481/3481/3481 3614/3614/3614 3612/3612/3612
f 3481/3481/3481 3612/3612/3612 3479/3479/3479
f 3480/3480/3480 3613/3613/3613 3611/3611/3611
f 3480/3480/3480 3611/3611/3611 3478/3478/3478
f 3475/3475/3475 3609/3609/3609 4154/4154/4154
f 3475/3475/3475 4154/4154/4154 3477/3477/3477
f 3473/3473/3473 3607/3607/3607 3608/3608/3608
f 3473/3473/3473 3608/3608/3608 3474/3474/3474
f 3482/3482/3482 3615/3615/3615 3614/3614/3614
f 3482/3482/3482 3614/3614/3614 3481/3481/3481
f 3477/3477/3477 4154/4154/4154 4168/4168/4168
f 3477/3477/3477 4168/4168/4168 3476/3476/3476
f 3472/3472/3472 3610/3610/3610 3607/3607/3607
f 3472/3472/3472 3607/3607/3607 3473/3473/3473
f 3476/3476/3476 4168/4168/4168 3615/3615/3615
f 3476/3476/3476 3615/3615/3615 3482/3482/3482
f 3478/3478/3478 3611/3611/3611 3610/3610/3610
f 3478/3478/3478 3610/3610/3610 3472/3472/3472
f 3474/3474/3474 3608/3608/3608 3609/3609/3609
f 3474/3474/3474 3609/3609/3609 3475/3475/3475
f 3398/3398/3398 3401/3401/3401 3403/3403/3403
f 3398/3398/3398 3403/3403/3403 3400/3400/3400
f 4183/4183/4183 4186/4186/4186 4185/4185/4185
f 4183/4183/4183 4185/4185/4185 4184/4184/4184
f 4187/4187/4187 4190/4190/4190 4189/4189/4189
f 4187/4187/4187 4189/4189/4189 4188/4188/4188
f 4190/4190/4190 4192/4192/4192 4191/4191/4191
f 4190/4190/4190 4191/4191/4191 4189/4189/4189
f 4193/4193/4193 4196/4196/4196 4195/4195/4195
f 4193/4193/4193 4195/4195/4195 4194/4194/4194
f 4197/4197/4197 4202/4202/4202 4201/4201/4201
f 4197/4197/4197 4201/4201/4201 4199/4199/4199
f 4202/4202/4202 4204/4204/4204 4203/4203/4203
f 4202/4202/4202 4203/4203/4203 4201/4201/4201
f 4206/4206/4206 4193/4193/4193 4194/4194/4194
f 4206/4206/4206 4194/4194/4194 4208/4208/4208
f 4209/4209/4209 4187/4187/4187 4188/4188/4188
f 4209/4209/4209 4188/4188/4188 4210/4210/4210
f 4203/4203/4203 4211/4211/4211 4242/4242/4242
f 4203/4203/4203 4242/4242/4242 4231/4231/4231
f 4196/4196/4196 4214/4214/4214 4213/4213/4213
f 4196/4196/4196 4213/4213/4213 4195/4195/4195
f 4212/4212/4212 4216/4216/4216 4215/4215/4215
f 4212/4212/4212 4215/4215/4215 4211/4211/4211
f 4185/4185/4185 4207/4207/4207 4240/4240/4240
f 4185/4185/4185 4240/4240/4240 4245/4245/4245
f 4192/4192/4192 4218/4218/4218 4217/4217/4217
f 4192/4192/4192 4217/4217/4217 4191/4191/4191
f 4214/4214/4214 4222/4222/4222 4220/4220/4220
f 4214/4214/4214 4220/4220/4220 4213/4213/4213
f 4216/4216/4216 4183/4183/4183 4184/4184/4184
f 4216/4216/4216 4184/4184/4184 4215/4215/4215
f 4218/4218/4218 4198/4198/4198 4200/4200/4200
f 4218/4218/4218 4200/4200/4200 4217/4217/4217
f 4221/4221/4221 4224/4224/4224 4223/4223/4223
f 4221/4221/4221 4223/4223/4223 4219/4219/4219
f 4223/4223/4223 4210/4210/4210 4226/4226/4226
f 4223/4223/4223 4226/4226/4226 4225/4225/4225
f 4213/4213/4213 4220/4220/4220 4229/4229/4229
f 4213/4213/4213 4229/4229/4229 4227/4227/4227
f 4201/4201/4201 4203/4203/4203 4231/4231/4231
f 4201/4201/4201 4231/4231/4231 4230/4230/4230
f 4191/4191/4191 4217/4217/4217 4233/4233/4233
f 4191/4191/4191 4233/4233/4233 4232/4232/4232
f 4210/4210/4210 4188/4188/4188 4234/4234/4234
f 4210/4210/4210 4234/4234/4234 4226/4226/4226
f 4219/4219/4219 4223/4223/4223 4225/4225/4225
f 4219/4219/4219 4225/4225/4225 4228/4228/4228
f 4215/4215/4215 4184/4184/4184 4236/4236/4236
f 4215/4215/4215 4236/4236/4236 4235/4235/4235
f 4195/4195/4195 4213/4213/4213 4227/4227/4227
f 4195/4195/4195 4227/4227/4227 4237/4237/4237
f 4199/4199/4199 4201/4201/4201 4230/4230/4230
f 4199/4199/4199 4230/4230/4230 4238/4238/4238
f 3322/3322/3322 3325/3325/3325 4245/4245/4245
f 3322/3322/3322 4245/4245/4245 4240/4240/4240
f 3333/3333/3333 4231/4231/4231 4242/4242/4242
f 3333/3333/3333 4242/4242/4242 3328/3328/3328
f 4194/4194/4194 4195/4195/4195 4244/4244/4244
f 4194/4194/4194 4244/4244/4244 4243/4243/4243
f 4184/4184/4184 4185/4185/4185 4245/4245/4245
f 4184/4184/4184 4245/4245/4245 4236/4236/4236
f 4189/4189/4189 4191/4191/4191 4232/4232/4232
f 4189/4189/4189 4232/4232/4232 4246/4246/4246
f 4208/4208/4208 4194/4194/4194 4243/4243/4243
f 4208/4208/4208 4243/4243/4243 4241/4241/4241
f 4217/4217/4217 4200/4200/4200 4239/4239/4239
f 4217/4217/4217 4239/4239/4239 4233/4233/4233
f 4211/4211/4211 4215/4215/4215 4235/4235/4235
f 4211/4211/4211 4235/4235/4235 4242/4242/4242
f 4188/4188/4188 4189/4189/4189 4246/4246/4246
f 4188/4188/4188 4246/4246/4246 4234/4234/4234
f 4224/4224/4224 4209/4209/4209 4210/4210/4210
f 4224/4224/4224 4210/4210/4210 4223/4223/4223
f 3314/3314/3314 4233/4233/4233 4239/4239/4239
f 3314/3314/3314 4239/4239/4239 3331/3331/3331
f 3319/3319/3319 4227/4227/4227 4229/4229/4229
f 3319/3319/3319 4229/4229/4229 3318/3318/3318
f 3324/3324/3324 4225/4225/4225 4226/4226/4226
f 3324/3324/3324 4226/4226/4226 3329/3329/3329
f 3335/3335/3335 4237/4237/4237 4227/4227/4227
f 3335/3335/3335 4227/4227/4227 3319/3319/3319
f 3321/3321/3321 4243/4243/4243 4244/4244/4244
f 3321/3321/3321 4244/4244/4244 3320/3320/3320
f 3323/3323/3323 4241/4241/4241 4243/4243/4243
f 3323/3323/3323 4243/4243/4243 3321/3321/3321
f 3328/3328/3328 4242/4242/4242 4235/4235/4235
f 3328/3328/3328 4235/4235/4235 3327/3327/3327
f 3320/3320/3320 4244/4244/4244 4195/4195/4195
f 3320/3320/3320 4195/4195/4195 3142/3142/3142
f 3329/3329/3329 4226/4226/4226 4234/4234/4234
f 3329/3329/3329 4234/4234/4234 3316/3316/3316
f 3334/3334/3334 4246/4246/4246 4232/4232/4232
f 3334/3334/3334 4232/4232/4232 3315/3315/3315
f 3512/3512/3512 3521/3521/3521 3522/3522/3522
f 3512/3512/3512 3522/3522/3522 3510/3510/3510
f 3332/3332/3332 4230/4230/4230 4231/4231/4231
f 3332/3332/3332 4231/4231/4231 3333/3333/3333
f 3316/3316/3316 4234/4234/4234 4246/4246/4246
f 3316/3316/3316 4246/4246/4246 3334/3334/3334
f 3326/3326/3326 4236/4236/4236 4245/4245/4245
f 3326/3326/3326 4245/4245/4245 3325/3325/3325
f 3315/3315/3315 4232/4232/4232 4233/4233/4233
f 3315/3315/3315 4233/4233/4233 3314/3314/3314
f 3142/3142/3142 4195/4195/4195 4237/4237/4237
f 3142/3142/3142 4237/4237/4237 3335/3335/3335
f 3330/3330/3330 4238/4238/4238 4230/4230/4230
f 3330/3330/3330 4230/4230/4230 3332/3332/3332
f 3317/3317/3317 4228/4228/4228 4225/4225/4225
f 3317/3317/3317 4225/4225/4225 3324/3324/3324
f 3327/3327/3327 4235/4235/4235 4236/4236/4236
f 3327/3327/3327 4236/4236/4236 3326/3326/3326
f 4298/4298/4298 4299/4299/4299 4278/4278/4278
f 4298/4298/4298 4278/4278/4278 4277/4277/4277
f 4300/4300/4300 4301/4301/4301 4271/4271/4271
f 4300/4300/4300 4271/4271/4271 4270/4270/4270
f 4299/4299/4299 4302/4302/4302 4279/4279/4279
f 4299/4299/4299 4279/4279/4279 4278/4278/4278
f 4301/4301/4301 4303/4303/4303 4272/4272/4272
f 4301/4301/4301 4272/4272/4272 4271/4271/4271
f 4302/4302/4302 4304/4304/4304 4280/4280/4280
f 4302/4302/4302 4280/4280/4280 4279/4279/4279
f 4303/4303/4303 4305/4305/4305 4273/4273/4273
f 4303/4303/4303 4273/4273/4273 4272/4272/4272
f 4306/4306/4306 4308/4308/4308 4266/4266/4266
f 4306/4306/4306 4266/4266/4266 4264/4264/4264
f 4304/4304/4304 4307/4307/4307 4265/4265/4265
f 4304/4304/4304 4265/4265/4265 4280/4280/4280
f 4305/4305/4305 4309/4309/4309 4274/4274/4274
f 4305/4305/4305 4274/4274/4274 4273/4273/4273
f 4308/4308/4308 4310/4310/4310 4267/4267/4267
f 4308/4308/4308 4267/4267/4267 4266/4266/4266
f 4309/4309/4309 4311/4311/4311 4275/4275/4275
f 4309/4309/4309 4275/4275/4275 4274/4274/4274
f 4310/4310/4310 4312/4312/4312 4268/4268/4268
f 4310/4310/4310 4268/4268/4268 4267/4267/4267
f 4311/4311/4311 4313/4313/4313 4276/4276/4276
f 4311/4311/4311 4276/4276/4276 4275/4275/4275
f 4312/4312/4312 4314/4314/4314 4269/4269/4269
f 4312/4312/4312 4269/4269/4269 4268/4268/4268
f 4313/4313/4313 4298/4298/4298 4277/4277/4277
f 4313/4313/4313 4277/4277/4277 4276/4276/4276
f 4314/4314/4314 4300/4300/4300 4270/4270/4270
f 4314/4314/4314 4270/4270/4270 4269/4269/4269
f 4276/4276/4276 4277/4277/4277 4294/4294/4294
f 4276/4276/4276 4294/4294/4294 4293/4293/4293
f 4269/4269/4269 4270/4270/4270 4287/4287/4287
f 4269/4269/4269 4287/4287/4287 4286/4286/4286
f 4277/4277/4277 4278/4278/4278 4295/4295/4295
f 4277/4277/4277 4295/4295/4295 4294/4294/4294
f 4270/4270/4270 4271/4271/4271 4288/4288/4288
f 4270/4270/4270 4288/4288/4288 4287/4287/4287
f 4278/4278/4278 4279/4279/4279 4296/4296/4296
f 4278/4278/4278 4296/4296/4296 4295/4295/4295
f 4271/4271/4271 4272/4272/4272 4289/4289/4289
f 4271/4271/4271 4289/4289/4289 4288/4288/4288
f 4279/4279/4279 4280/4280/4280 4297/4297/4297
f 4279/4279/4279 4297/4297/4297 4296/4296/4296
f 4272/4272/4272 4273/4273/4273 4290/4290/4290
f 4272/4272/4272 4290/4290/4290 4289/4289/4289
f 4264/4264/4264 4266/4266/4266 4283/4283/4283
f 4264/4264/4264 4283/4283/4283 4281/4281/4281
f 4280/4280/4280 4265/4265/4265 4282/4282/4282
f 4280/4280/4280 4282/4282/4282 4297/4297/4297
f 4273/4273/4273 4274/4274/4274 4291/4291/4291
f 4273/4273/4273 4291/4291/4291 4290/4290/4290
f 4266/4266/4266 4267/4267/4267 4284/4284/4284
f 4266/4266/4266 4284/4284/4284 4283/4283/4283
f 4274/4274/4274 4275/4275/4275 4292/4292/4292
f 4274/4274/4274 4292/4292/4292 4291/4291/4291
f 4267/4267/4267 4268/4268/4268 4285/4285/4285
f 4267/4267/4267 4285/4285/4285 4284/4284/4284
f 4275/4275/4275 4276/4276/4276 4293/4293/4293
f 4275/4275/4275 4293/4293/4293 4292/4292/4292
f 4268/4268/4268 4269/4269/4269 4286/4286/4286
f 4268/4268/4268 4286/4286/4286 4285/4285/4285
f 4252/4252/4252 4253/4253/4253 4300/4300/4300
f 4252/4252/4252 4300/4300/4300 4314/4314/4314
f 4259/4259/4259 4260/4260/4260 4298/4298/4298
f 4259/4259/4259 4298/4298/4298 4313/4313/4313
f 4251/4251/4251 4252/4252/4252 4314/4314/4314
f 4251/4251/4251 4314/4314/4314 4312/4312/4312
f 4258/4258/4258 4259/4259/4259 4313/4313/4313
f 4258/4258/4258 4313/4313/4313 4311/4311/4311
f 4250/4250/4250 4251/4251/4251 4312/4312/4312
f 4250/4250/4250 4312/4312/4312 4310/4310/4310
f 4257/4257/4257 4258/4258/4258 4311/4311/4311
f 4257/4257/4257 4311/4311/4311 4309/4309/4309
f 4249/4249/4249 4250/4250/4250 4310/4310/4310
f 4249/4249/4249 4310/4310/4310 4308/4308/4308
f 4256/4256/4256 4257/4257/4257 4309/4309/4309
f 4256/4256/4256 4309/4309/4309 4305/4305/4305
f 4263/4263/4263 4248/4248/4248 4307/4307/4307
f 4263/4263/4263 4307/4307/4307 4304/4304/4304
f 4247/4247/4247 4249/4249/4249 4308/4308/4308
f 4247/4247/4247 4308/4308/4308 4306/4306/4306
f 4255/4255/4255 4256/4256/4256 4305/4305/4305
f 4255/4255/4255 4305/4305/4305 4303/4303/4303
f 4262/4262/4262 4263/4263/4263 4304/4304/4304
f 4262/4262/4262 4304/4304/4304 4302/4302/4302
f 4254/4254/4254 4255/4255/4255 4303/4303/4303
f 4254/4254/4254 4303/4303/4303 4301/4301/4301
f 4261/4261/4261 4262/4262/4262 4302/4302/4302
f 4261/4261/4261 4302/4302/4302 4299/4299/4299
f 4253/4253/4253 4254/4254/4254 4301/4301/4301
f 4253/4253/4253 4301/4301/4301 4300/4300/4300
f 4260/4260/4260 4261/4261/4261 4299/4299/4299
f 4260/4260/4260 4299/4299/4299 4298/4298/4298
f 4294/4294/4294 4295/4295/4295 5307/5307/5307
f 4294/4294/4294 5307/5307/5307 5306/5306/5306
f 4287/4287/4287 4288/4288/4288 5300/5300/5300
f 4287/4287/4287 5300/5300/5300 5299/5299/5299
f 4295/4295/4295 4296/4296/4296 5308/5308/5308
f 4295/4295/4295 5308/5308/5308 5307/5307/5307
f 4288/4288/4288 4289/4289/4289 5301/5301/5301
f 4288/4288/4288 5301/5301/5301 5300/5300/5300
f 4296/4296/4296 4297/4297/4297 5309/5309/5309
f 4296/4296/4296 5309/5309/5309 5308/5308/5308
f 4289/4289/4289 4290/4290/4290 5302/5302/5302
f 4289/4289/4289 5302/5302/5302 5301/5301/5301
f 4281/4281/4281 4283/4283/4283 5293/5293/5293
f 4281/4281/4281 5293/5293/5293 5294/5294/5294
f 4297/4297/4297 4282/4282/4282 5295/5295/5295
f 4297/4297/4297 5295/5295/5295 5309/5309/5309
f 4290/4290/4290 4291/4291/4291 5303/5303/5303
f 4290/4290/4290 5303/5303/5303 5302/5302/5302
f 4283/4283/4283 4284/4284/4284 5296/5296/5296
f 4283/4283/4283 5296/5296/5296 5293/5293/5293
f 4291/4291/4291 4292/4292/4292 5304/5304/5304
f 4291/4291/4291 5304/5304/5304 5303/5303/5303
f 4284/4284/4284 4285/4285/4285 5297/5297/5297
f 4284/4284/4284 5297/5297/5297 5296/5296/5296
f 4292/4292/4292 4293/4293/4293 5305/5305/5305
f 4292/4292/4292 5305/5305/5305 5304/5304/5304
f 4285/4285/4285 4286/4286/4286 5298/5298/5298
f 4285/4285/4285 5298/5298/5298 5297/5297/5297
f 4293/4293/4293 4294/4294/4294 5306/5306/5306
f 4293/4293/4293 5306/5306/5306 5305/5305/5305
f 4286/4286/4286 4287/4287/4287 5299/5299/5299
f 4286/4286/4286 5299/5299/5299 5298/5298/5298
f 5312/5312/5312 4351/4351/4351 4349/4349/4349
f 5312/5312/5312 4349/4349/4349 5311/5311/5311
f 5310/5310/5310 4350/4350/4350 4365/4365/4365
f 5310/5310/5310 4365/4365/4365 5326/5326/5326
f 5320/5320/5320 4359/4359/4359 4358/4358/4358
f 5320/5320/5320 4358/4358/4358 5319/5319/5319
f 5313/5313/5313 4352/4352/4352 4351/4351/4351
f 5313/5313/5313 4351/4351/4351 5312/5312/5312
f 5321/5321/5321 4360/4360/4360 4359/4359/4359
f 5321/5321/5321 4359/4359/4359 5320/5320/5320
f 5314/5314/5314 4353/4353/4353 4352/4352/4352
f 5314/5314/5314 4352/4352/4352 5313/5313/5313
f 5322/5322/5322 4361/4361/4361 4360/4360/4360
f 5322/5322/5322 4360/4360/4360 5321/5321/5321
f 5315/5315/5315 4354/4354/4354 4353/4353/4353
f 5315/5315/5315 4353/4353/4353 5314/5314/5314
f 5323/5323/5323 4362/4362/4362 4361/4361/4361
f 5323/5323/5323 4361/4361/4361 5322/5322/5322
f 5316/5316/5316 4355/4355/4355 4354/4354/4354
f 5316/5316/5316 4354/4354/4354 5315/5315/5315
f 5324/5324/5324 4363/4363/4363 4362/4362/4362
f 5324/5324/5324 4362/4362/4362 5323/5323/5323
f 5317/5317/5317 4356/4356/4356 4355/4355/4355
f 5317/5317/5317 4355/4355/4355 5316/5316/5316
f 5325/5325/5325 4364/4364/4364 4363/4363/4363
f 5325/5325/5325 4363/4363/4363 5324/5324/5324
f 5318/5318/5318 4357/4357/4357 4356/4356/4356
f 5318/5318/5318 4356/4356/4356 5317/5317/5317
f 5326/5326/5326 4365/4365/4365 4364/4364/4364
f 5326/5326/5326 4364/4364/4364 5325/5325/5325
f 5319/5319/5319 4358/4358/4358 4357/4357/4357
f 5319/5319/5319 4357/4357/4357 5318/5318/5318
f 4365/4365/4365 4382/4382/4382 4381/4381/4381
f 4365/4365/4365 4381/4381/4381 4364/4364/4364
f 4358/4358/4358 4375/4375/4375 4374/4374/4374
f 4358/4358/4358 4374/4374/4374 4357/4357/4357
f 4351/4351/4351 4368/4368/4368 4366/4366/4366
f 4351/4351/4351 4366/4366/4366 4349/4349/4349
f 4350/4350/4350 4367/4367/4367 4382/4382/4382
f 4350/4350/4350 4382/4382/4382 4365/4365/4365
f 4359/4359/4359 4376/4376/4376 4375/4375/4375
f 4359/4359/4359 4375/4375/4375 4358/4358/4358
f 4352/4352/4352 4369/4369/4369 4368/4368/4368
f 4352/4352/4352 4368/4368/4368 4351/4351/4351
f 4360/4360/4360 4377/4377/4377 4376/4376/4376
f 4360/4360/4360 4376/4376/4376 4359/4359/4359
f 4353/4353/4353 4370/4370/4370 4369/4369/4369
f 4353/4353/4353 4369/4369/4369 4352/4352/4352
f 4361/4361/4361 4378/4378/4378 4377/4377/4377
f 4361/4361/4361 4377/4377/4377 4360/4360/4360
f 4354/4354/4354 4371/4371/4371 4370/4370/4370
f 4354/4354/4354 4370/4370/4370 4353/4353/4353
f 4362/4362/4362 4379/4379/4379 4378/4378/4378
f 4362/4362/4362 4378/4378/4378 4361/4361/4361
f 4355/4355/4355 4372/4372/4372 4371/4371/4371
f 4355/4355/4355 4371/4371/4371 4354/4354/4354
f 4363/4363/4363 4380/4380/4380 4379/4379/4379
f 4363/4363/4363 4379/4379/4379 4362/4362/4362
f 4356/4356/4356 4373/4373/4373 4372/4372/4372
f 4356/4356/4356 4372/4372/4372 4355/4355/4355
f 4364/4364/4364 4381/4381/4381 4380/4380/4380
f 4364/4364/4364 4380/4380/4380 4363/4363/4363
f 4357/4357/4357 4374/4374/4374 4373/4373/4373
f 4357/4357/4357 4373/4373/4373 4356/4356/4356
f 4372/4372/4372 4389/4389/4389 4388/4388/4388
f 4372/4372/4372 4388/4388/4388 4371/4371/4371
f 4380/4380/4380 4397/4397/4397 4396/4396/4396
f 4380/4380/4380 4396/4396/4396 4379/4379/4379
f 4373/4373/4373 4390/4390/4390 4389/4389/4389
f 4373/4373/4373 4389/4389/4389 4372/4372/4372
f 4381/4381/4381 4398/4398/4398 4397/4397/4397
f 4381/4381/4381 4397/4397/4397 4380/4380/4380
f 4374/4374/4374 4391/4391/4391 4390/4390/4390
f 4374/4374/4374 4390/4390/4390 4373/4373/4373
f 4382/4382/4382 4399/4399/4399 4398/4398/4398
f 4382/4382/4382 4398/4398/4398 4381/4381/4381
f 4375/4375/4375 4392/4392/4392 4391/4391/4391
f 4375/4375/4375 4391/4391/4391 4374/4374/4374
f 4368/4368/4368 4385/4385/4385 4383/4383/4383
f 4368/4368/4368 4383/4383/4383 4366/4366/4366
f 4367/4367/4367 4384/4384/4384 4399/4399/4399
f 4367/4367/4367 4399/4399/4399 4382/4382/4382
f 4376/4376/4376 4393/4393/4393 4392/4392/4392
f 4376/4376/4376 4392/4392/4392 4375/4375/4375
f 4369/4369/4369 4386/4386/4386 4385/4385/4385
f 4369/4369/4369 4385/4385/4385 4368/4368/4368
f 4377/4377/4377 4394/4394/4394 4393/4393/4393
f 4377/4377/4377 4393/4393/4393 4376/4376/4376
f 4370/4370/4370 4387/4387/4387 4386/4386/4386
f 4370/4370/4370 4386/4386/4386 4369/4369/4369
f 4378/4378/4378 4395/4395/4395 4394/4394/4394
f 4378/4378/4378 4394/4394/4394 4377/4377/4377
f 4371/4371/4371 4388/4388/4388 4387/4387/4387
f 4371/4371/4371 4387/4387/4387 4370/4370/4370
f 4379/4379/4379 4396/4396/4396 4395/4395/4395
f 4379/4379/4379 4395/4395/4395 4378/4378/4378
f 4394/4394/4394 4411/4411/4411 4410/4410/4410
f 4394/4394/4394 4410/4410/4410 4393/4393/4393
f 4387/4387/4387 4404/4404/4404 4403/4403/4403
f 4387/4387/4387 4403/4403/4403 4386/4386/4386
f 4395/4395/4395 4412/4412/4412 4411/4411/4411
f 4395/4395/4395 4411/4411/4411 4394/4394/4394
f 4388/4388/4388 4405/4405/4405 4404/4404/4404
f 4388/4388/4388 4404/4404/4404 4387/4387/4387
f 4396/4396/4396 4413/4413/4413 4412/4412/4412
f 4396/4396/4396 4412/4412/4412 4395/4395/4395
f 4389/4389/4389 4406/4406/4406 4405/4405/4405
f 4389/4389/4389 4405/4405/4405 4388/4388/4388
f 4397/4397/4397 4414/4414/4414 4413/4413/4413
f 4397/4397/4397 4413/4413/4413 4396/4396/4396
f 4390/4390/4390 4407/4407/4407 4406/4406/4406
f 4390/4390/4390 4406/4406/4406 4389/4389/4389
f 4398/4398/4398 4415/4415/4415 4414/4414/4414
f 4398/4398/4398 4414/4414/4414 4397/4397/4397
f 4391/4391/4391 4408/4408/4408 4407/4407/4407
f 4391/4391/4391 4407/4407/4407 4390/4390/4390
f 4399/4399/4399 4416/4416/4416 4415/4415/4415
f 4399/4399/4399 4415/4415/4415 4398/4398/4398
f 4392/4392/4392 4409/4409/4409 4408/4408/4408
f 4392/4392/4392 4408/4408/4408 4391/4391/4391
f 4385/4385/4385 4402/4402/4402 4400/4400/4400
f 4385/4385/4385 4400/4400/4400 4383/4383/4383
f 4384/4384/4384 4401/4401/4401 4416/4416/4416
f 4384/4384/4384 4416/4416/4416 4399/4399/4399
f 4393/4393/4393 4410/4410/4410 4409/4409/4409
f 4393/4393/4393 4409/4409/4409 4392/4392/4392
f 4386/4386/4386 4403/4403/4403 4402/4402/4402
f 4386/4386/4386 4402/4402/4402 4385/4385/4385
f 4416/4416/4416 4433/4433/4433 4432/4432/4432
f 4416/4416/4416 4432/4432/4432 4415/4415/4415
f 4409/4409/4409 4426/4426/4426 4425/4425/4425
f 4409/4409/4409 4425/4425/4425 4408/4408/4408
f 4402/4402/4402 4419/4419/4419 4417/4417/4417
f 4402/4402/4402 4417/4417/4417 4400/4400/4400
f 4401/4401/4401 4418/4418/4418 4433/4433/4433
f 4401/4401/4401 4433/4433/4433 4416/4416/4416
f 4410/4410/4410 4427/4427/4427 4426/4426/4426
f 4410/4410/4410 4426/4426/4426 4409/4409/4409
f 4403/4403/4403 4420/4420/4420 4419/4419/4419
f 4403/4403/4403 4419/4419/4419 4402/4402/4402
f 4411/4411/4411 4428/4428/4428 4427/4427/4427
f 4411/4411/4411 4427/4427/4427 4410/4410/4410
f 4404/4404/4404 4421/4421/4421 4420/4420/4420
f 4404/4404/4404 4420/4420/4420 4403/4403/4403
f 4412/4412/4412 4429/4429/4429 4428/4428/4428
f 4412/4412/4412 4428/4428/4428 4411/4411/4411
f 4405/4405/4405 4422/4422/4422 4421/4421/4421
f 4405/4405/4405 4421/4421/4421 4404/4404/4404
f 4413/4413/4413 4430/4430/4430 4429/4429/4429
f 4413/4413/4413 4429/4429/4429 4412/4412/4412
f 4406/4406/4406 4423/4423/4423 4422/4422/4422
f 4406/4406/4406 4422/4422/4422 4405/4405/4405
f 4414/4414/4414 4431/4431/4431 4430/4430/4430
f 4414/4414/4414 4430/4430/4430 4413/4413/4413
f 4407/4407/4407 4424/4424/4424 4423/4423/4423
f 4407/4407/4407 4423/4423/4423 4406/4406/4406
f 4415/4415/4415 4432/4432/4432 4431/4431/4431
f 4415/4415/4415 4431/4431/4431 4414/4414/4414
f 4408/4408/4408 4425/4425/4425 4424/4424/4424
f 4408/4408/4408 4424/4424/4424 4407/4407/4407
f 4348/4348/4348 4347/4347/4347 5359/5359/5359
f 4348/4348/4348 5359/5359/5359 5360/5360/5360
f 4334/4334/4334 4333/4333/4333 5345/5345/5345
f 4334/4334/4334 5345/5345/5345 5346/5346/5346
f 4321/4321/4321 4322/4322/4322 5334/5334/5334
f 4321/4321/4321 5334/5334/5334 5333/5333/5333
f 4347/4347/4347 4346/4346/4346 5358/5358/5358
f 4347/4347/4347 5358/5358/5358 5359/5359/5359
f 4320/4320/4320 4321/4321/4321 5333/5333/5333
f 4320/4320/4320 5333/5333/5333 5332/5332/5332
f 4346/4346/4346 4345/4345/4345 5357/5357/5357
f 4346/4346/4346 5357/5357/5357 5358/5358/5358
f 4319/4319/4319 4320/4320/4320 5332/5332/5332
f 4319/4319/4319 5332/5332/5332 5331/5331/5331
f 4345/4345/4345 4344/4344/4344 5356/5356/5356
f 4345/4345/4345 5356/5356/5356 5357/5357/5357
f 4318/4318/4318 4319/4319/4319 5331/5331/5331
f 4318/4318/4318 5331/5331/5331 5330/5330/5330
f 4344/4344/4344 4343/4343/4343 5355/5355/5355
f 4344/4344/4344 5355/5355/5355 5356/5356/5356
f 4331/4331/4331 4316/4316/4316 5329/5329/5329
f 4331/4331/4331 5329/5329/5329 5343/5343/5343
f 4317/4317/4317 4318/4318/4318 5330/5330/5330
f 4317/4317/4317 5330/5330/5330 5327/5327/5327
f 4343/4343/4343 4342/4342/4342 5354/5354/5354
f 4343/4343/4343 5354/5354/5354 5355/5355/5355
f 4330/4330/4330 4331/4331/4331 5343/5343/5343
f 4330/4330/4330 5343/5343/5343 5342/5342/5342
f 4315/4315/4315 4317/4317/4317 5327/5327/5327
f 4315/4315/4315 5327/5327/5327 5328/5328/5328
f 4342/4342/4342 4341/4341/4341 5353/5353/5353
f 4342/4342/4342 5353/5353/5353 5354/5354/5354
f 4329/4329/4329 4330/4330/4330 5342/5342/5342
f 4329/4329/4329 5342/5342/5342 5341/5341/5341
f 4341/4341/4341 4340/4340/4340 5352/5352/5352
f 4341/4341/4341 5352/5352/5352 5353/5353/5353
f 4328/4328/4328 4329/4329/4329 5341/5341/5341
f 4328/4328/4328 5341/5341/5341 5340/5340/5340
f 4340/4340/4340 4339/4339/4339 5351/5351/5351
f 4340/4340/4340 5351/5351/5351 5352/5352/5352
f 4327/4327/4327 4328/4328/4328 5340/5340/5340
f 4327/4327/4327 5340/5340/5340 5339/5339/5339
f 4339/4339/4339 4338/4338/4338 5350/5350/5350
f 4339/4339/4339 5350/5350/5350 5351/5351/5351
f 4326/4326/4326 4327/4327/4327 5339/5339/5339
f 4326/4326/4326 5339/5339/5339 5338/5338/5338
f 4338/4338/4338 4337/4337/4337 5349/5349/5349
f 4338/4338/4338 5349/5349/5349 5350/5350/5350
f 4325/4325/4325 4326/4326/4326 5338/5338/5338
f 4325/4325/4325 5338/5338/5338 5337/5337/5337
f 4337/4337/4337 4336/4336/4336 5348/5348/5348
f 4337/4337/4337 5348/5348/5348 5349/5349/5349
f 4324/4324/4324 4325/4325/4325 5337/5337/5337
f 4324/4324/4324 5337/5337/5337 5336/5336/5336
f 4336/4336/4336 4335/4335/4335 5347/5347/5347
f 4336/4336/4336 5347/5347/5347 5348/5348/5348
f 4323/4323/4323 4324/4324/4324 5336/5336/5336
f 4323/4323/4323 5336/5336/5336 5335/5335/5335
f 4332/4332/4332 4348/4348/4348 5360/5360/5360
f 4332/4332/4332 5360/5360/5360 5344/5344/5344
f 4335/4335/4335 4334/4334/4334 5346/5346/5346
f 4335/4335/4335 5346/5346/5346 5347/5347/5347
f 4322/4322/4322 4323/4323/4323 5335/5335/5335
f 4322/4322/4322 5335/5335/5335 5334/5334/5334
f 5367/5367/5367 4461/4461/4461 4460/4460/4460
f 5367/5367/5367 4460/4460/4460 5365/5365/5365
f 5362/5362/5362 4462/4462/4462 4461/4461/4461
f 5362/5362/5362 4461/4461/4461 5367/5367/5367
f 4471/4471/4471 4463/4463/4463 4462/4462/4462
f 4471/4471/4471 4462/4462/4462 5362/5362/5362
f 4472/4472/4472 4464/4464/4464 4463/4463/4463
f 4472/4472/4472 4463/4463/4463 4471/4471/4471
f 4473/4473/4473 4465/4465/4465 4464/4464/4464
f 4473/4473/4473 4464/4464/4464 4472/4472/4472
f 4474/4474/4474 4466/4466/4466 4465/4465/4465
f 4474/4474/4474 4465/4465/4465 4473/4473/4473
f 4475/4475/4475 4467/4467/4467 4466/4466/4466
f 4475/4475/4475 4466/4466/4466 4474/4474/4474
f 4476/4476/4476 4451/4451/4451 4467/4467/4467
f 4476/4476/4476 4467/4467/4467 4475/4475/4475
f 4478/4478/4478 4453/4453/4453 4452/4452/4452
f 4478/4478/4478 4452/4452/4452 4477/4477/4477
f 4479/4479/4479 4454/4454/4454 4453/4453/4453
f 4479/4479/4479 4453/4453/4453 4478/4478/4478
f 4480/4480/4480 4455/4455/4455 4454/4454/4454
f 4480/4480/4480 4454/4454/4454 4479/4479/4479
f 4481/4481/4481 4456/4456/4456 4455/4455/4455
f 4481/4481/4481 4455/4455/4455 4480/4480/4480
f 4482/4482/4482 4457/4457/4457 4456/4456/4456
f 4482/4482/4482 4456/4456/4456 4481/4481/4481
f 5364/5364/5364 4458/4458/4458 4457/4457/4457
f 5364/5364/5364 4457/4457/4457 4482/4482/4482
f 5366/5366/5366 4459/4459/4459 4458/4458/4458
f 5366/5366/5366 4458/4458/4458 5364/5364/5364
f 5365/5365/5365 4460/4460/4460 4459/4459/4459
f 5365/5365/5365 4459/4459/4459 5366/5366/5366
f 4542/4542/4542 4537/4537/4537 4508/4508/4508
f 4542/4542/4542 4508/4508/4508 4529/4529/4529
f 4536/4536/4536 4535/4535/4535 4502/4502/4502
f 4536/4536/4536 4502/4502/4502 4504/4504/4504
f 5363/5363/5363 5364/5364/5364 4482/4482/4482
f 5363/5363/5363 4482/4482/4482 4524/4524/4524
f 4524/4524/4524 4482/4482/4482 4481/4481/4481
f 4524/4524/4524 4481/4481/4481 4523/4523/4523
f 4523/4523/4523 4481/4481/4481 4480/4480/4480
f 4523/4523/4523 4480/4480/4480 4522/4522/4522
f 4522/4522/4522 4480/4480/4480 4479/4479/4479
f 4522/4522/4522 4479/4479/4479 4521/4521/4521
f 4521/4521/4521 4479/4479/4479 4478/4478/4478
f 4521/4521/4521 4478/4478/4478 4520/4520/4520
f 4520/4520/4520 4478/4478/4478 4477/4477/4477
f 4520/4520/4520 4477/4477/4477 4519/4519/4519
f 4518/4518/4518 4476/4476/4476 4475/4475/4475
f 4518/4518/4518 4475/4475/4475 4517/4517/4517
f 4517/4517/4517 4475/4475/4475 4474/4474/4474
f 4517/4517/4517 4474/4474/4474 4516/4516/4516
f 4516/4516/4516 4474/4474/4474 4473/4473/4473
f 4516/4516/4516 4473/4473/4473 4515/4515/4515
f 4515/4515/4515 4473/4473/4473 4472/4472/4472
f 4515/4515/4515 4472/4472/4472 4514/4514/4514
f 4514/4514/4514 4472/4472/4472 4471/4471/4471
f 4514/4514/4514 4471/4471/4471 4513/4513/4513
f 4513/4513/4513 4471/4471/4471 5362/5362/5362
f 4513/4513/4513 5362/5362/5362 5361/5361/5361
f 4534/4534/4534 4531/4531/4531 4505/4505/4505
f 4534/4534/4534 4505/4505/4505 4503/4503/4503
f 4532/4532/4532 4533/4533/4533 4509/4509/4509
f 4532/4532/4532 4509/4509/4509 4511/4511/4511
f 4444/4444/4444 5368/5368/5368 5369/5369/5369
f 4444/4444/4444 5369/5369/5369 4443/4443/4443
f 4445/4445/4445 5370/5370/5370 5368/5368/5368
f 4445/4445/4445 5368/5368/5368 4444/4444/4444
f 4446/4446/4446 4488/4488/4488 5370/5370/5370
f 4446/4446/4446 5370/5370/5370 4445/4445/4445
f 4447/4447/4447 4489/4489/4489 4488/4488/4488
f 4447/4447/4447 4488/4488/4488 4446/4446/4446
f 4448/4448/4448 4490/4490/4490 4489/4489/4489
f 4448/4448/4448 4489/4489/4489 4447/4447/4447
f 4449/4449/4449 4491/4491/4491 4490/4490/4490
f 4449/4449/4449 4490/4490/4490 4448/4448/4448
f 4450/4450/4450 4492/4492/4492 4491/4491/4491
f 4450/4450/4450 4491/4491/4491 4449/4449/4449
f 4435/4435/4435 4493/4493/4493 4492/4492/4492
f 4435/4435/4435 4492/4492/4492 4450/4450/4450
f 4434/4434/4434 4495/4495/4495 4494/4494/4494
f 4434/4434/4434 4494/4494/4494 4436/4436/4436
f 4437/4437/4437 4496/4496/4496 4495/4495/4495
f 4437/4437/4437 4495/4495/4495 4434/4434/4434
f 4438/4438/4438 4497/4497/4497 4496/4496/4496
f 4438/4438/4438 4496/4496/4496 4437/4437/4437
f 4439/4439/4439 4498/4498/4498 4497/4497/4497
f 4439/4439/4439 4497/4497/4497 4438/4438/4438
f 4440/4440/4440 4499/4499/4499 4498/4498/4498
f 4440/4440/4440 4498/4498/4498 4439/4439/4439
f 4441/4441/4441 5372/5372/5372 4499/4499/4499
f 4441/4441/4441 4499/4499/4499 4440/4440/4440
f 4442/4442/4442 5371/5371/5371 5372/5372/5372
f 4442/4442/4442 5372/5372/5372 4441/4441/4441
f 4443/4443/4443 5369/5369/5369 5371/5371/5371
f 4443/4443/4443 5371/5371/5371 4442/4442/4442
f 4527/4527/4527 4505/4505/4505 4511/4511/4511
f 4527/4527/4527 4511/4511/4511 4530/4530/4530
f 4530/4530/4530 4511/4511/4511 4509/4509/4509
f 4530/4530/4530 4509/4509/4509 4529/4529/4529
f 4528/4528/4528 4507/4507/4507 4503/4503/4503
f 4528/4528/4528 4503/4503/4503 4526/4526/4526
f 4526/4526/4526 4503/4503/4503 4505/4505/4505
f 4526/4526/4526 4505/4505/4505 4527/4527/4527
f 4537/4537/4537 4538/4538/4538 4510/4510/4510
f 4537/4537/4537 4510/4510/4510 4508/4508/4508
f 4535/4535/4535 4539/4539/4539 4506/4506/4506
f 4535/4535/4535 4506/4506/4506 4502/4502/4502
f 4538/4538/4538 4536/4536/4536 4504/4504/4504
f 4538/4538/4538 4504/4504/4504 4510/4510/4510
f 4541/4541/4541 4540/4540/4540 4507/4507/4507
f 4541/4541/4541 4507/4507/4507 4528/4528/4528
f 4531/4531/4531 4532/4532/4532 4511/4511/4511
f 4531/4531/4531 4511/4511/4511 4505/4505/4505
f 4540/4540/4540 4534/4534/4534 4503/4503/4503
f 4540/4540/4540 4503/4503/4503 4507/4507/4507
f 4539/4539/4539 4541/4541/4541 4528/4528/4528
f 4539/4539/4539 4528/4528/4528 4506/4506/4506
f 4502/4502/4502 4526/4526/4526 4527/4527/4527
f 4502/4502/4502 4527/4527/4527 4504/4504/4504
f 4506/4506/4506 4528/4528/4528 4526/4526/4526
f 4506/4506/4506 4526/4526/4526 4502/4502/4502
f 4510/4510/4510 4530/4530/4530 4529/4529/4529
f 4510/4510/4510 4529/4529/4529 4508/4508/4508
f 4504/4504/4504 4527/4527/4527 4530/4530/4530
f 4504/4504/4504 4530/4530/4530 4510/4510/4510
f 4488/4488/4488 4513/4513/4513 5361/5361/5361
f 4488/4488/4488 5361/5361/5361 5370/5370/5370
f 4489/4489/4489 4514/4514/4514 4513/4513/4513
f 4489/4489/4489 4513/4513/4513 4488/4488/4488
f 4490/4490/4490 4515/4515/4515 4514/4514/4514
f 4490/4490/4490 4514/4514/4514 4489/4489/4489
f 4491/4491/4491 4516/4516/4516 4515/4515/4515
f 4491/4491/4491 4515/4515/4515 4490/4490/4490
f 4492/4492/4492 4517/4517/4517 4516/4516/4516
f 4492/4492/4492 4516/4516/4516 4491/4491/4491
f 4493/4493/4493 4518/4518/4518 4517/4517/4517
f 4493/4493/4493 4517/4517/4517 4492/4492/4492
f 4495/4495/4495 4520/4520/4520 4519/4519/4519
f 4495/4495/4495 4519/4519/4519 4494/4494/4494
f 4496/4496/4496 4521/4521/4521 4520/4520/4520
f 4496/4496/4496 4520/4520/4520 4495/4495/4495
f 4497/4497/4497 4522/4522/4522 4521/4521/4521
f 4497/4497/4497 4521/4521/4521 4496/4496/4496
f 4498/4498/4498 4523/4523/4523 4522/4522/4522
f 4498/4498/4498 4522/4522/4522 4497/4497/4497
f 4499/4499/4499 4524/4524/4524 4523/4523/4523
f 4499/4499/4499 4523/4523/4523 4498/4498/4498
f 5372/5372/5372 5363/5363/5363 4524/4524/4524
f 5372/5372/5372 4524/4524/4524 4499/4499/4499
f 4533/4533/4533 4542/4542/4542 4529/4529/4529
f 4533/4533/4533 4529/4529/4529 4509/4509/4509
f 4487/4487/4487 4512/4512/4512 4541/4541/4541
f 4487/4487/4487 4541/4541/4541 4539/4539/4539
f 4470/4470/4470 4468/4468/4468 4534/4534/4534
f 4470/4470/4470 4534/4534/4534 4540/4540/4540
f 4469/4469/4469 4484/4484/4484 4532/4532/4532
f 4469/4469/4469 4532/4532/4532 4531/4531/4531
f 4512/4512/4512 4470/4470/4470 4540/4540/4540
f 4512/4512/4512 4540/4540/4540 4541/4541/4541
f 4501/4501/4501 4486/4486/4486 4536/4536/4536
f 4501/4501/4501 4536/4536/4536 4538/4538/4538
f 4485/4485/4485 4487/4487/4487 4539/4539/4539
f 4485/4485/4485 4539/4539/4539 4535/4535/4535
f 4500/4500/4500 4501/4501/4501 4538/4538/4538
f 4500/4500/4500 4538/4538/4538 4537/4537/4537
f 4484/4484/4484 4483/4483/4483 4533/4533/4533
f 4484/4484/4484 4533/4533/4533 4532/4532/4532
f 4468/4468/4468 4469/4469/4469 4531/4531/4531
f 4468/4468/4468 4531/4531/4531 4534/4534/4534
f 4486/4486/4486 4485/4485/4485 4535/4535/4535
f 4486/4486/4486 4535/4535/4535 4536/4536/4536
f 4525/4525/4525 4500/4500/4500 4537/4537/4537
f 4525/4525/4525 4537/4537/4537 4542/4542/4542
f 4483/4483/4483 4525/4525/4525 4542/4542/4542
f 4483/4483/4483 4542/4542/4542 4533/4533/4533
f 4546/4546/4546 4563/4563/4563 4562/4562/4562
f 4546/4546/4546 4562/4562/4562 4545/4545/4545
f 4559/4559/4559 4576/4576/4576 4575/4575/4575
f 4559/4559/4559 4575/4575/4575 4558/4558/4558
f 4545/4545/4545 4562/4562/4562 4560/4560/4560
f 4545/4545/4545 4560/4560/4560 4543/4543/4543
f 4558/4558/4558 4575/4575/4575 4574/4574/4574
f 4558/4558/4558 4574/4574/4574 4557/4557/4557
f 4557/4557/4557 4574/4574/4574 4573/4573/4573
f 4557/4557/4557 4573/4573/4573 4556/4556/4556
f 4556/4556/4556 4573/4573/4573 4572/4572/4572
f 4556/4556/4556 4572/4572/4572 4555/4555/4555
f 4555/4555/4555 4572/4572/4572 4571/4571/4571
f 4555/4555/4555 4571/4571/4571 4554/4554/4554
f 4554/4554/4554 4571/4571/4571 4570/4570/4570
f 4554/4554/4554 4570/4570/4570 4553/4553/4553
f 4615/4615/4615 4582/4582/4582 4581/4581/4581
f 4615/4615/4615 4581/4581/4581 4611/4611/4611
f 4616/4616/4616 4590/4590/4590 4589/4589/4589
f 4616/4616/4616 4589/4589/4589 4612/4612/4612
f 4617/4617/4617 4583/4583/4583 4582/4582/4582
f 4617/4617/4617 4582/4582/4582 4615/4615/4615
f 4618/4618/4618 4591/4591/4591 4590/4590/4590
f 4618/4618/4618 4590/4590/4590 4616/4616/4616
f 4619/4619/4619 4584/4584/4584 4583/4583/4583
f 4619/4619/4619 4583/4583/4583 4617/4617/4617
f 4620/4620/4620 4592/4592/4592 4591/4591/4591
f 4620/4620/4620 4591/4591/4591 4618/4618/4618
f 4621/4621/4621 4585/4585/4585 4584/4584/4584
f 4621/4621/4621 4584/4584/4584 4619/4619/4619
f 4622/4622/4622 4593/4593/4593 4592/4592/4592
f 4622/4622/4622 4592/4592/4592 4620/4620/4620
f 4623/4623/4623 4586/4586/4586 4585/4585/4585
f 4623/4623/4623 4585/4585/4585 4621/4621/4621
f 4624/4624/4624 4579/4579/4579 4577/4577/4577
f 4624/4624/4624 4577/4577/4577 4613/4613/4613
f 4614/4614/4614 4578/4578/4578 4593/4593/4593
f 4614/4614/4614 4593/4593/4593 4622/4622/4622
f 4625/4625/4625 4587/4587/4587 4586/4586/4586
f 4625/4625/4625 4586/4586/4586 4623/4623/4623
f 4626/4626/4626 4580/4580/4580 4579/4579/4579
f 4626/4626/4626 4579/4579/4579 4624/4624/4624
f 4627/4627/4627 4588/4588/4588 4587/4587/4587
f 4627/4627/4627 4587/4587/4587 4625/4625/4625
f 4611/4611/4611 4581/4581/4581 4580/4580/4580
f 4611/4611/4611 4580/4580/4580 4626/4626/4626
f 4612/4612/4612 4589/4589/4589 4588/4588/4588
f 4612/4612/4612 4588/4588/4588 4627/4627/4627
f 4544/4544/4544 4561/4561/4561 4576/4576/4576
f 4544/4544/4544 4576/4576/4576 4559/4559/4559
f 4547/4547/4547 4564/4564/4564 4563/4563/4563
f 4547/4547/4547 4563/4563/4563 4546/4546/4546
f 4548/4548/4548 4565/4565/4565 4564/4564/4564
f 4548/4548/4548 4564/4564/4564 4547/4547/4547
f 4549/4549/4549 4566/4566/4566 4565/4565/4565
f 4549/4549/4549 4565/4565/4565 4548/4548/4548
f 4550/4550/4550 4567/4567/4567 4566/4566/4566
f 4550/4550/4550 4566/4566/4566 4549/4549/4549
f 4551/4551/4551 4568/4568/4568 4567/4567/4567
f 4551/4551/4551 4567/4567/4567 4550/4550/4550
f 4552/4552/4552 4569/4569/4569 4568/4568/4568
f 4552/4552/4552 4568/4568/4568 4551/4551/4551
f 4553/4553/4553 4570/4570/4570 4569/4569/4569
f 4553/4553/4553 4569/4569/4569 4552/4552/4552
f 4572/4572/4572 5374/5374/5374 5373/5373/5373
f 4572/4572/4572 5373/5373/5373 4571/4571/4571
f 4564/4564/4564 5376/5376/5376 5375/5375/5375
f 4564/4564/4564 5375/5375/5375 4563/4563/4563
f 4571/4571/4571 5373/5373/5373 5377/5377/5377
f 4571/4571/4571 5377/5377/5377 4570/4570/4570
f 4563/4563/4563 5375/5375/5375 5378/5378/5378
f 4563/4563/4563 5378/5378/5378 4562/4562/4562
f 4570/4570/4570 5377/5377/5377 5379/5379/5379
f 4570/4570/4570 5379/5379/5379 4569/4569/4569
f 4561/4561/4561 5382/5382/5382 5380/5380/5380
f 4561/4561/4561 5380/5380/5380 4576/4576/4576
f 4562/4562/4562 5378/5378/5378 5381/5381/5381
f 4562/4562/4562 5381/5381/5381 4560/4560/4560
f 4569/4569/4569 5379/5379/5379 5383/5383/5383
f 4569/4569/4569 5383/5383/5383 4568/4568/4568
f 4576/4576/4576 5380/5380/5380 5384/5384/5384
f 4576/4576/4576 5384/5384/5384 4575/4575/4575
f 4568/4568/4568 5383/5383/5383 5385/5385/5385
f 4568/4568/4568 5385/5385/5385 4567/4567/4567
f 4575/4575/4575 5384/5384/5384 5386/5386/5386
f 4575/4575/4575 5386/5386/5386 4574/4574/4574
f 4567/4567/4567 5385/5385/5385 5387/5387/5387
f 4567/4567/4567 5387/5387/5387 4566/4566/4566
f 4574/4574/4574 5386/5386/5386 5388/5388/5388
f 4574/4574/4574 5388/5388/5388 4573/4573/4573
f 4566/4566/4566 5387/5387/5387 5389/5389/5389
f 4566/4566/4566 5389/5389/5389 4565/4565/4565
f 4573/4573/4573 5388/5388/5388 5374/5374/5374
f 4573/4573/4573 5374/5374/5374 4572/4572/4572
f 4565/4565/4565 5389/5389/5389 5376/5376/5376
f 4565/4565/4565 5376/5376/5376 4564/4564/4564
f 4597/4597/4597 4612/4612/4612 4627/4627/4627
f 4597/4597/4597 4627/4627/4627 4610/4610/4610
f 4595/4595/4595 4611/4611/4611 4626/4626/4626
f 4595/4595/4595 4626/4626/4626 4609/4609/4609
f 4610/4610/4610 4627/4627/4627 4625/4625/4625
f 4610/4610/4610 4625/4625/4625 4608/4608/4608
f 4609/4609/4609 4626/4626/4626 4624/4624/4624
f 4609/4609/4609 4624/4624/4624 4605/4605/4605
f 4608/4608/4608 4625/4625/4625 4623/4623/4623
f 4608/4608/4608 4623/4623/4623 4604/4604/4604
f 4607/4607/4607 4614/4614/4614 4622/4622/4622
f 4607/4607/4607 4622/4622/4622 4603/4603/4603
f 4605/4605/4605 4624/4624/4624 4613/4613/4613
f 4605/4605/4605 4613/4613/4613 4606/4606/4606
f 4604/4604/4604 4623/4623/4623 4621/4621/4621
f 4604/4604/4604 4621/4621/4621 4602/4602/4602
f 4603/4603/4603 4622/4622/4622 4620/4620/4620
f 4603/4603/4603 4620/4620/4620 4601/4601/4601
f 4602/4602/4602 4621/4621/4621 4619/4619/4619
f 4602/4602/4602 4619/4619/4619 4600/4600/4600
f 4601/4601/4601 4620/4620/4620 4618/4618/4618
f 4601/4601/4601 4618/4618/4618 4599/4599/4599
f 4600/4600/4600 4619/4619/4619 4617/4617/4617
f 4600/4600/4600 4617/4617/4617 4598/4598/4598
f 4599/4599/4599 4618/4618/4618 4616/4616/4616
f 4599/4599/4599 4616/4616/4616 4596/4596/4596
f 4598/4598/4598 4617/4617/4617 4615/4615/4615
f 4598/4598/4598 4615/4615/4615 4594/4594/4594
f 4596/4596/4596 4616/4616/4616 4612/4612/4612
f 4596/4596/4596 4612/4612/4612 4597/4597/4597
f 4594/4594/4594 4615/4615/4615 4611/4611/4611
f 4594/4594/4594 4611/4611/4611 4595/4595/4595
f 4651/4651/4651 4649/4649/4649 4673/4673/4673
f 4651/4651/4651 4673/4673/4673 4674/4674/4674
f 4637/4637/4637 4634/4634/4634 4665/4665/4665
f 4637/4637/4637 4665/4665/4665 4666/4666/4666
f 4653/4653/4653 4651/4651/4651 4674/4674/4674
f 4653/4653/4653 4674/4674/4674 4675/4675/4675
f 4639/4639/4639 4637/4637/4637 4666/4666/4666
f 4639/4639/4639 4666/4666/4666 4667/4667/4667
f 4655/4655/4655 4653/4653/4653 4675/4675/4675
f 4655/4655/4655 4675/4675/4675 4676/4676/4676
f 4641/4641/4641 4639/4639/4639 4667/4667/4667
f 4641/4641/4641 4667/4667/4667 4668/4668/4668
f 4657/4657/4657 4655/4655/4655 4676/4676/4676
f 4657/4657/4657 4676/4676/4676 4677/4677/4677
f 4644/4644/4644 4641/4641/4641 4668/4668/4668
f 4644/4644/4644 4668/4668/4668 4669/4669/4669
f 4628/4628/4628 4659/4659/4659 4678/4678/4678
f 4628/4628/4628 4678/4678/4678 4662/4662/4662
f 4660/4660/4660 4657/4657/4657 4677/4677/4677
f 4660/4660/4660 4677/4677/4677 4679/4679/4679
f 4646/4646/4646 4643/4643/4643 4670/4670/4670
f 4646/4646/4646 4670/4670/4670 4671/4671/4671
f 4630/4630/4630 4628/4628/4628 4662/4662/4662
f 4630/4630/4630 4662/4662/4662 4663/4663/4663
f 4647/4647/4647 4646/4646/4646 4671/4671/4671
f 4647/4647/4647 4671/4671/4671 4672/4672/4672
f 4632/4632/4632 4630/4630/4630 4663/4663/4663
f 4632/4632/4632 4663/4663/4663 4664/4664/4664
f 4649/4649/4649 4647/4647/4647 4672/4672/4672
f 4649/4649/4649 4672/4672/4672 4673/4673/4673
f 4634/4634/4634 4632/4632/4632 4664/4664/4664
f 4634/4634/4634 4664/4664/4664 4665/4665/4665
f 4742/4742/4742 4747/4747/4747 4688/4688/4688
f 4742/4742/4742 4688/4688/4688 4689/4689/4689
f 4748/4748/4748 4753/4753/4753 5394/5394/5394
f 4748/4748/4748 5394/5394/5394 5395/5395/5395
f 4754/4754/4754 4742/4742/4742 4689/4689/4689
f 4754/4754/4754 4689/4689/4689 5396/5396/5396
f 4757/4757/4757 4748/4748/4748 5395/5395/5395
f 4757/4757/4757 5395/5395/5395 4684/4684/4684
f 4760/4760/4760 4754/4754/4754 5396/5396/5396
f 4760/4760/4760 5396/5396/5396 5397/5397/5397
f 4763/4763/4763 4757/4757/4757 4684/4684/4684
f 4763/4763/4763 4684/4684/4684 4685/4685/4685
f 4766/4766/4766 4760/4760/4760 5397/5397/5397
f 4766/4766/4766 5397/5397/5397 5398/5398/5398
f 4769/4769/4769 4763/4763/4763 4685/4685/4685
f 4769/4769/4769 4685/4685/4685 4686/4686/4686
f 4772/4772/4772 4766/4766/4766 5398/5398/5398
f 4772/4772/4772 5398/5398/5398 5399/5399/5399
f 4775/4775/4775 4782/4782/4782 5390/5390/5390
f 4775/4775/4775 5390/5390/5390 5392/5392/5392
f 4783/4783/4783 4772/4772/4772 5399/5399/5399
f 4783/4783/4783 5399/5399/5399 5391/5391/5391
f 4787/4787/4787 4775/4775/4775 5392/5392/5392
f 4787/4787/4787 5392/5392/5392 5393/5393/5393
f 4747/4747/4747 4784/4784/4784 4687/4687/4687
f 4747/4747/4747 4687/4687/4687 4688/4688/4688
f 4753/4753/4753 4787/4787/4787 5393/5393/5393
f 4753/4753/4753 5393/5393/5393 5394/5394/5394
f 4687/4687/4687 4670/4670/4670 4700/4700/4700
f 4687/4687/4687 4700/4700/4700 4702/4702/4702
f 4686/4686/4686 4685/4685/4685 4698/4698/4698
f 4686/4686/4686 4698/4698/4698 4699/4699/4699
f 4684/4684/4684 5395/5395/5395 5400/5400/5400
f 4684/4684/4684 5400/5400/5400 4697/4697/4697
f 5396/5396/5396 4689/4689/4689 4704/4704/4704
f 5396/5396/5396 4704/4704/4704 5401/5401/5401
f 4688/4688/4688 4687/4687/4687 4702/4702/4702
f 4688/4688/4688 4702/4702/4702 4703/4703/4703
f 4669/4669/4669 4686/4686/4686 4699/4699/4699
f 4669/4669/4669 4699/4699/4699 4701/4701/4701
f 4685/4685/4685 4684/4684/4684 4697/4697/4697
f 4685/4685/4685 4697/4697/4697 4698/4698/4698
f 4689/4689/4689 4688/4688/4688 4703/4703/4703
f 4689/4689/4689 4703/4703/4703 4704/4704/4704
f 5401/5401/5401 4704/4704/4704 4714/4714/4714
f 5401/5401/5401 4714/4714/4714 5402/5402/5402
f 4703/4703/4703 4702/4702/4702 4712/4712/4712
f 4703/4703/4703 4712/4712/4712 4713/4713/4713
f 4701/4701/4701 4699/4699/4699 4709/4709/4709
f 4701/4701/4701 4709/4709/4709 4711/4711/4711
f 4698/4698/4698 4697/4697/4697 4707/4707/4707
f 4698/4698/4698 4707/4707/4707 4708/4708/4708
f 4704/4704/4704 4703/4703/4703 4713/4713/4713
f 4704/4704/4704 4713/4713/4713 4714/4714/4714
f 4702/4702/4702 4700/4700/4700 4710/4710/4710
f 4702/4702/4702 4710/4710/4710 4712/4712/4712
f 4699/4699/4699 4698/4698/4698 4708/4708/4708
f 4699/4699/4699 4708/4708/4708 4709/4709/4709
f 4697/4697/4697 5400/5400/5400 5403/5403/5403
f 4697/4697/4697 5403/5403/5403 4707/4707/4707
f 4711/4711/4711 4709/4709/4709 4719/4719/4719
f 4711/4711/4711 4719/4719/4719 4721/4721/4721
f 4708/4708/4708 4707/4707/4707 4717/4717/4717
f 4708/4708/4708 4717/4717/4717 4718/4718/4718
f 4714/4714/4714 4713/4713/4713 4723/4723/4723
f 4714/4714/4714 4723/4723/4723 4724/4724/4724
f 4712/4712/4712 4710/4710/4710 4720/4720/4720
f 4712/4712/4712 4720/4720/4720 4722/4722/4722
f 4709/4709/4709 4708/4708/4708 4718/4718/4718
f 4709/4709/4709 4718/4718/4718 4719/4719/4719
f 4707/4707/4707 5403/5403/5403 5404/5404/5404
f 4707/4707/4707 5404/5404/5404 4717/4717/4717
f 5402/5402/5402 4714/4714/4714 4724/4724/4724
f 5402/5402/5402 4724/4724/4724 5413/5413/5413
f 4713/4713/4713 4712/4712/4712 4722/4722/4722
f 4713/4713/4713 4722/4722/4722 4723/4723/4723
f 4724/4724/4724 4723/4723/4723 4731/4731/4731
f 4724/4724/4724 4731/4731/4731 4732/4732/4732
f 4722/4722/4722 4720/4720/4720 4729/4729/4729
f 4722/4722/4722 4729/4729/4729 4730/4730/4730
f 4719/4719/4719 4718/4718/4718 4726/4726/4726
f 4719/4719/4719 4726/4726/4726 4727/4727/4727
f 4723/4723/4723 4722/4722/4722 4730/4730/4730
f 4723/4723/4723 4730/4730/4730 4731/4731/4731
f 4721/4721/4721 4719/4719/4719 4727/4727/4727
f 4721/4721/4721 4727/4727/4727 4728/4728/4728
f 4718/4718/4718 4717/4717/4717 4725/4725/4725
f 4718/4718/4718 4725/4725/4725 4726/4726/4726
f 4727/4727/4727 4726/4726/4726 5406/5406/5406
f 4727/4727/4727 5406/5406/5406 5407/5407/5407
f 4731/4731/4731 4730/4730/4730 5410/5410/5410
f 4731/4731/4731 5410/5410/5410 5411/5411/5411
f 4728/4728/4728 4727/4727/4727 5407/5407/5407
f 4728/4728/4728 5407/5407/5407 5408/5408/5408
f 4726/4726/4726 4725/4725/4725 5405/5405/5405
f 4726/4726/4726 5405/5405/5405 5406/5406/5406
f 4732/4732/4732 4731/4731/4731 5411/5411/5411
f 4732/4732/4732 5411/5411/5411 5412/5412/5412
f 4730/4730/4730 4729/4729/4729 5409/5409/5409
f 4730/4730/4730 5409/5409/5409 5410/5410/5410
f 4664/4664/4664 4663/4663/4663 4789/4789/4789
f 4664/4664/4664 4789/4789/4789 4751/4751/4751
f 4751/4751/4751 4789/4789/4789 4788/4788/4788
f 4751/4751/4751 4788/4788/4788 4752/4752/4752
f 4752/4752/4752 4788/4788/4788 4787/4787/4787
f 4752/4752/4752 4787/4787/4787 4753/4753/4753
f 4672/4672/4672 4671/4671/4671 4786/4786/4786
f 4672/4672/4672 4786/4786/4786 4745/4745/4745
f 4745/4745/4745 4786/4786/4786 4785/4785/4785
f 4745/4745/4745 4785/4785/4785 4746/4746/4746
f 4746/4746/4746 4785/4785/4785 4784/4784/4784
f 4746/4746/4746 4784/4784/4784 4747/4747/4747
f 4663/4663/4663 4662/4662/4662 4777/4777/4777
f 4663/4663/4663 4777/4777/4777 4789/4789/4789
f 4789/4789/4789 4777/4777/4777 4776/4776/4776
f 4789/4789/4789 4776/4776/4776 4788/4788/4788
f 4788/4788/4788 4776/4776/4776 4775/4775/4775
f 4788/4788/4788 4775/4775/4775 4787/4787/4787
f 4679/4679/4679 4677/4677/4677 4774/4774/4774
f 4679/4679/4679 4774/4774/4774 4779/4779/4779
f 4779/4779/4779 4774/4774/4774 4773/4773/4773
f 4779/4779/4779 4773/4773/4773 4781/4781/4781
f 4781/4781/4781 4773/4773/4773 4772/4772/4772
f 4781/4781/4781 4772/4772/4772 4783/4783/4783
f 4662/4662/4662 4678/4678/4678 4778/4778/4778
f 4662/4662/4662 4778/4778/4778 4777/4777/4777
f 4777/4777/4777 4778/4778/4778 4780/4780/4780
f 4777/4777/4777 4780/4780/4780 4776/4776/4776
f 4776/4776/4776 4780/4780/4780 4782/4782/4782
f 4776/4776/4776 4782/4782/4782 4775/4775/4775
f 4677/4677/4677 4676/4676/4676 4768/4768/4768
f 4677/4677/4677 4768/4768/4768 4774/4774/4774
f 4774/4774/4774 4768/4768/4768 4767/4767/4767
f 4774/4774/4774 4767/4767/4767 4773/4773/4773
f 4773/4773/4773 4767/4767/4767 4766/4766/4766
f 4773/4773/4773 4766/4766/4766 4772/4772/4772
f 4668/4668/4668 4667/4667/4667 4765/4765/4765
f 4668/4668/4668 4765/4765/4765 4771/4771/4771
f 4771/4771/4771 4765/4765/4765 4764/4764/4764
f 4771/4771/4771 4764/4764/4764 4770/4770/4770
f 4770/4770/4770 4764/4764/4764 4763/4763/4763
f 4770/4770/4770 4763/4763/4763 4769/4769/4769
f 4676/4676/4676 4675/4675/4675 4762/4762/4762
f 4676/4676/4676 4762/4762/4762 4768/4768/4768
f 4768/4768/4768 4762/4762/4762 4761/4761/4761
f 4768/4768/4768 4761/4761/4761 4767/4767/4767
f 4767/4767/4767 4761/4761/4761 4760/4760/4760
f 4767/4767/4767 4760/4760/4760 4766/4766/4766
f 4667/4667/4667 4666/4666/4666 4759/4759/4759
f 4667/4667/4667 4759/4759/4759 4765/4765/4765
f 4765/4765/4765 4759/4759/4759 4758/4758/4758
f 4765/4765/4765 4758/4758/4758 4764/4764/4764
f 4764/4764/4764 4758/4758/4758 4757/4757/4757
f 4764/4764/4764 4757/4757/4757 4763/4763/4763
f 4675/4675/4675 4674/4674/4674 4756/4756/4756
f 4675/4675/4675 4756/4756/4756 4762/4762/4762
f 4762/4762/4762 4756/4756/4756 4755/4755/4755
f 4762/4762/4762 4755/4755/4755 4761/4761/4761
f 4761/4761/4761 4755/4755/4755 4754/4754/4754
f 4761/4761/4761 4754/4754/4754 4760/4760/4760
f 4666/4666/4666 4665/4665/4665 4750/4750/4750
f 4666/4666/4666 4750/4750/4750 4759/4759/4759
f 4759/4759/4759 4750/4750/4750 4749/4749/4749
f 4759/4759/4759 4749/4749/4749 4758/4758/4758
f 4758/4758/4758 4749/4749/4749 4748/4748/4748
f 4758/4758/4758 4748/4748/4748 4757/4757/4757
f 4674/4674/4674 4673/4673/4673 4744/4744/4744
f 4674/4674/4674 4744/4744/4744 4756/4756/4756
f 4756/4756/4756 4744/4744/4744 4743/4743/4743
f 4756/4756/4756 4743/4743/4743 4755/4755/4755
f 4755/4755/4755 4743/4743/4743 4742/4742/4742
f 4755/4755/4755 4742/4742/4742 4754/4754/4754
f 4665/4665/4665 4664/4664/4664 4751/4751/4751
f 4665/4665/4665 4751/4751/4751 4750/4750/4750
f 4750/4750/4750 4751/4751/4751 4752/4752/4752
f 4750/4750/4750 4752/4752/4752 4749/4749/4749
f 4749/4749/4749 4752/4752/4752 4753/4753/4753
f 4749/4749/4749 4753/4753/4753 4748/4748/4748
f 4673/4673/4673 4672/4672/4672 4745/4745/4745
f 4673/4673/4673 4745/4745/4745 4744/4744/4744
f 4744/4744/4744 4745/4745/4745 4746/4746/4746
f 4744/4744/4744 4746/4746/4746 4743/4743/4743
f 4743/4743/4743 4746/4746/4746 4747/4747/4747
f 4743/4743/4743 4747/4747/4747 4742/4742/4742
f 4691/4691/4691 4690/4690/4690 5420/5420/5420
f 4691/4691/4691 5420/5420/5420 5421/5421/5421
f 4741/4741/4741 4740/4740/4740 5436/5436/5436
f 4741/4741/4741 5436/5436/5436 5437/5437/5437
f 4683/4683/4683 4682/4682/4682 5418/5418/5418
f 4683/4683/4683 5418/5418/5418 5419/5419/5419
f 4740/4740/4740 4739/4739/4739 5435/5435/5435
f 4740/4740/4740 5435/5435/5435 5436/5436/5436
f 4690/4690/4690 4705/4705/4705 5425/5425/5425
f 4690/4690/4690 5425/5425/5425 5420/5420/5420
f 4682/4682/4682 4681/4681/4681 5417/5417/5417
f 4682/4682/4682 5417/5417/5417 5418/5418/5418
f 4739/4739/4739 4738/4738/4738 5434/5434/5434
f 4739/4739/4739 5434/5434/5434 5435/5435/5435
f 4681/4681/4681 4680/4680/4680 5416/5416/5416
f 4681/4681/4681 5416/5416/5416 5417/5417/5417
f 4733/4733/4733 4716/4716/4716 5428/5428/5428
f 4733/4733/4733 5428/5428/5428 5429/5429/5429
f 4738/4738/4738 4737/4737/4737 5433/5433/5433
f 4738/4738/4738 5433/5433/5433 5434/5434/5434
f 4694/4694/4694 4693/4693/4693 5423/5423/5423
f 4694/4694/4694 5423/5423/5423 5414/5414/5414
f 4680/4680/4680 4695/4695/4695 5415/5415/5415
f 4680/4680/4680 5415/5415/5415 5416/5416/5416
f 4736/4736/4736 4735/4735/4735 5431/5431/5431
f 4736/4736/4736 5431/5431/5431 5432/5432/5432
f 4696/4696/4696 4683/4683/4683 5419/5419/5419
f 4696/4696/4696 5419/5419/5419 5424/5424/5424
f 4693/4693/4693 4692/4692/4692 5422/5422/5422
f 4693/4693/4693 5422/5422/5422 5423/5423/5423
f 4705/4705/4705 4715/4715/4715 5426/5426/5426
f 4705/4705/4705 5426/5426/5426 5425/5425/5425
f 4735/4735/4735 4734/4734/4734 5430/5430/5430
f 4735/4735/4735 5430/5430/5430 5431/5431/5431
f 4716/4716/4716 4706/4706/4706 5427/5427/5427
f 4716/4716/4716 5427/5427/5427 5428/5428/5428
f 4706/4706/4706 4696/4696/4696 5424/5424/5424
f 4706/4706/4706 5424/5424/5424 5427/5427/5427
f 4692/4692/4692 4691/4691/4691 5421/5421/5421
f 4692/4692/4692 5421/5421/5421 5422/5422/5422
f 4715/4715/4715 4741/4741/4741 5437/5437/5437
f 4715/4715/4715 5437/5437/5437 5426/5426/5426
f 4734/4734/4734 4733/4733/4733 5429/5429/5429
f 4734/4734/4734 5429/5429/5429 5430/5430/5430
f 4654/4654/4654 4656/4656/4656 4803/4803/4803
f 4654/4654/4654 4803/4803/4803 4802/4802/4802
f 4638/4638/4638 4640/4640/4640 4796/4796/4796
f 4638/4638/4638 4796/4796/4796 4795/4795/4795
f 4656/4656/4656 4658/4658/4658 4804/4804/4804
f 4656/4656/4656 4804/4804/4804 4803/4803/4803
f 4640/4640/4640 4642/4642/4642 4797/4797/4797
f 4640/4640/4640 4797/4797/4797 4796/4796/4796
f 4661/4661/4661 4629/4629/4629 4790/4790/4790
f 4661/4661/4661 4790/4790/4790 4805/4805/4805
f 4658/4658/4658 4661/4661/4661 4805/4805/4805
f 4658/4658/4658 4805/4805/4805 4804/4804/4804
f 4642/4642/4642 4645/4645/4645 4798/4798/4798
f 4642/4642/4642 4798/4798/4798 4797/4797/4797
f 4629/4629/4629 4631/4631/4631 4791/4791/4791
f 4629/4629/4629 4791/4791/4791 4790/4790/4790
f 4645/4645/4645 4648/4648/4648 4799/4799/4799
f 4645/4645/4645 4799/4799/4799 4798/4798/4798
f 4631/4631/4631 4633/4633/4633 4792/4792/4792
f 4631/4631/4631 4792/4792/4792 4791/4791/4791
f 4648/4648/4648 4650/4650/4650 4800/4800/4800
f 4648/4648/4648 4800/4800/4800 4799/4799/4799
f 4633/4633/4633 4635/4635/4635 4793/4793/4793
f 4633/4633/4633 4793/4793/4793 4792/4792/4792
f 4650/4650/4650 4652/4652/4652 4801/4801/4801
f 4650/4650/4650 4801/4801/4801 4800/4800/4800
f 4635/4635/4635 4636/4636/4636 4794/4794/4794
f 4635/4635/4635 4794/4794/4794 4793/4793/4793
f 4652/4652/4652 4654/4654/4654 4802/4802/4802
f 4652/4652/4652 4802/4802/4802 4801/4801/4801
f 4636/4636/4636 4638/4638/4638 4795/4795/4795
f 4636/4636/4636 4795/4795/4795 4794/4794/4794
f 4826/4826/4826 4824/4824/4824 5455/5455/5455
f 4826/4826/4826 5455/5455/5455 5457/5457/5457
f 4809/4809/4809 4807/4807/4807 5438/5438/5438
f 4809/4809/4809 5438/5438/5438 5440/5440/5440
f 4808/4808/4808 4816/4816/4816 5447/5447/5447
f 4808/4808/4808 5447/5447/5447 5439/5439/5439
f 4827/4827/4827 4825/4825/4825 5456/5456/5456
f 4827/4827/4827 5456/5456/5456 5458/5458/5458
f 4822/4822/4822 4821/4821/4821 5452/5452/5452
f 4822/4822/4822 5452/5452/5452 5453/5453/5453
f 4810/4810/4810 4809/4809/4809 5440/5440/5440
f 4810/4810/4810 5440/5440/5440 5441/5441/5441
f 4828/4828/4828 4827/4827/4827 5458/5458/5458
f 4828/4828/4828 5458/5458/5458 5459/5459/5459
f 4811/4811/4811 4810/4810/4810 5441/5441/5441
f 4811/4811/4811 5441/5441/5441 5442/5442/5442
f 4813/4813/4813 4818/4818/4818 5449/5449/5449
f 4813/4813/4813 5449/5449/5449 5444/5444/5444
f 4829/4829/4829 4828/4828/4828 5459/5459/5459
f 4829/4829/4829 5459/5459/5459 5460/5460/5460
f 4812/4812/4812 4811/4811/4811 5442/5442/5442
f 4812/4812/4812 5442/5442/5442 5443/5443/5443
f 4830/4830/4830 4829/4829/4829 5460/5460/5460
f 4830/4830/4830 5460/5460/5460 5461/5461/5461
f 4814/4814/4814 4813/4813/4813 5444/5444/5444
f 4814/4814/4814 5444/5444/5444 5445/5445/5445
f 4823/4823/4823 4822/4822/4822 5453/5453/5453
f 4823/4823/4823 5453/5453/5453 5454/5454/5454
f 4819/4819/4819 4830/4830/4830 5461/5461/5461
f 4819/4819/4819 5461/5461/5461 5450/5450/5450
f 4815/4815/4815 4814/4814/4814 5445/5445/5445
f 4815/4815/4815 5445/5445/5445 5446/5446/5446
f 4820/4820/4820 4817/4817/4817 5448/5448/5448
f 4820/4820/4820 5448/5448/5448 5451/5451/5451
f 4821/4821/4821 4820/4820/4820 5451/5451/5451
f 4821/4821/4821 5451/5451/5451 5452/5452/5452
f 4824/4824/4824 4823/4823/4823 5454/5454/5454
f 4824/4824/4824 5454/5454/5454 5455/5455/5455
f 4818/4818/4818 4819/4819/4819 5450/5450/5450
f 4818/4818/4818 5450/5450/5450 5449/5449/5449
f 4816/4816/4816 4815/4815/4815 5446/5446/5446
f 4816/4816/4816 5446/5446/5446 5447/5447/5447
f 4817/4817/4817 4812/4812/4812 5443/5443/5443
f 4817/4817/4817 5443/5443/5443 5448/5448/5448
f 4846/4846/4846 4850/4850/4850 4849/4849/4849
f 4846/4846/4846 4849/4849/4849 4847/4847/4847
f 4845/4845/4845 4851/4851/4851 4850/4850/4850
f 4845/4845/4845 4850/4850/4850 4846/4846/4846
f 4851/4851/4851 4845/4845/4845 4844/4844/4844
f 4851/4851/4851 4844/4844/4844 4852/4852/4852
f 4843/4843/4843 4842/4842/4842 4852/4852/4852
f 4843/4843/4843 4852/4852/4852 4844/4844/4844
f 4842/4842/4842 4843/4843/4843 4840/4840/4840
f 4842/4842/4842 4840/4840/4840 4841/4841/4841
f 4835/4835/4835 4836/4836/4836 4841/4841/4841
f 4835/4835/4835 4841/4841/4841 4840/4840/4840
f 4834/4834/4834 4837/4837/4837 4836/4836/4836
f 4834/4834/4834 4836/4836/4836 4835/4835/4835
f 4833/4833/4833 4838/4838/4838 4837/4837/4837
f 4833/4833/4833 4837/4837/4837 4834/4834/4834
f 4832/4832/4832 4839/4839/4839 4838/4838/4838
f 4832/4832/4832 4838/4838/4838 4833/4833/4833
f 3504/3504/3504 3511/3511/3511 3508/3508/3508
f 3504/3504/3504 3508/3508/3508 3501/3501/3501
f 3223/3223/3223 3258/3258/3258 3246/3246/3246
f 3223/3223/3223 3246/3246/3246 3198/3198/3198
f 3102/3102/3102 3164/3164/3164 3151/3151/3151
f 3102/3102/3102 3151/3151/3151 3107/3107/3107
